2026-06-23 15:14:16,311 | INFO | Columns found: ['Case ID']
2026-06-23 15:14:16,315 | INFO | Loaded 1213 Case IDs from data\input\case_ids.xlsx
2026-06-23 15:14:18,322 | INFO | 
===== 1/1213 =====
2026-06-23 15:14:18,322 | INFO | 
Scraping Case ID: 2510T0001
2026-06-23 15:14:18,323 | INFO | Attempt 1/2
2026-06-23 15:14:18,323 | INFO | Opening main page...
2026-06-23 15:14:22,074 | INFO | Main page URL: https://fjdefile.phila.gov/efsfjd/zk_fjd_public_qry_00.zp_main_idx?uid=z9nVOkiOBIolqsSYDxam&o=Get6FUbhXxozKg8
2026-06-23 15:14:23,176 | INFO | Search page URL: https://fjdefile.phila.gov/efsfjd/zk_fjd_public_qry_03.zp_dktrpt_setup_idx?uid=z9nVOkiOBIolqsSYDxam&o=Dbt9IU8eX!rzHdb
2026-06-23 15:14:23,176 | INFO | Filling Case ID: 2510T0001
2026-06-23 15:14:23,406 | INFO | Submitting search...
2026-06-23 15:14:26,281 | INFO | Result URL: https://fjdefile.phila.gov/efsfjd/zk_fjd_public_qry_03.zp_dktrpt_search
2026-06-23 15:14:26,389 | INFO | Progress saved to: data\output\cases_results.xlsx
2026-06-23 15:14:26,389 | INFO | Waiting 2s before next case...
2026-06-23 15:14:28,390 | INFO | 
===== 2/1213 =====
2026-06-23 15:14:28,390 | INFO | 
Scraping Case ID: 2510T0002
2026-06-23 15:14:28,391 | INFO | Attempt 1/2
2026-06-23 15:14:28,391 | INFO | Opening main page...
2026-06-23 15:14:29,709 | INFO | Main page URL: https://fjdefile.phila.gov/efsfjd/zk_fjd_public_qry_00.zp_main_idx
2026-06-23 15:14:30,202 | INFO | Search page URL: https://fjdefile.phila.gov/efsfjd/zk_fjd_public_qry_03.zp_dktrpt_setup_idx?uid=z9nVOkiOBIolqsSYDxam&o=Dbt9IU8eX!rzHdb
2026-06-23 15:14:30,203 | INFO | Filling Case ID: 2510T0002
2026-06-23 15:14:30,349 | INFO | Submitting search...
2026-06-23 15:14:33,146 | INFO | Result URL: https://fjdefile.phila.gov/efsfjd/zk_fjd_public_qry_03.zp_dktrpt_search
2026-06-23 15:14:33,227 | INFO | Progress saved to: data\output\cases_results.xlsx
2026-06-23 15:14:33,229 | INFO | Waiting 2s before next case...
2026-06-23 15:14:35,230 | INFO | 
===== 3/1213 =====
2026-06-23 15:14:35,231 | INFO | 
Scraping Case ID: 2510T0003
2026-06-23 15:14:35,231 | INFO | Attempt 1/2
2026-06-23 15:14:35,231 | INFO | Opening main page...
2026-06-23 15:14:36,560 | INFO | Main page URL: https://fjdefile.phila.gov/efsfjd/zk_fjd_public_qry_00.zp_main_idx
2026-06-23 15:14:36,935 | INFO | Search page URL: https://fjdefile.phila.gov/efsfjd/zk_fjd_public_qry_03.zp_dktrpt_setup_idx?uid=z9nVOkiOBIolqsSYDxam&o=Dbt9IU8eX!rzHdb
2026-06-23 15:14:36,935 | INFO | Filling Case ID: 2510T0003
2026-06-23 15:14:37,049 | INFO | Submitting search...
2026-06-23 15:14:39,129 | INFO | Result URL: https://fjdefile.phila.gov/efsfjd/zk_fjd_public_qry_03.zp_dktrpt_search
2026-06-23 15:14:39,172 | INFO | Progress saved to: data\output\cases_results.xlsx
2026-06-23 15:14:39,172 | INFO | Waiting 2s before next case...
2026-06-23 15:14:41,173 | INFO | 
===== 4/1213 =====
2026-06-23 15:14:41,174 | INFO | 
Scraping Case ID: 2510T0004
2026-06-23 15:14:41,174 | INFO | Attempt 1/2
2026-06-23 15:14:41,174 | INFO | Opening main page...
2026-06-23 15:14:42,494 | INFO | Main page URL: https://fjdefile.phila.gov/efsfjd/zk_fjd_public_qry_00.zp_main_idx
2026-06-23 15:14:42,979 | INFO | Search page URL: https://fjdefile.phila.gov/efsfjd/zk_fjd_public_qry_03.zp_dktrpt_setup_idx?uid=z9nVOkiOBIolqsSYDxam&o=Dbt9IU8eX!rzHdb
2026-06-23 15:14:42,979 | INFO | Filling Case ID: 2510T0004
2026-06-23 15:14:43,102 | INFO | Submitting search...
2026-06-23 15:14:45,206 | INFO | Result URL: https://fjdefile.phila.gov/efsfjd/zk_fjd_public_qry_03.zp_dktrpt_search
2026-06-23 15:14:45,340 | INFO | Progress saved to: data\output\cases_results.xlsx
2026-06-23 15:14:45,340 | INFO | Waiting 2s before next case...
2026-06-23 15:14:47,341 | INFO | 
===== 5/1213 =====
2026-06-23 15:14:47,342 | INFO | 
Scraping Case ID: 2510T0005
2026-06-23 15:14:47,342 | INFO | Attempt 1/2
2026-06-23 15:14:47,342 | INFO | Opening main page...
2026-06-23 15:14:48,664 | INFO | Main page URL: https://fjdefile.phila.gov/efsfjd/zk_fjd_public_qry_00.zp_main_idx
2026-06-23 15:14:49,045 | INFO | Search page URL: https://fjdefile.phila.gov/efsfjd/zk_fjd_public_qry_03.zp_dktrpt_setup_idx?uid=z9nVOkiOBIolqsSYDxam&o=Dbt9IU8eX!rzHdb
2026-06-23 15:14:49,046 | INFO | Filling Case ID: 2510T0005
2026-06-23 15:14:49,183 | INFO | Submitting search...
2026-06-23 15:14:51,575 | INFO | Result URL: https://fjdefile.phila.gov/efsfjd/zk_fjd_public_qry_03.zp_dktrpt_search
2026-06-23 15:14:51,657 | INFO | Progress saved to: data\output\cases_results.xlsx
2026-06-23 15:14:51,658 | INFO | Waiting 2s before next case...
2026-06-23 15:14:53,658 | INFO | 
===== 6/1213 =====
2026-06-23 15:14:53,659 | INFO | 
Scraping Case ID: 2510T0006
2026-06-23 15:14:53,659 | INFO | Attempt 1/2
2026-06-23 15:14:53,659 | INFO | Opening main page...
2026-06-23 15:14:55,109 | INFO | Main page URL: https://fjdefile.phila.gov/efsfjd/zk_fjd_public_qry_00.zp_main_idx
2026-06-23 15:14:55,543 | INFO | Search page URL: https://fjdefile.phila.gov/efsfjd/zk_fjd_public_qry_03.zp_dktrpt_setup_idx?uid=z9nVOkiOBIolqsSYDxam&o=Dbt9IU8eX!rzHdb
2026-06-23 15:14:55,544 | INFO | Filling Case ID: 2510T0006
2026-06-23 15:14:55,683 | INFO | Submitting search...
2026-06-23 15:14:57,868 | INFO | Result URL: https://fjdefile.phila.gov/efsfjd/zk_fjd_public_qry_03.zp_dktrpt_search
2026-06-23 15:14:57,926 | INFO | Progress saved to: data\output\cases_results.xlsx
2026-06-23 15:14:57,926 | INFO | Waiting 2s before next case...
2026-06-23 15:14:59,927 | INFO | 
===== 7/1213 =====
2026-06-23 15:14:59,928 | INFO | 
Scraping Case ID: 2510T0007
2026-06-23 15:14:59,928 | INFO | Attempt 1/2
2026-06-23 15:14:59,928 | INFO | Opening main page...
2026-06-23 15:15:01,252 | INFO | Main page URL: https://fjdefile.phila.gov/efsfjd/zk_fjd_public_qry_00.zp_main_idx
2026-06-23 15:15:01,634 | INFO | Search page URL: https://fjdefile.phila.gov/efsfjd/zk_fjd_public_qry_03.zp_dktrpt_setup_idx?uid=z9nVOkiOBIolqsSYDxam&o=Dbt9IU8eX!rzHdb
2026-06-23 15:15:01,635 | INFO | Filling Case ID: 2510T0007
2026-06-23 15:15:01,750 | INFO | Submitting search...
2026-06-23 15:15:04,830 | INFO | Result URL: https://fjdefile.phila.gov/efsfjd/zk_fjd_public_qry_03.zp_dktrpt_search
2026-06-23 15:15:04,886 | INFO | Progress saved to: data\output\cases_results.xlsx
2026-06-23 15:15:04,886 | INFO | Waiting 2s before next case...
2026-06-23 15:15:06,887 | INFO | 
===== 8/1213 =====
2026-06-23 15:15:06,888 | INFO | 
Scraping Case ID: 2510T0008
2026-06-23 15:15:06,888 | INFO | Attempt 1/2
2026-06-23 15:15:06,888 | INFO | Opening main page...
2026-06-23 15:15:08,231 | INFO | Main page URL: https://fjdefile.phila.gov/efsfjd/zk_fjd_public_qry_00.zp_main_idx
2026-06-23 15:15:08,595 | INFO | Search page URL: https://fjdefile.phila.gov/efsfjd/zk_fjd_public_qry_03.zp_dktrpt_setup_idx?uid=z9nVOkiOBIolqsSYDxam&o=Dbt9IU8eX!rzHdb
2026-06-23 15:15:08,596 | INFO | Filling Case ID: 2510T0008
2026-06-23 15:15:08,717 | INFO | Submitting search...
2026-06-23 15:15:10,359 | INFO | Result URL: https://fjdefile.phila.gov/efsfjd/zk_fjd_public_qry_03.zp_dktrpt_search
2026-06-23 15:15:10,430 | INFO | Progress saved to: data\output\cases_results.xlsx
2026-06-23 15:15:10,431 | INFO | Waiting 2s before next case...
2026-06-23 15:15:12,432 | INFO | 
===== 9/1213 =====
2026-06-23 15:15:12,432 | INFO | 
Scraping Case ID: 2510T0009
2026-06-23 15:15:12,433 | INFO | Attempt 1/2
2026-06-23 15:15:12,433 | INFO | Opening main page...
2026-06-23 15:15:13,817 | INFO | Main page URL: https://fjdefile.phila.gov/efsfjd/zk_fjd_public_qry_00.zp_main_idx
2026-06-23 15:15:14,198 | INFO | Search page URL: https://fjdefile.phila.gov/efsfjd/zk_fjd_public_qry_03.zp_dktrpt_setup_idx?uid=z9nVOkiOBIolqsSYDxam&o=Dbt9IU8eX!rzHdb
2026-06-23 15:15:14,198 | INFO | Filling Case ID: 2510T0009
2026-06-23 15:15:14,317 | INFO | Submitting search...
2026-06-23 15:15:15,929 | INFO | Result URL: https://fjdefile.phila.gov/efsfjd/zk_fjd_public_qry_03.zp_dktrpt_search
2026-06-23 15:15:15,995 | INFO | Progress saved to: data\output\cases_results.xlsx
2026-06-23 15:15:15,995 | INFO | Waiting 2s before next case...
2026-06-23 15:15:17,996 | INFO | 
===== 10/1213 =====
2026-06-23 15:15:17,996 | INFO | 
Scraping Case ID: 2510T0010
2026-06-23 15:15:17,996 | INFO | Attempt 1/2
2026-06-23 15:15:17,996 | INFO | Opening main page...
2026-06-23 15:15:19,436 | INFO | Main page URL: https://fjdefile.phila.gov/efsfjd/zk_fjd_public_qry_00.zp_main_idx
2026-06-23 15:15:19,888 | INFO | Search page URL: https://fjdefile.phila.gov/efsfjd/zk_fjd_public_qry_03.zp_dktrpt_setup_idx?uid=z9nVOkiOBIolqsSYDxam&o=Dbt9IU8eX!rzHdb
2026-06-23 15:15:19,889 | INFO | Filling Case ID: 2510T0010
2026-06-23 15:15:20,011 | INFO | Submitting search...
2026-06-23 15:15:22,631 | INFO | Result URL: https://fjdefile.phila.gov/efsfjd/zk_fjd_public_qry_03.zp_dktrpt_search
2026-06-23 15:15:22,690 | INFO | Progress saved to: data\output\cases_results.xlsx
2026-06-23 15:15:22,690 | INFO | Waiting 2s before next case...
2026-06-23 15:15:24,691 | INFO | 
===== 11/1213 =====
2026-06-23 15:15:24,691 | INFO | 
Scraping Case ID: 2510T0011
2026-06-23 15:15:24,691 | INFO | Attempt 1/2
2026-06-23 15:15:24,691 | INFO | Opening main page...
2026-06-23 15:15:26,030 | INFO | Main page URL: https://fjdefile.phila.gov/efsfjd/zk_fjd_public_qry_00.zp_main_idx
2026-06-23 15:15:26,511 | INFO | Search page URL: https://fjdefile.phila.gov/efsfjd/zk_fjd_public_qry_03.zp_dktrpt_setup_idx?uid=z9nVOkiOBIolqsSYDxam&o=Dbt9IU8eX!rzHdb
2026-06-23 15:15:26,512 | INFO | Filling Case ID: 2510T0011
2026-06-23 15:15:26,647 | INFO | Submitting search...
2026-06-23 15:15:28,934 | INFO | Result URL: https://fjdefile.phila.gov/efsfjd/zk_fjd_public_qry_03.zp_dktrpt_search
2026-06-23 15:15:29,017 | INFO | Progress saved to: data\output\cases_results.xlsx
2026-06-23 15:15:29,018 | INFO | Waiting 2s before next case...
2026-06-23 15:15:31,019 | INFO | 
===== 12/1213 =====
2026-06-23 15:15:31,019 | INFO | 
Scraping Case ID: 2510T0012
2026-06-23 15:15:31,019 | INFO | Attempt 1/2
2026-06-23 15:15:31,020 | INFO | Opening main page...
2026-06-23 15:15:32,454 | INFO | Main page URL: https://fjdefile.phila.gov/efsfjd/zk_fjd_public_qry_00.zp_main_idx
2026-06-23 15:15:32,906 | INFO | Search page URL: https://fjdefile.phila.gov/efsfjd/zk_fjd_public_qry_03.zp_dktrpt_setup_idx?uid=z9nVOkiOBIolqsSYDxam&o=Dbt9IU8eX!rzHdb
2026-06-23 15:15:32,907 | INFO | Filling Case ID: 2510T0012
2026-06-23 15:15:33,056 | INFO | Submitting search...
2026-06-23 15:15:35,200 | INFO | Result URL: https://fjdefile.phila.gov/efsfjd/zk_fjd_public_qry_03.zp_dktrpt_search
2026-06-23 15:15:35,448 | INFO | Progress saved to: data\output\cases_results.xlsx
2026-06-23 15:15:35,450 | INFO | Waiting 2s before next case...
2026-06-23 15:15:37,452 | INFO | 
===== 13/1213 =====
2026-06-23 15:15:37,453 | INFO | 
Scraping Case ID: 2510T0013
2026-06-23 15:15:37,453 | INFO | Attempt 1/2
2026-06-23 15:15:37,453 | INFO | Opening main page...
2026-06-23 15:15:38,875 | INFO | Main page URL: https://fjdefile.phila.gov/efsfjd/zk_fjd_public_qry_00.zp_main_idx
2026-06-23 15:15:39,371 | INFO | Search page URL: https://fjdefile.phila.gov/efsfjd/zk_fjd_public_qry_03.zp_dktrpt_setup_idx?uid=z9nVOkiOBIolqsSYDxam&o=Dbt9IU8eX!rzHdb
2026-06-23 15:15:39,371 | INFO | Filling Case ID: 2510T0013
2026-06-23 15:15:39,528 | INFO | Submitting search...
2026-06-23 15:15:41,744 | INFO | Result URL: https://fjdefile.phila.gov/efsfjd/zk_fjd_public_qry_03.zp_dktrpt_search
2026-06-23 15:15:41,825 | INFO | Progress saved to: data\output\cases_results.xlsx
2026-06-23 15:15:41,825 | INFO | Waiting 2s before next case...
2026-06-23 15:15:43,827 | INFO | 
===== 14/1213 =====
2026-06-23 15:15:43,830 | INFO | 
Scraping Case ID: 2510T0014
2026-06-23 15:15:43,830 | INFO | Attempt 1/2
2026-06-23 15:15:43,830 | INFO | Opening main page...
2026-06-23 15:15:45,227 | INFO | Main page URL: https://fjdefile.phila.gov/efsfjd/zk_fjd_public_qry_00.zp_main_idx
2026-06-23 15:15:45,862 | INFO | Search page URL: https://fjdefile.phila.gov/efsfjd/zk_fjd_public_qry_03.zp_dktrpt_setup_idx?uid=z9nVOkiOBIolqsSYDxam&o=Dbt9IU8eX!rzHdb
2026-06-23 15:15:45,862 | INFO | Filling Case ID: 2510T0014
2026-06-23 15:15:46,012 | INFO | Submitting search...
2026-06-23 15:15:48,707 | INFO | Result URL: https://fjdefile.phila.gov/efsfjd/zk_fjd_public_qry_03.zp_dktrpt_search
2026-06-23 15:15:48,863 | INFO | Progress saved to: data\output\cases_results.xlsx
2026-06-23 15:15:48,868 | INFO | Waiting 2s before next case...
2026-06-23 15:15:50,870 | INFO | 
===== 15/1213 =====
2026-06-23 15:15:50,870 | INFO | 
Scraping Case ID: 2510T0015
2026-06-23 15:15:50,870 | INFO | Attempt 1/2
2026-06-23 15:15:50,871 | INFO | Opening main page...
2026-06-23 15:15:52,311 | INFO | Main page URL: https://fjdefile.phila.gov/efsfjd/zk_fjd_public_qry_00.zp_main_idx
2026-06-23 15:15:52,952 | INFO | Search page URL: https://fjdefile.phila.gov/efsfjd/zk_fjd_public_qry_03.zp_dktrpt_setup_idx?uid=z9nVOkiOBIolqsSYDxam&o=Dbt9IU8eX!rzHdb
2026-06-23 15:15:52,953 | INFO | Filling Case ID: 2510T0015
2026-06-23 15:15:53,111 | INFO | Submitting search...
2026-06-23 15:15:56,014 | INFO | Result URL: https://fjdefile.phila.gov/efsfjd/zk_fjd_public_qry_03.zp_dktrpt_search
2026-06-23 15:15:56,110 | INFO | Progress saved to: data\output\cases_results.xlsx
2026-06-23 15:15:56,110 | INFO | Waiting 2s before next case...
2026-06-23 15:15:58,111 | INFO | 
===== 16/1213 =====
2026-06-23 15:15:58,111 | INFO | 
Scraping Case ID: 2510T0016
2026-06-23 15:15:58,111 | INFO | Attempt 1/2
2026-06-23 15:15:58,111 | INFO | Opening main page...
2026-06-23 15:15:59,448 | INFO | Main page URL: https://fjdefile.phila.gov/efsfjd/zk_fjd_public_qry_00.zp_main_idx
2026-06-23 15:16:00,002 | INFO | Search page URL: https://fjdefile.phila.gov/efsfjd/zk_fjd_public_qry_03.zp_dktrpt_setup_idx?uid=z9nVOkiOBIolqsSYDxam&o=Dbt9IU8eX!rzHdb
2026-06-23 15:16:00,003 | INFO | Filling Case ID: 2510T0016
2026-06-23 15:16:00,176 | INFO | Submitting search...
2026-06-23 15:16:03,162 | INFO | Result URL: https://fjdefile.phila.gov/efsfjd/zk_fjd_public_qry_03.zp_dktrpt_search
2026-06-23 15:16:03,259 | INFO | Progress saved to: data\output\cases_results.xlsx
2026-06-23 15:16:03,259 | INFO | Waiting 2s before next case...
2026-06-23 15:16:05,260 | INFO | 
===== 17/1213 =====
2026-06-23 15:16:05,260 | INFO | 
Scraping Case ID: 2510T0017
2026-06-23 15:16:05,261 | INFO | Attempt 1/2
2026-06-23 15:16:05,261 | INFO | Opening main page...
2026-06-23 15:16:06,683 | INFO | Main page URL: https://fjdefile.phila.gov/efsfjd/zk_fjd_public_qry_00.zp_main_idx
2026-06-23 15:16:07,251 | INFO | Search page URL: https://fjdefile.phila.gov/efsfjd/zk_fjd_public_qry_03.zp_dktrpt_setup_idx?uid=z9nVOkiOBIolqsSYDxam&o=Dbt9IU8eX!rzHdb
2026-06-23 15:16:07,251 | INFO | Filling Case ID: 2510T0017
2026-06-23 15:16:07,449 | INFO | Submitting search...
2026-06-23 15:16:52,713 | INFO | Timeout waiting for result. Current URL: https://fjdefile.phila.gov/efsfjd/zk_fjd_public_qry_00.zp_main_idx?uid=z9nVOkiOBIolqsSYDxam&o=Get6FUbhXxozKg8
2026-06-23 15:16:52,983 | INFO | Debug saved: screenshots\redirected_main_page_2510T0017_20260623_151652.png
2026-06-23 15:16:52,984 | INFO | HTML saved: screenshots\redirected_main_page_2510T0017_20260623_151652.html
2026-06-23 15:16:52,984 | INFO | Attempt failed: Redirected to main page instead of result page
2026-06-23 15:16:52,984 | INFO | Waiting 2s before retry...
2026-06-23 15:16:54,985 | INFO | Attempt 2/2
2026-06-23 15:16:54,986 | INFO | Opening main page...
2026-06-23 15:16:56,677 | INFO | Main page URL: https://fjdefile.phila.gov/efsfjd/zk_fjd_public_qry_00.zp_main_idx
2026-06-23 15:16:57,166 | INFO | Search page URL: https://fjdefile.phila.gov/efsfjd/zk_fjd_public_qry_03.zp_dktrpt_setup_idx?uid=z9nVOkiOBIolqsSYDxam&o=Dbt9IU8eX!rzHdb
2026-06-23 15:16:57,167 | INFO | Filling Case ID: 2510T0017
2026-06-23 15:16:57,296 | INFO | Submitting search...
2026-06-23 15:17:42,489 | INFO | Timeout waiting for result. Current URL: https://fjdefile.phila.gov/efsfjd/zk_fjd_public_qry_00.zp_main_idx?uid=z9nVOkiOBIolqsSYDxam&o=Get6FUbhXxozKg8
2026-06-23 15:17:42,654 | INFO | Debug saved: screenshots\redirected_main_page_2510T0017_20260623_151742.png
2026-06-23 15:17:42,655 | INFO | HTML saved: screenshots\redirected_main_page_2510T0017_20260623_151742.html
2026-06-23 15:17:42,655 | INFO | Attempt failed: Redirected to main page instead of result page
2026-06-23 15:17:42,656 | INFO | Failed after 2 attempts. Moving to next case.
2026-06-23 15:17:42,761 | INFO | Progress saved to: data\output\cases_results.xlsx
2026-06-23 15:17:42,761 | INFO | Waiting 2s before next case...
2026-06-23 15:17:44,762 | INFO | 
===== 18/1213 =====
2026-06-23 15:17:44,763 | INFO | 
Scraping Case ID: 2510T0018
2026-06-23 15:17:44,763 | INFO | Attempt 1/2
2026-06-23 15:17:44,763 | INFO | Opening main page...
2026-06-23 15:17:46,448 | INFO | Main page URL: https://fjdefile.phila.gov/efsfjd/zk_fjd_public_qry_00.zp_main_idx
2026-06-23 15:17:46,888 | INFO | Search page URL: https://fjdefile.phila.gov/efsfjd/zk_fjd_public_qry_03.zp_dktrpt_setup_idx?uid=z9nVOkiOBIolqsSYDxam&o=Dbt9IU8eX!rzHdb
2026-06-23 15:17:46,888 | INFO | Filling Case ID: 2510T0018
2026-06-23 15:17:47,018 | INFO | Submitting search...
2026-06-23 15:18:32,207 | INFO | Timeout waiting for result. Current URL: https://fjdefile.phila.gov/efsfjd/zk_fjd_public_qry_00.zp_main_idx?uid=z9nVOkiOBIolqsSYDxam&o=Get6FUbhXxozKg8
2026-06-23 15:18:32,492 | INFO | Debug saved: screenshots\redirected_main_page_2510T0018_20260623_151832.png
2026-06-23 15:18:32,492 | INFO | HTML saved: screenshots\redirected_main_page_2510T0018_20260623_151832.html
2026-06-23 15:18:32,492 | INFO | Attempt failed: Redirected to main page instead of result page
2026-06-23 15:18:32,492 | INFO | Waiting 2s before retry...
2026-06-23 15:18:34,493 | INFO | Attempt 2/2
2026-06-23 15:18:34,494 | INFO | Opening main page...
2026-06-23 15:18:36,949 | INFO | Main page URL: https://fjdefile.phila.gov/efsfjd/zk_fjd_public_qry_00.zp_main_idx
2026-06-23 15:18:37,532 | INFO | Search page URL: https://fjdefile.phila.gov/efsfjd/zk_fjd_public_qry_03.zp_dktrpt_setup_idx?uid=z9nVOkiOBIolqsSYDxam&o=Dbt9IU8eX!rzHdb
2026-06-23 15:18:37,533 | INFO | Filling Case ID: 2510T0018
2026-06-23 15:18:37,690 | INFO | Submitting search...
2026-06-23 15:19:22,925 | INFO | Timeout waiting for result. Current URL: https://fjdefile.phila.gov/efsfjd/zk_fjd_public_qry_00.zp_main_idx?uid=z9nVOkiOBIolqsSYDxam&o=Get6FUbhXxozKg8
2026-06-23 15:19:23,131 | INFO | Debug saved: screenshots\redirected_main_page_2510T0018_20260623_151922.png
2026-06-23 15:19:23,131 | INFO | HTML saved: screenshots\redirected_main_page_2510T0018_20260623_151922.html
2026-06-23 15:19:23,132 | INFO | Attempt failed: Redirected to main page instead of result page
2026-06-23 15:19:23,132 | INFO | Failed after 2 attempts. Moving to next case.
2026-06-23 15:19:23,265 | INFO | Progress saved to: data\output\cases_results.xlsx
2026-06-23 15:19:23,265 | INFO | Waiting 2s before next case...
2026-06-23 15:19:25,266 | INFO | 
===== 19/1213 =====
2026-06-23 15:19:25,267 | INFO | 
Scraping Case ID: 2510T0019
2026-06-23 15:19:25,267 | INFO | Attempt 1/2
2026-06-23 15:19:25,267 | INFO | Opening main page...
2026-06-23 15:19:27,242 | INFO | Main page URL: https://fjdefile.phila.gov/efsfjd/zk_fjd_public_qry_00.zp_main_idx
2026-06-23 15:19:27,809 | INFO | Search page URL: https://fjdefile.phila.gov/efsfjd/zk_fjd_public_qry_03.zp_dktrpt_setup_idx?uid=z9nVOkiOBIolqsSYDxam&o=Dbt9IU8eX!rzHdb
2026-06-23 15:19:27,809 | INFO | Filling Case ID: 2510T0019
2026-06-23 15:19:27,936 | INFO | Submitting search...
2026-06-23 15:20:13,120 | INFO | Timeout waiting for result. Current URL: https://fjdefile.phila.gov/efsfjd/zk_fjd_public_qry_00.zp_main_idx?uid=z9nVOkiOBIolqsSYDxam&o=Get6FUbhXxozKg8
2026-06-23 15:20:13,290 | INFO | Debug saved: screenshots\redirected_main_page_2510T0019_20260623_152013.png
2026-06-23 15:20:13,290 | INFO | HTML saved: screenshots\redirected_main_page_2510T0019_20260623_152013.html
2026-06-23 15:20:13,290 | INFO | Attempt failed: Redirected to main page instead of result page
2026-06-23 15:20:13,290 | INFO | Waiting 2s before retry...
2026-06-23 15:20:15,291 | INFO | Attempt 2/2
2026-06-23 15:20:15,291 | INFO | Opening main page...
2026-06-23 15:20:17,686 | INFO | Main page URL: https://fjdefile.phila.gov/efsfjd/zk_fjd_public_qry_00.zp_main_idx
2026-06-23 15:20:19,493 | INFO | Search page URL: https://fjdefile.phila.gov/efsfjd/zk_fjd_public_qry_03.zp_dktrpt_setup_idx?uid=z9nVOkiOBIolqsSYDxam&o=Dbt9IU8eX!rzHdb
2026-06-23 15:20:19,494 | INFO | Filling Case ID: 2510T0019
2026-06-23 15:20:19,608 | INFO | Submitting search...
2026-06-23 15:20:22,268 | INFO | Result URL: https://fjdefile.phila.gov/efsfjd/zk_fjd_public_qry_03.zp_dktrpt_search
2026-06-23 15:20:22,433 | INFO | Progress saved to: data\output\cases_results.xlsx
2026-06-23 15:20:22,433 | INFO | Waiting 2s before next case...
2026-06-23 15:20:24,433 | INFO | 
===== 20/1213 =====
2026-06-23 15:20:24,434 | INFO | 
Scraping Case ID: 2510T0020
2026-06-23 15:20:24,434 | INFO | Attempt 1/2
2026-06-23 15:20:24,434 | INFO | Opening main page...
2026-06-23 15:20:26,014 | INFO | Main page URL: https://fjdefile.phila.gov/efsfjd/zk_fjd_public_qry_00.zp_main_idx
2026-06-23 15:20:27,615 | INFO | Search page URL: https://fjdefile.phila.gov/efsfjd/zk_fjd_public_qry_03.zp_dktrpt_setup_idx?uid=z9nVOkiOBIolqsSYDxam&o=Dbt9IU8eX!rzHdb
2026-06-23 15:20:27,615 | INFO | Filling Case ID: 2510T0020
2026-06-23 15:20:27,746 | INFO | Submitting search...
2026-06-23 15:20:30,455 | INFO | Result URL: https://fjdefile.phila.gov/efsfjd/zk_fjd_public_qry_03.zp_dktrpt_search
2026-06-23 15:20:30,977 | INFO | Progress saved to: data\output\cases_results.xlsx
2026-06-23 15:20:30,977 | INFO | Waiting 2s before next case...
2026-06-23 15:20:32,978 | INFO | 
===== 21/1213 =====
2026-06-23 15:20:32,978 | INFO | 
Scraping Case ID: 2510T0021
2026-06-23 15:20:32,979 | INFO | Attempt 1/2
2026-06-23 15:20:32,979 | INFO | Opening main page...
2026-06-23 15:20:34,403 | INFO | Main page URL: https://fjdefile.phila.gov/efsfjd/zk_fjd_public_qry_00.zp_main_idx
2026-06-23 15:20:35,793 | INFO | Search page URL: https://fjdefile.phila.gov/efsfjd/zk_fjd_public_qry_03.zp_dktrpt_setup_idx?uid=z9nVOkiOBIolqsSYDxam&o=Dbt9IU8eX!rzHdb
2026-06-23 15:20:35,793 | INFO | Filling Case ID: 2510T0021
2026-06-23 15:20:35,919 | INFO | Submitting search...
2026-06-23 15:20:38,503 | INFO | Result URL: https://fjdefile.phila.gov/efsfjd/zk_fjd_public_qry_03.zp_dktrpt_search
2026-06-23 15:20:38,568 | INFO | Progress saved to: data\output\cases_results.xlsx
2026-06-23 15:20:38,569 | INFO | Waiting 2s before next case...
2026-06-23 15:20:40,570 | INFO | 
===== 22/1213 =====
2026-06-23 15:20:40,570 | INFO | 
Scraping Case ID: 2510T0022
2026-06-23 15:20:40,570 | INFO | Attempt 1/2
2026-06-23 15:20:40,571 | INFO | Opening main page...
2026-06-23 15:20:41,894 | INFO | Main page URL: https://fjdefile.phila.gov/efsfjd/zk_fjd_public_qry_00.zp_main_idx
2026-06-23 15:20:44,440 | INFO | Search page URL: https://fjdefile.phila.gov/efsfjd/zk_fjd_public_qry_03.zp_dktrpt_setup_idx?uid=z9nVOkiOBIolqsSYDxam&o=Dbt9IU8eX!rzHdb
2026-06-23 15:20:44,440 | INFO | Filling Case ID: 2510T0022
2026-06-23 15:20:44,549 | INFO | Submitting search...
2026-06-23 15:20:46,955 | INFO | Result URL: https://fjdefile.phila.gov/efsfjd/zk_fjd_public_qry_03.zp_dktrpt_search
2026-06-23 15:20:47,079 | INFO | Progress saved to: data\output\cases_results.xlsx
2026-06-23 15:20:47,079 | INFO | Waiting 2s before next case...
2026-06-23 15:20:49,079 | INFO | 
===== 23/1213 =====
2026-06-23 15:20:49,080 | INFO | 
Scraping Case ID: 2510T0023
2026-06-23 15:20:49,080 | INFO | Attempt 1/2
2026-06-23 15:20:49,080 | INFO | Opening main page...
2026-06-23 15:20:50,512 | INFO | Main page URL: https://fjdefile.phila.gov/efsfjd/zk_fjd_public_qry_00.zp_main_idx
2026-06-23 15:20:52,313 | INFO | Search page URL: https://fjdefile.phila.gov/efsfjd/zk_fjd_public_qry_03.zp_dktrpt_setup_idx?uid=z9nVOkiOBIolqsSYDxam&o=Dbt9IU8eX!rzHdb
2026-06-23 15:20:52,314 | INFO | Filling Case ID: 2510T0023
2026-06-23 15:20:52,432 | INFO | Submitting search...
2026-06-23 15:20:55,159 | INFO | Result URL: https://fjdefile.phila.gov/efsfjd/zk_fjd_public_qry_03.zp_dktrpt_search
2026-06-23 15:20:55,230 | INFO | Progress saved to: data\output\cases_results.xlsx
2026-06-23 15:20:55,230 | INFO | Waiting 2s before next case...
2026-06-23 15:20:57,231 | INFO | 
===== 24/1213 =====
2026-06-23 15:20:57,231 | INFO | 
Scraping Case ID: 2510T0024
2026-06-23 15:20:57,231 | INFO | Attempt 1/2
2026-06-23 15:20:57,231 | INFO | Opening main page...
2026-06-23 15:20:58,676 | INFO | Main page URL: https://fjdefile.phila.gov/efsfjd/zk_fjd_public_qry_00.zp_main_idx
2026-06-23 15:21:00,551 | INFO | Search page URL: https://fjdefile.phila.gov/efsfjd/zk_fjd_public_qry_03.zp_dktrpt_setup_idx?uid=z9nVOkiOBIolqsSYDxam&o=Dbt9IU8eX!rzHdb
2026-06-23 15:21:00,551 | INFO | Filling Case ID: 2510T0024
2026-06-23 15:21:00,677 | INFO | Submitting search...
2026-06-23 15:21:47,387 | INFO | Timeout waiting for result. Current URL: https://fjdefile.phila.gov/efsfjd/zk_fjd_public_qry_00.zp_main_idx?uid=z9nVOkiOBIolqsSYDxam&o=Get6FUbhXxozKg8
2026-06-23 15:21:49,509 | INFO | Debug saved: screenshots\redirected_main_page_2510T0024_20260623_152147.png
2026-06-23 15:21:49,509 | INFO | HTML saved: screenshots\redirected_main_page_2510T0024_20260623_152147.html
2026-06-23 15:21:49,509 | INFO | Attempt failed: Redirected to main page instead of result page
2026-06-23 15:21:49,510 | INFO | Waiting 2s before retry...
2026-06-23 15:21:51,511 | INFO | Attempt 2/2
2026-06-23 15:21:51,511 | INFO | Opening main page...
2026-06-23 15:21:53,230 | INFO | Main page URL: https://fjdefile.phila.gov/efsfjd/zk_fjd_public_qry_00.zp_main_idx
2026-06-23 15:21:54,570 | INFO | Search page URL: https://fjdefile.phila.gov/efsfjd/zk_fjd_public_qry_03.zp_dktrpt_setup_idx?uid=z9nVOkiOBIolqsSYDxam&o=Dbt9IU8eX!rzHdb
2026-06-23 15:21:54,571 | INFO | Filling Case ID: 2510T0024
2026-06-23 15:21:54,698 | INFO | Submitting search...
2026-06-23 15:22:40,174 | INFO | Timeout waiting for result. Current URL: https://fjdefile.phila.gov/efsfjd/zk_fjd_public_qry_00.zp_main_idx?uid=z9nVOkiOBIolqsSYDxam&o=Get6FUbhXxozKg8
2026-06-23 15:22:42,306 | INFO | Debug saved: screenshots\redirected_main_page_2510T0024_20260623_152240.png
2026-06-23 15:22:42,306 | INFO | HTML saved: screenshots\redirected_main_page_2510T0024_20260623_152240.html
2026-06-23 15:22:42,306 | INFO | Attempt failed: Redirected to main page instead of result page
2026-06-23 15:22:42,306 | INFO | Failed after 2 attempts. Moving to next case.
2026-06-23 15:22:42,610 | INFO | Progress saved to: data\output\cases_results.xlsx
2026-06-23 15:22:42,611 | INFO | Waiting 2s before next case...
2026-06-23 15:22:44,612 | INFO | 
===== 25/1213 =====
2026-06-23 15:22:44,614 | INFO | 
Scraping Case ID: 2510T0025
2026-06-23 15:22:44,615 | INFO | Attempt 1/2
2026-06-23 15:22:44,616 | INFO | Opening main page...
2026-06-23 15:22:46,276 | INFO | Main page URL: https://fjdefile.phila.gov/efsfjd/zk_fjd_public_qry_00.zp_main_idx
2026-06-23 15:22:46,986 | INFO | Search page URL: https://fjdefile.phila.gov/efsfjd/zk_fjd_public_qry_03.zp_dktrpt_setup_idx?uid=z9nVOkiOBIolqsSYDxam&o=Dbt9IU8eX!rzHdb
2026-06-23 15:22:46,986 | INFO | Filling Case ID: 2510T0025
2026-06-23 15:22:47,121 | INFO | Submitting search...
2026-06-23 15:23:33,785 | INFO | Timeout waiting for result. Current URL: https://fjdefile.phila.gov/efsfjd/zk_fjd_public_qry_00.zp_main_idx?uid=z9nVOkiOBIolqsSYDxam&o=Get6FUbhXxozKg8
2026-06-23 15:23:35,883 | INFO | Debug saved: screenshots\redirected_main_page_2510T0025_20260623_152333.png
2026-06-23 15:23:35,883 | INFO | HTML saved: screenshots\redirected_main_page_2510T0025_20260623_152333.html
2026-06-23 15:23:35,883 | INFO | Attempt failed: Redirected to main page instead of result page
2026-06-23 15:23:35,884 | INFO | Waiting 2s before retry...
2026-06-23 15:23:37,885 | INFO | Attempt 2/2
2026-06-23 15:23:37,885 | INFO | Opening main page...
2026-06-23 15:23:39,687 | INFO | Main page URL: https://fjdefile.phila.gov/efsfjd/zk_fjd_public_qry_00.zp_main_idx
2026-06-23 15:23:41,973 | INFO | Search page URL: https://fjdefile.phila.gov/efsfjd/zk_fjd_public_qry_03.zp_dktrpt_setup_idx?uid=z9nVOkiOBIolqsSYDxam&o=Dbt9IU8eX!rzHdb
2026-06-23 15:23:41,974 | INFO | Filling Case ID: 2510T0025
2026-06-23 15:23:42,097 | INFO | Submitting search...
2026-06-23 15:24:28,862 | INFO | Timeout waiting for result. Current URL: https://fjdefile.phila.gov/efsfjd/zk_fjd_public_qry_00.zp_main_idx?uid=z9nVOkiOBIolqsSYDxam&o=Get6FUbhXxozKg8
2026-06-23 15:24:30,973 | INFO | Debug saved: screenshots\redirected_main_page_2510T0025_20260623_152428.png
2026-06-23 15:24:30,974 | INFO | HTML saved: screenshots\redirected_main_page_2510T0025_20260623_152428.html
2026-06-23 15:24:30,974 | INFO | Attempt failed: Redirected to main page instead of result page
2026-06-23 15:24:30,974 | INFO | Failed after 2 attempts. Moving to next case.
2026-06-23 15:24:31,009 | INFO | Progress saved to: data\output\cases_results.xlsx
2026-06-23 15:24:31,009 | INFO | Waiting 2s before next case...
2026-06-23 15:24:33,010 | INFO | 
===== 26/1213 =====
2026-06-23 15:24:33,011 | INFO | 
Scraping Case ID: 2510T0026
2026-06-23 15:24:33,011 | INFO | Attempt 1/2
2026-06-23 15:24:33,011 | INFO | Opening main page...
2026-06-23 15:24:34,923 | INFO | Main page URL: https://fjdefile.phila.gov/efsfjd/zk_fjd_public_qry_00.zp_main_idx
2026-06-23 15:24:36,032 | INFO | Search page URL: https://fjdefile.phila.gov/efsfjd/zk_fjd_public_qry_03.zp_dktrpt_setup_idx?uid=z9nVOkiOBIolqsSYDxam&o=Dbt9IU8eX!rzHdb
2026-06-23 15:24:36,033 | INFO | Filling Case ID: 2510T0026
2026-06-23 15:24:36,159 | INFO | Submitting search...
2026-06-23 15:25:22,836 | INFO | Timeout waiting for result. Current URL: https://fjdefile.phila.gov/efsfjd/zk_fjd_public_qry_00.zp_main_idx?uid=z9nVOkiOBIolqsSYDxam&o=Get6FUbhXxozKg8
2026-06-23 15:25:26,030 | INFO | Debug saved: screenshots\redirected_main_page_2510T0026_20260623_152522.png
2026-06-23 15:25:26,030 | INFO | HTML saved: screenshots\redirected_main_page_2510T0026_20260623_152522.html
2026-06-23 15:25:26,031 | INFO | Attempt failed: Redirected to main page instead of result page
2026-06-23 15:25:26,031 | INFO | Waiting 2s before retry...
2026-06-23 15:25:28,032 | INFO | Attempt 2/2
2026-06-23 15:25:28,033 | INFO | Opening main page...
2026-06-23 15:25:29,684 | INFO | Main page URL: https://fjdefile.phila.gov/efsfjd/zk_fjd_public_qry_00.zp_main_idx
2026-06-23 15:25:32,042 | INFO | Search page URL: https://fjdefile.phila.gov/efsfjd/zk_fjd_public_qry_03.zp_dktrpt_setup_idx?uid=z9nVOkiOBIolqsSYDxam&o=Dbt9IU8eX!rzHdb
2026-06-23 15:25:32,043 | INFO | Filling Case ID: 2510T0026
2026-06-23 15:25:32,214 | INFO | Submitting search...
2026-06-23 15:26:18,858 | INFO | Timeout waiting for result. Current URL: https://fjdefile.phila.gov/efsfjd/zk_fjd_public_qry_00.zp_main_idx?uid=z9nVOkiOBIolqsSYDxam&o=Get6FUbhXxozKg8
2026-06-23 15:26:20,967 | INFO | Debug saved: screenshots\redirected_main_page_2510T0026_20260623_152618.png
2026-06-23 15:26:20,967 | INFO | HTML saved: screenshots\redirected_main_page_2510T0026_20260623_152618.html
2026-06-23 15:26:20,967 | INFO | Attempt failed: Redirected to main page instead of result page
2026-06-23 15:26:20,967 | INFO | Failed after 2 attempts. Moving to next case.
2026-06-23 15:26:21,039 | INFO | Progress saved to: data\output\cases_results.xlsx
2026-06-23 15:26:21,039 | INFO | Waiting 2s before next case...
2026-06-23 15:26:23,040 | INFO | 
===== 27/1213 =====
2026-06-23 15:26:23,041 | INFO | 
Scraping Case ID: 2510T0027
2026-06-23 15:26:23,041 | INFO | Attempt 1/2
2026-06-23 15:26:23,041 | INFO | Opening main page...
2026-06-23 15:26:24,791 | INFO | Main page URL: https://fjdefile.phila.gov/efsfjd/zk_fjd_public_qry_00.zp_main_idx
2026-06-23 15:26:26,115 | INFO | Search page URL: https://fjdefile.phila.gov/efsfjd/zk_fjd_public_qry_03.zp_dktrpt_setup_idx?uid=z9nVOkiOBIolqsSYDxam&o=Dbt9IU8eX!rzHdb
2026-06-23 15:26:26,115 | INFO | Filling Case ID: 2510T0027
2026-06-23 15:26:26,253 | INFO | Submitting search...
2026-06-23 15:27:12,972 | INFO | Timeout waiting for result. Current URL: https://fjdefile.phila.gov/efsfjd/zk_fjd_public_qry_00.zp_main_idx?uid=z9nVOkiOBIolqsSYDxam&o=Get6FUbhXxozKg8
2026-06-23 15:27:15,098 | INFO | Debug saved: screenshots\redirected_main_page_2510T0027_20260623_152712.png
2026-06-23 15:27:15,098 | INFO | HTML saved: screenshots\redirected_main_page_2510T0027_20260623_152712.html
2026-06-23 15:27:15,099 | INFO | Attempt failed: Redirected to main page instead of result page
2026-06-23 15:27:15,099 | INFO | Waiting 2s before retry...
2026-06-23 15:27:17,100 | INFO | Attempt 2/2
2026-06-23 15:27:17,100 | INFO | Opening main page...
2026-06-23 15:27:18,848 | INFO | Main page URL: https://fjdefile.phila.gov/efsfjd/zk_fjd_public_qry_00.zp_main_idx
2026-06-23 15:27:20,236 | INFO | Search page URL: https://fjdefile.phila.gov/efsfjd/zk_fjd_public_qry_03.zp_dktrpt_setup_idx?uid=z9nVOkiOBIolqsSYDxam&o=Dbt9IU8eX!rzHdb
2026-06-23 15:27:20,237 | INFO | Filling Case ID: 2510T0027
2026-06-23 15:27:20,411 | INFO | Submitting search...
2026-06-23 15:28:07,019 | INFO | Timeout waiting for result. Current URL: https://fjdefile.phila.gov/efsfjd/zk_fjd_public_qry_00.zp_main_idx?uid=z9nVOkiOBIolqsSYDxam&o=Get6FUbhXxozKg8
2026-06-23 15:28:07,184 | INFO | Debug saved: screenshots\redirected_main_page_2510T0027_20260623_152807.png
2026-06-23 15:28:07,184 | INFO | HTML saved: screenshots\redirected_main_page_2510T0027_20260623_152807.html
2026-06-23 15:28:07,184 | INFO | Attempt failed: Redirected to main page instead of result page
2026-06-23 15:28:07,184 | INFO | Failed after 2 attempts. Moving to next case.
2026-06-23 15:28:07,229 | INFO | Progress saved to: data\output\cases_results.xlsx
2026-06-23 15:28:07,230 | INFO | Waiting 2s before next case...
2026-06-23 15:28:09,230 | INFO | 
===== 28/1213 =====
2026-06-23 15:28:09,231 | INFO | 
Scraping Case ID: 2510T0028
2026-06-23 15:28:09,231 | INFO | Attempt 1/2
2026-06-23 15:28:09,231 | INFO | Opening main page...
2026-06-23 15:28:10,920 | INFO | Main page URL: https://fjdefile.phila.gov/efsfjd/zk_fjd_public_qry_00.zp_main_idx
2026-06-23 15:28:12,647 | INFO | Search page URL: https://fjdefile.phila.gov/efsfjd/zk_fjd_public_qry_03.zp_dktrpt_setup_idx?uid=z9nVOkiOBIolqsSYDxam&o=Dbt9IU8eX!rzHdb
2026-06-23 15:28:12,647 | INFO | Filling Case ID: 2510T0028
2026-06-23 15:28:12,767 | INFO | Submitting search...
2026-06-23 15:28:59,513 | INFO | Timeout waiting for result. Current URL: https://fjdefile.phila.gov/efsfjd/zk_fjd_public_qry_00.zp_main_idx?uid=z9nVOkiOBIolqsSYDxam&o=Get6FUbhXxozKg8
2026-06-23 15:29:02,646 | INFO | Debug saved: screenshots\redirected_main_page_2510T0028_20260623_152859.png
2026-06-23 15:29:02,646 | INFO | HTML saved: screenshots\redirected_main_page_2510T0028_20260623_152859.html
2026-06-23 15:29:02,646 | INFO | Attempt failed: Redirected to main page instead of result page
2026-06-23 15:29:02,647 | INFO | Waiting 2s before retry...
2026-06-23 15:29:04,648 | INFO | Attempt 2/2
2026-06-23 15:29:04,649 | INFO | Opening main page...
2026-06-23 15:29:06,294 | INFO | Main page URL: https://fjdefile.phila.gov/efsfjd/zk_fjd_public_qry_00.zp_main_idx
2026-06-23 15:29:07,663 | INFO | Search page URL: https://fjdefile.phila.gov/efsfjd/zk_fjd_public_qry_03.zp_dktrpt_setup_idx?uid=z9nVOkiOBIolqsSYDxam&o=Dbt9IU8eX!rzHdb
2026-06-23 15:29:07,664 | INFO | Filling Case ID: 2510T0028
2026-06-23 15:29:07,777 | INFO | Submitting search...
2026-06-23 15:29:54,481 | INFO | Timeout waiting for result. Current URL: https://fjdefile.phila.gov/efsfjd/zk_fjd_public_qry_00.zp_main_idx?uid=z9nVOkiOBIolqsSYDxam&o=Get6FUbhXxozKg8
2026-06-23 15:29:56,609 | INFO | Debug saved: screenshots\redirected_main_page_2510T0028_20260623_152954.png
2026-06-23 15:29:56,609 | INFO | HTML saved: screenshots\redirected_main_page_2510T0028_20260623_152954.html
2026-06-23 15:29:56,610 | INFO | Attempt failed: Redirected to main page instead of result page
2026-06-23 15:29:56,610 | INFO | Failed after 2 attempts. Moving to next case.
2026-06-23 15:29:56,871 | INFO | Progress saved to: data\output\cases_results.xlsx
2026-06-23 15:29:56,871 | INFO | 
5 failures in a row. Cooling down for 20s...
2026-06-23 15:30:16,873 | INFO | Waiting 2s before next case...
2026-06-23 15:30:18,874 | INFO | 
===== 29/1213 =====
2026-06-23 15:30:18,874 | INFO | 
Scraping Case ID: 2510T0029
2026-06-23 15:30:18,875 | INFO | Attempt 1/2
2026-06-23 15:30:18,875 | INFO | Opening main page...
2026-06-23 15:30:23,171 | INFO | Main page URL: https://fjdefile.phila.gov/efsfjd/zk_fjd_public_qry_00.zp_main_idx
2026-06-23 15:30:25,319 | INFO | Search page URL: https://fjdefile.phila.gov/efsfjd/zk_fjd_public_qry_03.zp_dktrpt_setup_idx?uid=z9nVOkiOBIolqsSYDxam&o=Dbt9IU8eX!rzHdb
2026-06-23 15:30:25,320 | INFO | Filling Case ID: 2510T0029
2026-06-23 15:30:25,448 | INFO | Submitting search...
2026-06-23 15:31:12,456 | INFO | Timeout waiting for result. Current URL: https://fjdefile.phila.gov/efsfjd/zk_fjd_public_qry_00.zp_main_idx?uid=z9nVOkiOBIolqsSYDxam&o=Get6FUbhXxozKg8
2026-06-23 15:31:14,620 | INFO | Debug saved: screenshots\redirected_main_page_2510T0029_20260623_153112.png
2026-06-23 15:31:14,620 | INFO | HTML saved: screenshots\redirected_main_page_2510T0029_20260623_153112.html
2026-06-23 15:31:14,620 | INFO | Attempt failed: Redirected to main page instead of result page
2026-06-23 15:31:14,620 | INFO | Waiting 2s before retry...
2026-06-23 15:31:16,621 | INFO | Attempt 2/2
2026-06-23 15:31:16,621 | INFO | Opening main page...
2026-06-23 15:31:18,289 | INFO | Main page URL: https://fjdefile.phila.gov/efsfjd/zk_fjd_public_qry_00.zp_main_idx
2026-06-23 15:31:19,618 | INFO | Search page URL: https://fjdefile.phila.gov/efsfjd/zk_fjd_public_qry_03.zp_dktrpt_setup_idx?uid=z9nVOkiOBIolqsSYDxam&o=Dbt9IU8eX!rzHdb
2026-06-23 15:31:19,619 | INFO | Filling Case ID: 2510T0029
2026-06-23 15:31:19,747 | INFO | Submitting search...
2026-06-23 15:32:06,477 | INFO | Timeout waiting for result. Current URL: https://fjdefile.phila.gov/efsfjd/zk_fjd_public_qry_00.zp_main_idx?uid=z9nVOkiOBIolqsSYDxam&o=Get6FUbhXxozKg8
2026-06-23 15:32:08,593 | INFO | Debug saved: screenshots\redirected_main_page_2510T0029_20260623_153206.png
2026-06-23 15:32:08,593 | INFO | HTML saved: screenshots\redirected_main_page_2510T0029_20260623_153206.html
2026-06-23 15:32:08,593 | INFO | Attempt failed: Redirected to main page instead of result page
2026-06-23 15:32:08,593 | INFO | Failed after 2 attempts. Moving to next case.
2026-06-23 15:32:08,631 | INFO | Progress saved to: data\output\cases_results.xlsx
2026-06-23 15:32:08,631 | INFO | Waiting 2s before next case...
2026-06-23 15:32:10,632 | INFO | 
===== 30/1213 =====
2026-06-23 15:32:10,633 | INFO | 
Scraping Case ID: 2510T0030
2026-06-23 15:32:10,633 | INFO | Attempt 1/2
2026-06-23 15:32:10,633 | INFO | Opening main page...
2026-06-23 15:32:12,443 | INFO | Main page URL: https://fjdefile.phila.gov/efsfjd/zk_fjd_public_qry_00.zp_main_idx
2026-06-23 15:32:14,039 | INFO | Search page URL: https://fjdefile.phila.gov/efsfjd/zk_fjd_public_qry_03.zp_dktrpt_setup_idx?uid=z9nVOkiOBIolqsSYDxam&o=Dbt9IU8eX!rzHdb
2026-06-23 15:32:14,039 | INFO | Filling Case ID: 2510T0030
2026-06-23 15:32:14,176 | INFO | Submitting search...
2026-06-23 15:33:00,867 | INFO | Timeout waiting for result. Current URL: https://fjdefile.phila.gov/efsfjd/zk_fjd_public_qry_00.zp_main_idx?uid=z9nVOkiOBIolqsSYDxam&o=Get6FUbhXxozKg8
2026-06-23 15:33:02,966 | INFO | Debug saved: screenshots\redirected_main_page_2510T0030_20260623_153300.png
2026-06-23 15:33:02,967 | INFO | HTML saved: screenshots\redirected_main_page_2510T0030_20260623_153300.html
2026-06-23 15:33:02,967 | INFO | Attempt failed: Redirected to main page instead of result page
2026-06-23 15:33:02,967 | INFO | Waiting 2s before retry...
2026-06-23 15:33:04,968 | INFO | Attempt 2/2
2026-06-23 15:33:04,968 | INFO | Opening main page...
2026-06-23 15:33:07,051 | INFO | Main page URL: https://fjdefile.phila.gov/efsfjd/zk_fjd_public_qry_00.zp_main_idx
2026-06-23 15:33:08,353 | INFO | Search page URL: https://fjdefile.phila.gov/efsfjd/zk_fjd_public_qry_03.zp_dktrpt_setup_idx?uid=z9nVOkiOBIolqsSYDxam&o=Dbt9IU8eX!rzHdb
2026-06-23 15:33:08,353 | INFO | Filling Case ID: 2510T0030
2026-06-23 15:33:08,474 | INFO | Submitting search...
2026-06-23 15:33:55,192 | INFO | Timeout waiting for result. Current URL: https://fjdefile.phila.gov/efsfjd/zk_fjd_public_qry_00.zp_main_idx?uid=z9nVOkiOBIolqsSYDxam&o=Get6FUbhXxozKg8
2026-06-23 15:33:57,304 | INFO | Debug saved: screenshots\redirected_main_page_2510T0030_20260623_153355.png
2026-06-23 15:33:57,304 | INFO | HTML saved: screenshots\redirected_main_page_2510T0030_20260623_153355.html
2026-06-23 15:33:57,304 | INFO | Attempt failed: Redirected to main page instead of result page
2026-06-23 15:33:57,304 | INFO | Failed after 2 attempts. Moving to next case.
2026-06-23 15:33:57,350 | INFO | Progress saved to: data\output\cases_results.xlsx
2026-06-23 15:33:57,350 | INFO | Waiting 2s before next case...
2026-06-23 15:33:59,352 | INFO | 
===== 31/1213 =====
2026-06-23 15:33:59,352 | INFO | 
Scraping Case ID: 2510T0031
2026-06-23 15:33:59,352 | INFO | Attempt 1/2
2026-06-23 15:33:59,353 | INFO | Opening main page...
2026-06-23 15:34:01,011 | INFO | Main page URL: https://fjdefile.phila.gov/efsfjd/zk_fjd_public_qry_00.zp_main_idx
2026-06-23 15:34:02,382 | INFO | Search page URL: https://fjdefile.phila.gov/efsfjd/zk_fjd_public_qry_03.zp_dktrpt_setup_idx?uid=z9nVOkiOBIolqsSYDxam&o=Dbt9IU8eX!rzHdb
2026-06-23 15:34:02,382 | INFO | Filling Case ID: 2510T0031
2026-06-23 15:34:02,538 | INFO | Submitting search...
2026-06-23 15:34:49,181 | INFO | Timeout waiting for result. Current URL: https://fjdefile.phila.gov/efsfjd/zk_fjd_public_qry_00.zp_main_idx?uid=z9nVOkiOBIolqsSYDxam&o=Get6FUbhXxozKg8
2026-06-23 15:34:51,284 | INFO | Debug saved: screenshots\redirected_main_page_2510T0031_20260623_153449.png
2026-06-23 15:34:51,284 | INFO | HTML saved: screenshots\redirected_main_page_2510T0031_20260623_153449.html
2026-06-23 15:34:51,284 | INFO | Attempt failed: Redirected to main page instead of result page
2026-06-23 15:34:51,284 | INFO | Waiting 2s before retry...
2026-06-23 15:34:53,285 | INFO | Attempt 2/2
2026-06-23 15:34:53,286 | INFO | Opening main page...
2026-06-23 15:34:55,358 | INFO | Main page URL: https://fjdefile.phila.gov/efsfjd/zk_fjd_public_qry_00.zp_main_idx
2026-06-23 15:34:56,773 | INFO | Search page URL: https://fjdefile.phila.gov/efsfjd/zk_fjd_public_qry_03.zp_dktrpt_setup_idx?uid=z9nVOkiOBIolqsSYDxam&o=Dbt9IU8eX!rzHdb
2026-06-23 15:34:56,774 | INFO | Filling Case ID: 2510T0031
2026-06-23 15:34:56,894 | INFO | Submitting search...
2026-06-23 15:35:43,526 | INFO | Timeout waiting for result. Current URL: https://fjdefile.phila.gov/efsfjd/zk_fjd_public_qry_00.zp_main_idx?uid=z9nVOkiOBIolqsSYDxam&o=Get6FUbhXxozKg8
2026-06-23 15:35:45,626 | INFO | Debug saved: screenshots\redirected_main_page_2510T0031_20260623_153543.png
2026-06-23 15:35:45,626 | INFO | HTML saved: screenshots\redirected_main_page_2510T0031_20260623_153543.html
2026-06-23 15:35:45,626 | INFO | Attempt failed: Redirected to main page instead of result page
2026-06-23 15:35:45,627 | INFO | Failed after 2 attempts. Moving to next case.
2026-06-23 15:35:45,670 | INFO | Progress saved to: data\output\cases_results.xlsx
2026-06-23 15:35:45,670 | INFO | Waiting 2s before next case...
2026-06-23 15:35:47,671 | INFO | 
===== 32/1213 =====
2026-06-23 15:35:47,671 | INFO | 
Scraping Case ID: 2510T0032
2026-06-23 15:35:47,671 | INFO | Attempt 1/2
2026-06-23 15:35:47,672 | INFO | Opening main page...
2026-06-23 15:35:49,627 | INFO | Main page URL: https://fjdefile.phila.gov/efsfjd/zk_fjd_public_qry_00.zp_main_idx
2026-06-23 15:35:50,933 | INFO | Search page URL: https://fjdefile.phila.gov/efsfjd/zk_fjd_public_qry_03.zp_dktrpt_setup_idx?uid=z9nVOkiOBIolqsSYDxam&o=Dbt9IU8eX!rzHdb
2026-06-23 15:35:50,933 | INFO | Filling Case ID: 2510T0032
2026-06-23 15:35:51,066 | INFO | Submitting search...
2026-06-23 15:36:37,720 | INFO | Timeout waiting for result. Current URL: https://fjdefile.phila.gov/efsfjd/zk_fjd_public_qry_00.zp_main_idx?uid=z9nVOkiOBIolqsSYDxam&o=Get6FUbhXxozKg8
2026-06-23 15:36:39,827 | INFO | Debug saved: screenshots\redirected_main_page_2510T0032_20260623_153637.png
2026-06-23 15:36:39,827 | INFO | HTML saved: screenshots\redirected_main_page_2510T0032_20260623_153637.html
2026-06-23 15:36:39,828 | INFO | Attempt failed: Redirected to main page instead of result page
2026-06-23 15:36:39,828 | INFO | Waiting 2s before retry...
2026-06-23 15:36:41,829 | INFO | Attempt 2/2
2026-06-23 15:36:41,829 | INFO | Opening main page...
2026-06-23 15:36:43,581 | INFO | Main page URL: https://fjdefile.phila.gov/efsfjd/zk_fjd_public_qry_00.zp_main_idx
2026-06-23 15:36:45,244 | INFO | Search page URL: https://fjdefile.phila.gov/efsfjd/zk_fjd_public_qry_03.zp_dktrpt_setup_idx?uid=z9nVOkiOBIolqsSYDxam&o=Dbt9IU8eX!rzHdb
2026-06-23 15:36:45,244 | INFO | Filling Case ID: 2510T0032
2026-06-23 15:36:45,357 | INFO | Submitting search...
2026-06-23 15:37:32,037 | INFO | Timeout waiting for result. Current URL: https://fjdefile.phila.gov/efsfjd/zk_fjd_public_qry_00.zp_main_idx?uid=z9nVOkiOBIolqsSYDxam&o=Get6FUbhXxozKg8
2026-06-23 15:37:34,151 | INFO | Debug saved: screenshots\redirected_main_page_2510T0032_20260623_153732.png
2026-06-23 15:37:34,151 | INFO | HTML saved: screenshots\redirected_main_page_2510T0032_20260623_153732.html
2026-06-23 15:37:34,151 | INFO | Attempt failed: Redirected to main page instead of result page
2026-06-23 15:37:34,151 | INFO | Failed after 2 attempts. Moving to next case.
2026-06-23 15:37:34,189 | INFO | Progress saved to: data\output\cases_results.xlsx
2026-06-23 15:37:34,189 | INFO | Waiting 2s before next case...
2026-06-23 15:37:36,190 | INFO | 
===== 33/1213 =====
2026-06-23 15:37:36,191 | INFO | 
Scraping Case ID: 2510T0033
2026-06-23 15:37:36,191 | INFO | Attempt 1/2
2026-06-23 15:37:36,191 | INFO | Opening main page...
2026-06-23 15:37:37,836 | INFO | Main page URL: https://fjdefile.phila.gov/efsfjd/zk_fjd_public_qry_00.zp_main_idx
2026-06-23 15:37:39,161 | INFO | Search page URL: https://fjdefile.phila.gov/efsfjd/zk_fjd_public_qry_03.zp_dktrpt_setup_idx?uid=z9nVOkiOBIolqsSYDxam&o=Dbt9IU8eX!rzHdb
2026-06-23 15:37:39,161 | INFO | Filling Case ID: 2510T0033
2026-06-23 15:37:39,274 | INFO | Submitting search...
2026-06-23 15:38:26,020 | INFO | Timeout waiting for result. Current URL: https://fjdefile.phila.gov/efsfjd/zk_fjd_public_qry_00.zp_main_idx?uid=z9nVOkiOBIolqsSYDxam&o=Get6FUbhXxozKg8
2026-06-23 15:38:28,147 | INFO | Debug saved: screenshots\redirected_main_page_2510T0033_20260623_153826.png
2026-06-23 15:38:28,148 | INFO | HTML saved: screenshots\redirected_main_page_2510T0033_20260623_153826.html
2026-06-23 15:38:28,148 | INFO | Attempt failed: Redirected to main page instead of result page
2026-06-23 15:38:28,148 | INFO | Waiting 2s before retry...
2026-06-23 15:38:30,149 | INFO | Attempt 2/2
2026-06-23 15:38:30,149 | INFO | Opening main page...
2026-06-23 15:38:31,865 | INFO | Main page URL: https://fjdefile.phila.gov/efsfjd/zk_fjd_public_qry_00.zp_main_idx
2026-06-23 15:38:33,521 | INFO | Search page URL: https://fjdefile.phila.gov/efsfjd/zk_fjd_public_qry_03.zp_dktrpt_setup_idx?uid=z9nVOkiOBIolqsSYDxam&o=Dbt9IU8eX!rzHdb
2026-06-23 15:38:33,521 | INFO | Filling Case ID: 2510T0033
2026-06-23 15:38:33,639 | INFO | Submitting search...
2026-06-23 15:39:20,279 | INFO | Timeout waiting for result. Current URL: https://fjdefile.phila.gov/efsfjd/zk_fjd_public_qry_00.zp_main_idx?uid=z9nVOkiOBIolqsSYDxam&o=Get6FUbhXxozKg8
2026-06-23 15:39:23,420 | INFO | Debug saved: screenshots\redirected_main_page_2510T0033_20260623_153920.png
2026-06-23 15:39:23,420 | INFO | HTML saved: screenshots\redirected_main_page_2510T0033_20260623_153920.html
2026-06-23 15:39:23,421 | INFO | Attempt failed: Redirected to main page instead of result page
2026-06-23 15:39:23,421 | INFO | Failed after 2 attempts. Moving to next case.
2026-06-23 15:39:23,555 | INFO | Progress saved to: data\output\cases_results.xlsx
2026-06-23 15:39:23,556 | INFO | 
5 failures in a row. Cooling down for 20s...
2026-06-23 15:39:43,557 | INFO | Waiting 2s before next case...
2026-06-23 15:39:45,558 | INFO | 
===== 34/1213 =====
2026-06-23 15:39:45,558 | INFO | 
Scraping Case ID: 2510T0034
2026-06-23 15:39:45,558 | INFO | Attempt 1/2
2026-06-23 15:39:45,558 | INFO | Opening main page...
2026-06-23 15:39:47,242 | INFO | Main page URL: https://fjdefile.phila.gov/efsfjd/zk_fjd_public_qry_00.zp_main_idx
2026-06-23 15:39:49,045 | INFO | Search page URL: https://fjdefile.phila.gov/efsfjd/zk_fjd_public_qry_03.zp_dktrpt_setup_idx?uid=z9nVOkiOBIolqsSYDxam&o=Dbt9IU8eX!rzHdb
2026-06-23 15:39:49,046 | INFO | Filling Case ID: 2510T0034
2026-06-23 15:39:49,177 | INFO | Submitting search...
2026-06-23 15:40:35,871 | INFO | Timeout waiting for result. Current URL: https://fjdefile.phila.gov/efsfjd/zk_fjd_public_qry_00.zp_main_idx?uid=z9nVOkiOBIolqsSYDxam&o=Get6FUbhXxozKg8
2026-06-23 15:40:37,963 | INFO | Debug saved: screenshots\redirected_main_page_2510T0034_20260623_154035.png
2026-06-23 15:40:37,964 | INFO | HTML saved: screenshots\redirected_main_page_2510T0034_20260623_154035.html
2026-06-23 15:40:37,964 | INFO | Attempt failed: Redirected to main page instead of result page
2026-06-23 15:40:37,964 | INFO | Waiting 2s before retry...
2026-06-23 15:40:39,965 | INFO | Attempt 2/2
2026-06-23 15:40:39,966 | INFO | Opening main page...
2026-06-23 15:40:41,592 | INFO | Main page URL: https://fjdefile.phila.gov/efsfjd/zk_fjd_public_qry_00.zp_main_idx
2026-06-23 15:40:42,980 | INFO | Search page URL: https://fjdefile.phila.gov/efsfjd/zk_fjd_public_qry_03.zp_dktrpt_setup_idx?uid=z9nVOkiOBIolqsSYDxam&o=Dbt9IU8eX!rzHdb
2026-06-23 15:40:42,980 | INFO | Filling Case ID: 2510T0034
2026-06-23 15:40:43,091 | INFO | Submitting search...
2026-06-23 15:41:29,733 | INFO | Timeout waiting for result. Current URL: https://fjdefile.phila.gov/efsfjd/zk_fjd_public_qry_00.zp_main_idx?uid=z9nVOkiOBIolqsSYDxam&o=Get6FUbhXxozKg8
2026-06-23 15:41:31,835 | INFO | Debug saved: screenshots\redirected_main_page_2510T0034_20260623_154129.png
2026-06-23 15:41:31,835 | INFO | HTML saved: screenshots\redirected_main_page_2510T0034_20260623_154129.html
2026-06-23 15:41:31,835 | INFO | Attempt failed: Redirected to main page instead of result page
2026-06-23 15:41:31,835 | INFO | Failed after 2 attempts. Moving to next case.
2026-06-23 15:41:31,889 | INFO | Progress saved to: data\output\cases_results.xlsx
2026-06-23 15:41:31,889 | INFO | Waiting 2s before next case...
2026-06-23 15:41:33,890 | INFO | 
===== 35/1213 =====
2026-06-23 15:41:33,890 | INFO | 
Scraping Case ID: 2510T0035
2026-06-23 15:41:33,890 | INFO | Attempt 1/2
2026-06-23 15:41:33,891 | INFO | Opening main page...
2026-06-23 15:41:35,801 | INFO | Main page URL: https://fjdefile.phila.gov/efsfjd/zk_fjd_public_qry_00.zp_main_idx
2026-06-23 15:41:36,908 | INFO | Search page URL: https://fjdefile.phila.gov/efsfjd/zk_fjd_public_qry_03.zp_dktrpt_setup_idx?uid=z9nVOkiOBIolqsSYDxam&o=Dbt9IU8eX!rzHdb
2026-06-23 15:41:36,908 | INFO | Filling Case ID: 2510T0035
2026-06-23 15:41:37,046 | INFO | Submitting search...
2026-06-23 15:41:39,623 | INFO | Result URL: https://fjdefile.phila.gov/efsfjd/zk_fjd_public_qry_03.zp_dktrpt_search
2026-06-23 15:41:39,735 | INFO | Progress saved to: data\output\cases_results.xlsx
2026-06-23 15:41:39,736 | INFO | Waiting 2s before next case...
2026-06-23 15:41:41,736 | INFO | 
===== 36/1213 =====
2026-06-23 15:41:41,737 | INFO | 
Scraping Case ID: 2510T0036
2026-06-23 15:41:41,737 | INFO | Attempt 1/2
2026-06-23 15:41:41,737 | INFO | Opening main page...
2026-06-23 15:41:43,200 | INFO | Main page URL: https://fjdefile.phila.gov/efsfjd/zk_fjd_public_qry_00.zp_main_idx
2026-06-23 15:41:45,366 | INFO | Search page URL: https://fjdefile.phila.gov/efsfjd/zk_fjd_public_qry_03.zp_dktrpt_setup_idx?uid=z9nVOkiOBIolqsSYDxam&o=Dbt9IU8eX!rzHdb
2026-06-23 15:41:45,366 | INFO | Filling Case ID: 2510T0036
2026-06-23 15:41:45,481 | INFO | Submitting search...
2026-06-23 15:41:48,060 | INFO | Result URL: https://fjdefile.phila.gov/efsfjd/zk_fjd_public_qry_03.zp_dktrpt_search
2026-06-23 15:41:48,137 | INFO | Progress saved to: data\output\cases_results.xlsx
2026-06-23 15:41:48,138 | INFO | Waiting 2s before next case...
2026-06-23 15:41:50,139 | INFO | 
===== 37/1213 =====
2026-06-23 15:41:50,139 | INFO | 
Scraping Case ID: 2510T0037
2026-06-23 15:41:50,140 | INFO | Attempt 1/2
2026-06-23 15:41:50,140 | INFO | Opening main page...
2026-06-23 15:41:51,464 | INFO | Main page URL: https://fjdefile.phila.gov/efsfjd/zk_fjd_public_qry_00.zp_main_idx
2026-06-23 15:41:53,385 | INFO | Search page URL: https://fjdefile.phila.gov/efsfjd/zk_fjd_public_qry_03.zp_dktrpt_setup_idx?uid=z9nVOkiOBIolqsSYDxam&o=Dbt9IU8eX!rzHdb
2026-06-23 15:41:53,386 | INFO | Filling Case ID: 2510T0037
2026-06-23 15:41:53,514 | INFO | Submitting search...
2026-06-23 15:42:40,237 | INFO | Timeout waiting for result. Current URL: https://fjdefile.phila.gov/efsfjd/zk_fjd_public_qry_00.zp_main_idx?uid=z9nVOkiOBIolqsSYDxam&o=Get6FUbhXxozKg8
2026-06-23 15:42:42,358 | INFO | Debug saved: screenshots\redirected_main_page_2510T0037_20260623_154240.png
2026-06-23 15:42:42,358 | INFO | HTML saved: screenshots\redirected_main_page_2510T0037_20260623_154240.html
2026-06-23 15:42:42,358 | INFO | Attempt failed: Redirected to main page instead of result page
2026-06-23 15:42:42,358 | INFO | Waiting 2s before retry...
2026-06-23 15:42:44,360 | INFO | Attempt 2/2
2026-06-23 15:42:44,360 | INFO | Opening main page...
2026-06-23 15:42:46,080 | INFO | Main page URL: https://fjdefile.phila.gov/efsfjd/zk_fjd_public_qry_00.zp_main_idx
2026-06-23 15:42:48,341 | INFO | Search page URL: https://fjdefile.phila.gov/efsfjd/zk_fjd_public_qry_03.zp_dktrpt_setup_idx?uid=z9nVOkiOBIolqsSYDxam&o=Dbt9IU8eX!rzHdb
2026-06-23 15:42:48,341 | INFO | Filling Case ID: 2510T0037
2026-06-23 15:42:48,454 | INFO | Submitting search...
2026-06-23 15:43:35,214 | INFO | Timeout waiting for result. Current URL: https://fjdefile.phila.gov/efsfjd/zk_fjd_public_qry_00.zp_main_idx?uid=z9nVOkiOBIolqsSYDxam&o=Get6FUbhXxozKg8
2026-06-23 15:43:37,323 | INFO | Debug saved: screenshots\redirected_main_page_2510T0037_20260623_154335.png
2026-06-23 15:43:37,323 | INFO | HTML saved: screenshots\redirected_main_page_2510T0037_20260623_154335.html
2026-06-23 15:43:37,323 | INFO | Attempt failed: Redirected to main page instead of result page
2026-06-23 15:43:37,323 | INFO | Failed after 2 attempts. Moving to next case.
2026-06-23 15:43:37,361 | INFO | Progress saved to: data\output\cases_results.xlsx
2026-06-23 15:43:37,361 | INFO | Waiting 2s before next case...
2026-06-23 15:43:39,362 | INFO | 
===== 38/1213 =====
2026-06-23 15:43:39,363 | INFO | 
Scraping Case ID: 2510T0038
2026-06-23 15:43:39,363 | INFO | Attempt 1/2
2026-06-23 15:43:39,363 | INFO | Opening main page...
2026-06-23 15:43:40,980 | INFO | Main page URL: https://fjdefile.phila.gov/efsfjd/zk_fjd_public_qry_00.zp_main_idx
2026-06-23 15:43:42,345 | INFO | Search page URL: https://fjdefile.phila.gov/efsfjd/zk_fjd_public_qry_03.zp_dktrpt_setup_idx?uid=z9nVOkiOBIolqsSYDxam&o=Dbt9IU8eX!rzHdb
2026-06-23 15:43:42,345 | INFO | Filling Case ID: 2510T0038
2026-06-23 15:43:42,472 | INFO | Submitting search...
2026-06-23 15:44:29,193 | INFO | Timeout waiting for result. Current URL: https://fjdefile.phila.gov/efsfjd/zk_fjd_public_qry_00.zp_main_idx?uid=z9nVOkiOBIolqsSYDxam&o=Get6FUbhXxozKg8
2026-06-23 15:44:31,329 | INFO | Debug saved: screenshots\redirected_main_page_2510T0038_20260623_154429.png
2026-06-23 15:44:31,330 | INFO | HTML saved: screenshots\redirected_main_page_2510T0038_20260623_154429.html
2026-06-23 15:44:31,330 | INFO | Attempt failed: Redirected to main page instead of result page
2026-06-23 15:44:31,330 | INFO | Waiting 2s before retry...
2026-06-23 15:44:33,331 | INFO | Attempt 2/2
2026-06-23 15:44:33,331 | INFO | Opening main page...
2026-06-23 15:44:35,001 | INFO | Main page URL: https://fjdefile.phila.gov/efsfjd/zk_fjd_public_qry_00.zp_main_idx
2026-06-23 15:44:36,327 | INFO | Search page URL: https://fjdefile.phila.gov/efsfjd/zk_fjd_public_qry_03.zp_dktrpt_setup_idx?uid=z9nVOkiOBIolqsSYDxam&o=Dbt9IU8eX!rzHdb
2026-06-23 15:44:36,327 | INFO | Filling Case ID: 2510T0038
2026-06-23 15:44:36,450 | INFO | Submitting search...
2026-06-23 15:45:23,165 | INFO | Timeout waiting for result. Current URL: https://fjdefile.phila.gov/efsfjd/zk_fjd_public_qry_00.zp_main_idx?uid=z9nVOkiOBIolqsSYDxam&o=Get6FUbhXxozKg8
2026-06-23 15:45:25,280 | INFO | Debug saved: screenshots\redirected_main_page_2510T0038_20260623_154523.png
2026-06-23 15:45:25,280 | INFO | HTML saved: screenshots\redirected_main_page_2510T0038_20260623_154523.html
2026-06-23 15:45:25,281 | INFO | Attempt failed: Redirected to main page instead of result page
2026-06-23 15:45:25,281 | INFO | Failed after 2 attempts. Moving to next case.
2026-06-23 15:45:25,324 | INFO | Progress saved to: data\output\cases_results.xlsx
2026-06-23 15:45:25,324 | INFO | Waiting 2s before next case...
2026-06-23 15:45:27,326 | INFO | 
===== 39/1213 =====
2026-06-23 15:45:27,326 | INFO | 
Scraping Case ID: 2510T0039
2026-06-23 15:45:27,327 | INFO | Attempt 1/2
2026-06-23 15:45:27,327 | INFO | Opening main page...
2026-06-23 15:45:29,025 | INFO | Main page URL: https://fjdefile.phila.gov/efsfjd/zk_fjd_public_qry_00.zp_main_idx
2026-06-23 15:45:30,376 | INFO | Search page URL: https://fjdefile.phila.gov/efsfjd/zk_fjd_public_qry_03.zp_dktrpt_setup_idx?uid=z9nVOkiOBIolqsSYDxam&o=Dbt9IU8eX!rzHdb
2026-06-23 15:45:30,377 | INFO | Filling Case ID: 2510T0039
2026-06-23 15:45:30,494 | INFO | Submitting search...
2026-06-23 15:46:17,235 | INFO | Timeout waiting for result. Current URL: https://fjdefile.phila.gov/efsfjd/zk_fjd_public_qry_00.zp_main_idx?uid=z9nVOkiOBIolqsSYDxam&o=Get6FUbhXxozKg8
2026-06-23 15:46:19,327 | INFO | Debug saved: screenshots\redirected_main_page_2510T0039_20260623_154617.png
2026-06-23 15:46:19,327 | INFO | HTML saved: screenshots\redirected_main_page_2510T0039_20260623_154617.html
2026-06-23 15:46:19,327 | INFO | Attempt failed: Redirected to main page instead of result page
2026-06-23 15:46:19,327 | INFO | Waiting 2s before retry...
2026-06-23 15:46:21,328 | INFO | Attempt 2/2
2026-06-23 15:46:21,329 | INFO | Opening main page...
2026-06-23 15:46:22,972 | INFO | Main page URL: https://fjdefile.phila.gov/efsfjd/zk_fjd_public_qry_00.zp_main_idx
2026-06-23 15:46:24,282 | INFO | Search page URL: https://fjdefile.phila.gov/efsfjd/zk_fjd_public_qry_03.zp_dktrpt_setup_idx?uid=z9nVOkiOBIolqsSYDxam&o=Dbt9IU8eX!rzHdb
2026-06-23 15:46:24,283 | INFO | Filling Case ID: 2510T0039
2026-06-23 15:46:24,421 | INFO | Submitting search...
2026-06-23 15:47:11,101 | INFO | Timeout waiting for result. Current URL: https://fjdefile.phila.gov/efsfjd/zk_fjd_public_qry_00.zp_main_idx?uid=z9nVOkiOBIolqsSYDxam&o=Get6FUbhXxozKg8
2026-06-23 15:47:13,212 | INFO | Debug saved: screenshots\redirected_main_page_2510T0039_20260623_154711.png
2026-06-23 15:47:13,213 | INFO | HTML saved: screenshots\redirected_main_page_2510T0039_20260623_154711.html
2026-06-23 15:47:13,213 | INFO | Attempt failed: Redirected to main page instead of result page
2026-06-23 15:47:13,213 | INFO | Failed after 2 attempts. Moving to next case.
2026-06-23 15:47:13,255 | INFO | Progress saved to: data\output\cases_results.xlsx
2026-06-23 15:47:13,255 | INFO | Waiting 2s before next case...
2026-06-23 15:47:15,256 | INFO | 
===== 40/1213 =====
2026-06-23 15:47:15,256 | INFO | 
Scraping Case ID: 2510T0040
2026-06-23 15:47:15,256 | INFO | Attempt 1/2
2026-06-23 15:47:15,257 | INFO | Opening main page...
2026-06-23 15:47:17,137 | INFO | Main page URL: https://fjdefile.phila.gov/efsfjd/zk_fjd_public_qry_00.zp_main_idx
2026-06-23 15:47:18,283 | INFO | Search page URL: https://fjdefile.phila.gov/efsfjd/zk_fjd_public_qry_03.zp_dktrpt_setup_idx?uid=z9nVOkiOBIolqsSYDxam&o=Dbt9IU8eX!rzHdb
2026-06-23 15:47:18,284 | INFO | Filling Case ID: 2510T0040
2026-06-23 15:47:18,419 | INFO | Submitting search...
2026-06-23 15:48:05,128 | INFO | Timeout waiting for result. Current URL: https://fjdefile.phila.gov/efsfjd/zk_fjd_public_qry_00.zp_main_idx?uid=z9nVOkiOBIolqsSYDxam&o=Get6FUbhXxozKg8
2026-06-23 15:48:07,256 | INFO | Debug saved: screenshots\redirected_main_page_2510T0040_20260623_154805.png
2026-06-23 15:48:07,256 | INFO | HTML saved: screenshots\redirected_main_page_2510T0040_20260623_154805.html
2026-06-23 15:48:07,257 | INFO | Attempt failed: Redirected to main page instead of result page
2026-06-23 15:48:07,257 | INFO | Waiting 2s before retry...
2026-06-23 15:48:09,257 | INFO | Attempt 2/2
2026-06-23 15:48:09,258 | INFO | Opening main page...
2026-06-23 15:48:10,911 | INFO | Main page URL: https://fjdefile.phila.gov/efsfjd/zk_fjd_public_qry_00.zp_main_idx
2026-06-23 15:48:12,201 | INFO | Search page URL: https://fjdefile.phila.gov/efsfjd/zk_fjd_public_qry_03.zp_dktrpt_setup_idx?uid=z9nVOkiOBIolqsSYDxam&o=Dbt9IU8eX!rzHdb
2026-06-23 15:48:12,201 | INFO | Filling Case ID: 2510T0040
2026-06-23 15:48:12,336 | INFO | Submitting search...
2026-06-23 15:48:59,050 | INFO | Timeout waiting for result. Current URL: https://fjdefile.phila.gov/efsfjd/zk_fjd_public_qry_00.zp_main_idx?uid=z9nVOkiOBIolqsSYDxam&o=Get6FUbhXxozKg8
2026-06-23 15:49:01,159 | INFO | Debug saved: screenshots\redirected_main_page_2510T0040_20260623_154859.png
2026-06-23 15:49:01,160 | INFO | HTML saved: screenshots\redirected_main_page_2510T0040_20260623_154859.html
2026-06-23 15:49:01,160 | INFO | Attempt failed: Redirected to main page instead of result page
2026-06-23 15:49:01,160 | INFO | Failed after 2 attempts. Moving to next case.
2026-06-23 15:49:01,202 | INFO | Progress saved to: data\output\cases_results.xlsx
2026-06-23 15:49:01,202 | INFO | Waiting 2s before next case...
2026-06-23 15:49:03,203 | INFO | 
===== 41/1213 =====
2026-06-23 15:49:03,204 | INFO | 
Scraping Case ID: 2510T0041
2026-06-23 15:49:03,204 | INFO | Attempt 1/2
2026-06-23 15:49:03,204 | INFO | Opening main page...
2026-06-23 15:49:04,890 | INFO | Main page URL: https://fjdefile.phila.gov/efsfjd/zk_fjd_public_qry_00.zp_main_idx
2026-06-23 15:49:06,190 | INFO | Search page URL: https://fjdefile.phila.gov/efsfjd/zk_fjd_public_qry_03.zp_dktrpt_setup_idx?uid=z9nVOkiOBIolqsSYDxam&o=Dbt9IU8eX!rzHdb
2026-06-23 15:49:06,191 | INFO | Filling Case ID: 2510T0041
2026-06-23 15:49:06,342 | INFO | Submitting search...
2026-06-23 15:49:53,029 | INFO | Timeout waiting for result. Current URL: https://fjdefile.phila.gov/efsfjd/zk_fjd_public_qry_00.zp_main_idx?uid=z9nVOkiOBIolqsSYDxam&o=Get6FUbhXxozKg8
2026-06-23 15:49:55,159 | INFO | Debug saved: screenshots\redirected_main_page_2510T0041_20260623_154953.png
2026-06-23 15:49:55,160 | INFO | HTML saved: screenshots\redirected_main_page_2510T0041_20260623_154953.html
2026-06-23 15:49:55,160 | INFO | Attempt failed: Redirected to main page instead of result page
2026-06-23 15:49:55,160 | INFO | Waiting 2s before retry...
2026-06-23 15:49:57,161 | INFO | Attempt 2/2
2026-06-23 15:49:57,161 | INFO | Opening main page...
2026-06-23 15:49:58,824 | INFO | Main page URL: https://fjdefile.phila.gov/efsfjd/zk_fjd_public_qry_00.zp_main_idx
2026-06-23 15:50:00,172 | INFO | Search page URL: https://fjdefile.phila.gov/efsfjd/zk_fjd_public_qry_03.zp_dktrpt_setup_idx?uid=z9nVOkiOBIolqsSYDxam&o=Dbt9IU8eX!rzHdb
2026-06-23 15:50:00,172 | INFO | Filling Case ID: 2510T0041
2026-06-23 15:50:00,291 | INFO | Submitting search...
2026-06-23 15:50:47,010 | INFO | Timeout waiting for result. Current URL: https://fjdefile.phila.gov/efsfjd/zk_fjd_public_qry_00.zp_main_idx?uid=z9nVOkiOBIolqsSYDxam&o=Get6FUbhXxozKg8
2026-06-23 15:50:49,130 | INFO | Debug saved: screenshots\redirected_main_page_2510T0041_20260623_155047.png
2026-06-23 15:50:49,130 | INFO | HTML saved: screenshots\redirected_main_page_2510T0041_20260623_155047.html
2026-06-23 15:50:49,130 | INFO | Attempt failed: Redirected to main page instead of result page
2026-06-23 15:50:49,130 | INFO | Failed after 2 attempts. Moving to next case.
2026-06-23 15:50:49,179 | INFO | Progress saved to: data\output\cases_results.xlsx
2026-06-23 15:50:49,180 | INFO | 
5 failures in a row. Cooling down for 20s...
2026-06-23 15:51:09,180 | INFO | Waiting 2s before next case...
2026-06-23 15:51:11,181 | INFO | 
===== 42/1213 =====
2026-06-23 15:51:11,181 | INFO | 
Scraping Case ID: 2510T0042
2026-06-23 15:51:11,182 | INFO | Attempt 1/2
2026-06-23 15:51:11,182 | INFO | Opening main page...
2026-06-23 15:51:12,848 | INFO | Main page URL: https://fjdefile.phila.gov/efsfjd/zk_fjd_public_qry_00.zp_main_idx
2026-06-23 15:51:14,418 | INFO | Search page URL: https://fjdefile.phila.gov/efsfjd/zk_fjd_public_qry_03.zp_dktrpt_setup_idx?uid=z9nVOkiOBIolqsSYDxam&o=Dbt9IU8eX!rzHdb
2026-06-23 15:51:14,419 | INFO | Filling Case ID: 2510T0042
2026-06-23 15:51:14,538 | INFO | Submitting search...
2026-06-23 15:52:01,207 | INFO | Timeout waiting for result. Current URL: https://fjdefile.phila.gov/efsfjd/zk_fjd_public_qry_00.zp_main_idx?uid=z9nVOkiOBIolqsSYDxam&o=Get6FUbhXxozKg8
2026-06-23 15:52:03,313 | INFO | Debug saved: screenshots\redirected_main_page_2510T0042_20260623_155201.png
2026-06-23 15:52:03,314 | INFO | HTML saved: screenshots\redirected_main_page_2510T0042_20260623_155201.html
2026-06-23 15:52:03,314 | INFO | Attempt failed: Redirected to main page instead of result page
2026-06-23 15:52:03,314 | INFO | Waiting 2s before retry...
2026-06-23 15:52:05,315 | INFO | Attempt 2/2
2026-06-23 15:52:05,315 | INFO | Opening main page...
2026-06-23 15:52:06,964 | INFO | Main page URL: https://fjdefile.phila.gov/efsfjd/zk_fjd_public_qry_00.zp_main_idx
2026-06-23 15:52:08,286 | INFO | Search page URL: https://fjdefile.phila.gov/efsfjd/zk_fjd_public_qry_03.zp_dktrpt_setup_idx?uid=z9nVOkiOBIolqsSYDxam&o=Dbt9IU8eX!rzHdb
2026-06-23 15:52:08,286 | INFO | Filling Case ID: 2510T0042
2026-06-23 15:52:08,403 | INFO | Submitting search...
2026-06-23 15:52:55,130 | INFO | Timeout waiting for result. Current URL: https://fjdefile.phila.gov/efsfjd/zk_fjd_public_qry_00.zp_main_idx?uid=z9nVOkiOBIolqsSYDxam&o=Get6FUbhXxozKg8
2026-06-23 15:52:57,287 | INFO | Debug saved: screenshots\redirected_main_page_2510T0042_20260623_155255.png
2026-06-23 15:52:57,287 | INFO | HTML saved: screenshots\redirected_main_page_2510T0042_20260623_155255.html
2026-06-23 15:52:57,288 | INFO | Attempt failed: Redirected to main page instead of result page
2026-06-23 15:52:57,288 | INFO | Failed after 2 attempts. Moving to next case.
2026-06-23 15:52:57,331 | INFO | Progress saved to: data\output\cases_results.xlsx
2026-06-23 15:52:57,332 | INFO | Waiting 2s before next case...
2026-06-23 15:52:59,333 | INFO | 
===== 43/1213 =====
2026-06-23 15:52:59,333 | INFO | 
Scraping Case ID: 2510T0043
2026-06-23 15:52:59,333 | INFO | Attempt 1/2
2026-06-23 15:52:59,334 | INFO | Opening main page...
2026-06-23 15:53:01,226 | INFO | Main page URL: https://fjdefile.phila.gov/efsfjd/zk_fjd_public_qry_00.zp_main_idx
2026-06-23 15:53:02,455 | INFO | Search page URL: https://fjdefile.phila.gov/efsfjd/zk_fjd_public_qry_03.zp_dktrpt_setup_idx?uid=z9nVOkiOBIolqsSYDxam&o=Dbt9IU8eX!rzHdb
2026-06-23 15:53:02,456 | INFO | Filling Case ID: 2510T0043
2026-06-23 15:53:02,585 | INFO | Submitting search...
2026-06-23 15:53:49,208 | INFO | Timeout waiting for result. Current URL: https://fjdefile.phila.gov/efsfjd/zk_fjd_public_qry_00.zp_main_idx?uid=z9nVOkiOBIolqsSYDxam&o=Get6FUbhXxozKg8
2026-06-23 15:53:51,291 | INFO | Debug saved: screenshots\redirected_main_page_2510T0043_20260623_155349.png
2026-06-23 15:53:51,291 | INFO | HTML saved: screenshots\redirected_main_page_2510T0043_20260623_155349.html
2026-06-23 15:53:51,291 | INFO | Attempt failed: Redirected to main page instead of result page
2026-06-23 15:53:51,292 | INFO | Waiting 2s before retry...
2026-06-23 15:53:53,292 | INFO | Attempt 2/2
2026-06-23 15:53:53,293 | INFO | Opening main page...
2026-06-23 15:53:54,979 | INFO | Main page URL: https://fjdefile.phila.gov/efsfjd/zk_fjd_public_qry_00.zp_main_idx
2026-06-23 15:53:56,467 | INFO | Search page URL: https://fjdefile.phila.gov/efsfjd/zk_fjd_public_qry_03.zp_dktrpt_setup_idx?uid=z9nVOkiOBIolqsSYDxam&o=Dbt9IU8eX!rzHdb
2026-06-23 15:53:56,468 | INFO | Filling Case ID: 2510T0043
2026-06-23 15:53:56,600 | INFO | Submitting search...
2026-06-23 15:54:43,293 | INFO | Timeout waiting for result. Current URL: https://fjdefile.phila.gov/efsfjd/zk_fjd_public_qry_00.zp_main_idx?uid=z9nVOkiOBIolqsSYDxam&o=Get6FUbhXxozKg8
2026-06-23 15:54:45,401 | INFO | Debug saved: screenshots\redirected_main_page_2510T0043_20260623_155443.png
2026-06-23 15:54:45,401 | INFO | HTML saved: screenshots\redirected_main_page_2510T0043_20260623_155443.html
2026-06-23 15:54:45,402 | INFO | Attempt failed: Redirected to main page instead of result page
2026-06-23 15:54:45,402 | INFO | Failed after 2 attempts. Moving to next case.
2026-06-23 15:54:45,439 | INFO | Progress saved to: data\output\cases_results.xlsx
2026-06-23 15:54:45,440 | INFO | Waiting 2s before next case...
2026-06-23 15:54:47,441 | INFO | 
===== 44/1213 =====
2026-06-23 15:54:47,441 | INFO | 
Scraping Case ID: 2510T0045
2026-06-23 15:54:47,441 | INFO | Attempt 1/2
2026-06-23 15:54:47,442 | INFO | Opening main page...
2026-06-23 15:54:49,127 | INFO | Main page URL: https://fjdefile.phila.gov/efsfjd/zk_fjd_public_qry_00.zp_main_idx
2026-06-23 15:54:50,442 | INFO | Search page URL: https://fjdefile.phila.gov/efsfjd/zk_fjd_public_qry_03.zp_dktrpt_setup_idx?uid=z9nVOkiOBIolqsSYDxam&o=Dbt9IU8eX!rzHdb
2026-06-23 15:54:50,442 | INFO | Filling Case ID: 2510T0045
2026-06-23 15:54:50,562 | INFO | Submitting search...
2026-06-23 15:55:37,261 | INFO | Timeout waiting for result. Current URL: https://fjdefile.phila.gov/efsfjd/zk_fjd_public_qry_00.zp_main_idx?uid=z9nVOkiOBIolqsSYDxam&o=Get6FUbhXxozKg8
2026-06-23 15:55:39,382 | INFO | Debug saved: screenshots\redirected_main_page_2510T0045_20260623_155537.png
2026-06-23 15:55:39,382 | INFO | HTML saved: screenshots\redirected_main_page_2510T0045_20260623_155537.html
2026-06-23 15:55:39,382 | INFO | Attempt failed: Redirected to main page instead of result page
2026-06-23 15:55:39,382 | INFO | Waiting 2s before retry...
2026-06-23 15:55:41,383 | INFO | Attempt 2/2
2026-06-23 15:55:41,383 | INFO | Opening main page...
2026-06-23 15:55:43,011 | INFO | Main page URL: https://fjdefile.phila.gov/efsfjd/zk_fjd_public_qry_00.zp_main_idx
2026-06-23 15:55:44,393 | INFO | Search page URL: https://fjdefile.phila.gov/efsfjd/zk_fjd_public_qry_03.zp_dktrpt_setup_idx?uid=z9nVOkiOBIolqsSYDxam&o=Dbt9IU8eX!rzHdb
2026-06-23 15:55:44,394 | INFO | Filling Case ID: 2510T0045
2026-06-23 15:55:44,529 | INFO | Submitting search...
2026-06-23 15:56:31,163 | INFO | Timeout waiting for result. Current URL: https://fjdefile.phila.gov/efsfjd/zk_fjd_public_qry_00.zp_main_idx?uid=z9nVOkiOBIolqsSYDxam&o=Get6FUbhXxozKg8
2026-06-23 15:56:33,310 | INFO | Debug saved: screenshots\redirected_main_page_2510T0045_20260623_155631.png
2026-06-23 15:56:33,310 | INFO | HTML saved: screenshots\redirected_main_page_2510T0045_20260623_155631.html
2026-06-23 15:56:33,310 | INFO | Attempt failed: Redirected to main page instead of result page
2026-06-23 15:56:33,310 | INFO | Failed after 2 attempts. Moving to next case.
2026-06-23 15:56:33,352 | INFO | Progress saved to: data\output\cases_results.xlsx
2026-06-23 15:56:33,352 | INFO | Waiting 2s before next case...
2026-06-23 15:56:35,353 | INFO | 
===== 45/1213 =====
2026-06-23 15:56:35,354 | INFO | 
Scraping Case ID: 2510T0046
2026-06-23 15:56:35,354 | INFO | Attempt 1/2
2026-06-23 15:56:35,354 | INFO | Opening main page...
2026-06-23 15:56:37,015 | INFO | Main page URL: https://fjdefile.phila.gov/efsfjd/zk_fjd_public_qry_00.zp_main_idx
2026-06-23 15:56:38,372 | INFO | Search page URL: https://fjdefile.phila.gov/efsfjd/zk_fjd_public_qry_03.zp_dktrpt_setup_idx?uid=z9nVOkiOBIolqsSYDxam&o=Dbt9IU8eX!rzHdb
2026-06-23 15:56:38,372 | INFO | Filling Case ID: 2510T0046
2026-06-23 15:56:38,495 | INFO | Submitting search...
2026-06-23 15:57:25,185 | INFO | Timeout waiting for result. Current URL: https://fjdefile.phila.gov/efsfjd/zk_fjd_public_qry_00.zp_main_idx?uid=z9nVOkiOBIolqsSYDxam&o=Get6FUbhXxozKg8
2026-06-23 15:57:27,293 | INFO | Debug saved: screenshots\redirected_main_page_2510T0046_20260623_155725.png
2026-06-23 15:57:27,293 | INFO | HTML saved: screenshots\redirected_main_page_2510T0046_20260623_155725.html
2026-06-23 15:57:27,294 | INFO | Attempt failed: Redirected to main page instead of result page
2026-06-23 15:57:27,294 | INFO | Waiting 2s before retry...
2026-06-23 15:57:29,295 | INFO | Attempt 2/2
2026-06-23 15:57:29,295 | INFO | Opening main page...
2026-06-23 15:57:30,912 | INFO | Main page URL: https://fjdefile.phila.gov/efsfjd/zk_fjd_public_qry_00.zp_main_idx
2026-06-23 15:57:32,286 | INFO | Search page URL: https://fjdefile.phila.gov/efsfjd/zk_fjd_public_qry_03.zp_dktrpt_setup_idx?uid=z9nVOkiOBIolqsSYDxam&o=Dbt9IU8eX!rzHdb
2026-06-23 15:57:32,286 | INFO | Filling Case ID: 2510T0046
2026-06-23 15:57:32,397 | INFO | Submitting search...
2026-06-23 15:58:19,047 | INFO | Timeout waiting for result. Current URL: https://fjdefile.phila.gov/efsfjd/zk_fjd_public_qry_00.zp_main_idx?uid=z9nVOkiOBIolqsSYDxam&o=Get6FUbhXxozKg8
2026-06-23 15:58:21,151 | INFO | Debug saved: screenshots\redirected_main_page_2510T0046_20260623_155819.png
2026-06-23 15:58:21,152 | INFO | HTML saved: screenshots\redirected_main_page_2510T0046_20260623_155819.html
2026-06-23 15:58:21,152 | INFO | Attempt failed: Redirected to main page instead of result page
2026-06-23 15:58:21,152 | INFO | Failed after 2 attempts. Moving to next case.
2026-06-23 15:58:21,198 | INFO | Progress saved to: data\output\cases_results.xlsx
2026-06-23 15:58:21,198 | INFO | Waiting 2s before next case...
2026-06-23 15:58:23,199 | INFO | 
===== 46/1213 =====
2026-06-23 15:58:23,199 | INFO | 
Scraping Case ID: 2510T0047
2026-06-23 15:58:23,200 | INFO | Attempt 1/2
2026-06-23 15:58:23,200 | INFO | Opening main page...
2026-06-23 15:58:25,168 | INFO | Main page URL: https://fjdefile.phila.gov/efsfjd/zk_fjd_public_qry_00.zp_main_idx
2026-06-23 15:58:26,218 | INFO | Search page URL: https://fjdefile.phila.gov/efsfjd/zk_fjd_public_qry_03.zp_dktrpt_setup_idx?uid=z9nVOkiOBIolqsSYDxam&o=Dbt9IU8eX!rzHdb
2026-06-23 15:58:26,219 | INFO | Filling Case ID: 2510T0047
2026-06-23 15:58:26,351 | INFO | Submitting search...
2026-06-23 15:59:13,049 | INFO | Timeout waiting for result. Current URL: https://fjdefile.phila.gov/efsfjd/zk_fjd_public_qry_00.zp_main_idx?uid=z9nVOkiOBIolqsSYDxam&o=Get6FUbhXxozKg8
2026-06-23 15:59:15,166 | INFO | Debug saved: screenshots\redirected_main_page_2510T0047_20260623_155913.png
2026-06-23 15:59:15,166 | INFO | HTML saved: screenshots\redirected_main_page_2510T0047_20260623_155913.html
2026-06-23 15:59:15,166 | INFO | Attempt failed: Redirected to main page instead of result page
2026-06-23 15:59:15,166 | INFO | Waiting 2s before retry...
2026-06-23 15:59:17,167 | INFO | Attempt 2/2
2026-06-23 15:59:17,168 | INFO | Opening main page...
2026-06-23 15:59:18,786 | INFO | Main page URL: https://fjdefile.phila.gov/efsfjd/zk_fjd_public_qry_00.zp_main_idx
2026-06-23 15:59:20,117 | INFO | Search page URL: https://fjdefile.phila.gov/efsfjd/zk_fjd_public_qry_03.zp_dktrpt_setup_idx?uid=z9nVOkiOBIolqsSYDxam&o=Dbt9IU8eX!rzHdb
2026-06-23 15:59:20,117 | INFO | Filling Case ID: 2510T0047
2026-06-23 15:59:20,256 | INFO | Submitting search...
2026-06-23 16:00:06,951 | INFO | Timeout waiting for result. Current URL: https://fjdefile.phila.gov/efsfjd/zk_fjd_public_qry_00.zp_main_idx?uid=z9nVOkiOBIolqsSYDxam&o=Get6FUbhXxozKg8
2026-06-23 16:00:09,081 | INFO | Debug saved: screenshots\redirected_main_page_2510T0047_20260623_160006.png
2026-06-23 16:00:09,081 | INFO | HTML saved: screenshots\redirected_main_page_2510T0047_20260623_160006.html
2026-06-23 16:00:09,081 | INFO | Attempt failed: Redirected to main page instead of result page
2026-06-23 16:00:09,081 | INFO | Failed after 2 attempts. Moving to next case.
2026-06-23 16:00:09,129 | INFO | Progress saved to: data\output\cases_results.xlsx
2026-06-23 16:00:09,130 | INFO | 
5 failures in a row. Cooling down for 20s...
2026-06-23 16:00:29,130 | INFO | Waiting 2s before next case...
2026-06-23 16:00:31,131 | INFO | 
===== 47/1213 =====
2026-06-23 16:00:31,131 | INFO | 
Scraping Case ID: 2510T0048
2026-06-23 16:00:31,131 | INFO | Attempt 1/2
2026-06-23 16:00:31,131 | INFO | Opening main page...
2026-06-23 16:00:32,868 | INFO | Main page URL: https://fjdefile.phila.gov/efsfjd/zk_fjd_public_qry_00.zp_main_idx
2026-06-23 16:00:34,197 | INFO | Search page URL: https://fjdefile.phila.gov/efsfjd/zk_fjd_public_qry_03.zp_dktrpt_setup_idx?uid=z9nVOkiOBIolqsSYDxam&o=Dbt9IU8eX!rzHdb
2026-06-23 16:00:34,198 | INFO | Filling Case ID: 2510T0048
2026-06-23 16:00:34,312 | INFO | Submitting search...
2026-06-23 16:01:21,024 | INFO | Timeout waiting for result. Current URL: https://fjdefile.phila.gov/efsfjd/zk_fjd_public_qry_00.zp_main_idx?uid=z9nVOkiOBIolqsSYDxam&o=Get6FUbhXxozKg8
2026-06-23 16:01:23,148 | INFO | Debug saved: screenshots\redirected_main_page_2510T0048_20260623_160121.png
2026-06-23 16:01:23,148 | INFO | HTML saved: screenshots\redirected_main_page_2510T0048_20260623_160121.html
2026-06-23 16:01:23,148 | INFO | Attempt failed: Redirected to main page instead of result page
2026-06-23 16:01:23,148 | INFO | Waiting 2s before retry...
2026-06-23 16:01:25,149 | INFO | Attempt 2/2
2026-06-23 16:01:25,150 | INFO | Opening main page...
2026-06-23 16:01:26,773 | INFO | Main page URL: https://fjdefile.phila.gov/efsfjd/zk_fjd_public_qry_00.zp_main_idx
2026-06-23 16:01:28,125 | INFO | Search page URL: https://fjdefile.phila.gov/efsfjd/zk_fjd_public_qry_03.zp_dktrpt_setup_idx?uid=z9nVOkiOBIolqsSYDxam&o=Dbt9IU8eX!rzHdb
2026-06-23 16:01:28,125 | INFO | Filling Case ID: 2510T0048
2026-06-23 16:01:28,247 | INFO | Submitting search...
2026-06-23 16:02:14,955 | INFO | Timeout waiting for result. Current URL: https://fjdefile.phila.gov/efsfjd/zk_fjd_public_qry_00.zp_main_idx?uid=z9nVOkiOBIolqsSYDxam&o=Get6FUbhXxozKg8
2026-06-23 16:02:17,063 | INFO | Debug saved: screenshots\redirected_main_page_2510T0048_20260623_160214.png
2026-06-23 16:02:17,064 | INFO | HTML saved: screenshots\redirected_main_page_2510T0048_20260623_160214.html
2026-06-23 16:02:17,064 | INFO | Attempt failed: Redirected to main page instead of result page
2026-06-23 16:02:17,064 | INFO | Failed after 2 attempts. Moving to next case.
2026-06-23 16:02:17,111 | INFO | Progress saved to: data\output\cases_results.xlsx
2026-06-23 16:02:17,112 | INFO | Waiting 2s before next case...
2026-06-23 16:02:19,112 | INFO | 
===== 48/1213 =====
2026-06-23 16:02:19,113 | INFO | 
Scraping Case ID: 2510T0049
2026-06-23 16:02:19,113 | INFO | Attempt 1/2
2026-06-23 16:02:19,113 | INFO | Opening main page...
2026-06-23 16:02:20,826 | INFO | Main page URL: https://fjdefile.phila.gov/efsfjd/zk_fjd_public_qry_00.zp_main_idx
2026-06-23 16:02:22,140 | INFO | Search page URL: https://fjdefile.phila.gov/efsfjd/zk_fjd_public_qry_03.zp_dktrpt_setup_idx?uid=z9nVOkiOBIolqsSYDxam&o=Dbt9IU8eX!rzHdb
2026-06-23 16:02:22,140 | INFO | Filling Case ID: 2510T0049
2026-06-23 16:02:22,261 | INFO | Submitting search...
2026-06-23 16:03:08,985 | INFO | Timeout waiting for result. Current URL: https://fjdefile.phila.gov/efsfjd/zk_fjd_public_qry_00.zp_main_idx?uid=z9nVOkiOBIolqsSYDxam&o=Get6FUbhXxozKg8
2026-06-23 16:03:11,108 | INFO | Debug saved: screenshots\redirected_main_page_2510T0049_20260623_160308.png
2026-06-23 16:03:11,109 | INFO | HTML saved: screenshots\redirected_main_page_2510T0049_20260623_160308.html
2026-06-23 16:03:11,109 | INFO | Attempt failed: Redirected to main page instead of result page
2026-06-23 16:03:11,109 | INFO | Waiting 2s before retry...
2026-06-23 16:03:13,110 | INFO | Attempt 2/2
2026-06-23 16:03:13,110 | INFO | Opening main page...
2026-06-23 16:03:14,739 | INFO | Main page URL: https://fjdefile.phila.gov/efsfjd/zk_fjd_public_qry_00.zp_main_idx
2026-06-23 16:03:16,081 | INFO | Search page URL: https://fjdefile.phila.gov/efsfjd/zk_fjd_public_qry_03.zp_dktrpt_setup_idx?uid=z9nVOkiOBIolqsSYDxam&o=Dbt9IU8eX!rzHdb
2026-06-23 16:03:16,082 | INFO | Filling Case ID: 2510T0049
2026-06-23 16:03:16,221 | INFO | Submitting search...
2026-06-23 16:04:02,866 | INFO | Timeout waiting for result. Current URL: https://fjdefile.phila.gov/efsfjd/zk_fjd_public_qry_00.zp_main_idx?uid=z9nVOkiOBIolqsSYDxam&o=Get6FUbhXxozKg8
2026-06-23 16:04:04,989 | INFO | Debug saved: screenshots\redirected_main_page_2510T0049_20260623_160402.png
2026-06-23 16:04:04,989 | INFO | HTML saved: screenshots\redirected_main_page_2510T0049_20260623_160402.html
2026-06-23 16:04:04,990 | INFO | Attempt failed: Redirected to main page instead of result page
2026-06-23 16:04:04,990 | INFO | Failed after 2 attempts. Moving to next case.
2026-06-23 16:04:05,031 | INFO | Progress saved to: data\output\cases_results.xlsx
2026-06-23 16:04:05,032 | INFO | Waiting 2s before next case...
2026-06-23 16:04:07,033 | INFO | 
===== 49/1213 =====
2026-06-23 16:04:07,033 | INFO | 
Scraping Case ID: 2510T0050
2026-06-23 16:04:07,033 | INFO | Attempt 1/2
2026-06-23 16:04:07,034 | INFO | Opening main page...
2026-06-23 16:04:08,996 | INFO | Main page URL: https://fjdefile.phila.gov/efsfjd/zk_fjd_public_qry_00.zp_main_idx
2026-06-23 16:04:10,117 | INFO | Search page URL: https://fjdefile.phila.gov/efsfjd/zk_fjd_public_qry_03.zp_dktrpt_setup_idx?uid=z9nVOkiOBIolqsSYDxam&o=Dbt9IU8eX!rzHdb
2026-06-23 16:04:10,117 | INFO | Filling Case ID: 2510T0050
2026-06-23 16:04:10,228 | INFO | Submitting search...
2026-06-23 16:04:56,883 | INFO | Timeout waiting for result. Current URL: https://fjdefile.phila.gov/efsfjd/zk_fjd_public_qry_00.zp_main_idx?uid=z9nVOkiOBIolqsSYDxam&o=Get6FUbhXxozKg8
2026-06-23 16:04:58,975 | INFO | Debug saved: screenshots\redirected_main_page_2510T0050_20260623_160456.png
2026-06-23 16:04:58,976 | INFO | HTML saved: screenshots\redirected_main_page_2510T0050_20260623_160456.html
2026-06-23 16:04:58,976 | INFO | Attempt failed: Redirected to main page instead of result page
2026-06-23 16:04:58,976 | INFO | Waiting 2s before retry...
2026-06-23 16:05:00,977 | INFO | Attempt 2/2
2026-06-23 16:05:00,977 | INFO | Opening main page...
2026-06-23 16:05:02,651 | INFO | Main page URL: https://fjdefile.phila.gov/efsfjd/zk_fjd_public_qry_00.zp_main_idx
2026-06-23 16:05:04,212 | INFO | Search page URL: https://fjdefile.phila.gov/efsfjd/zk_fjd_public_qry_03.zp_dktrpt_setup_idx?uid=z9nVOkiOBIolqsSYDxam&o=Dbt9IU8eX!rzHdb
2026-06-23 16:05:04,213 | INFO | Filling Case ID: 2510T0050
2026-06-23 16:05:04,347 | INFO | Submitting search...
2026-06-23 16:05:51,045 | INFO | Timeout waiting for result. Current URL: https://fjdefile.phila.gov/efsfjd/zk_fjd_public_qry_00.zp_main_idx?uid=z9nVOkiOBIolqsSYDxam&o=Get6FUbhXxozKg8
2026-06-23 16:05:53,167 | INFO | Debug saved: screenshots\redirected_main_page_2510T0050_20260623_160551.png
2026-06-23 16:05:53,168 | INFO | HTML saved: screenshots\redirected_main_page_2510T0050_20260623_160551.html
2026-06-23 16:05:53,168 | INFO | Attempt failed: Redirected to main page instead of result page
2026-06-23 16:05:53,168 | INFO | Failed after 2 attempts. Moving to next case.
2026-06-23 16:05:53,215 | INFO | Progress saved to: data\output\cases_results.xlsx
2026-06-23 16:05:53,215 | INFO | Waiting 2s before next case...
2026-06-23 16:05:55,216 | INFO | 
===== 50/1213 =====
2026-06-23 16:05:55,217 | INFO | 
Scraping Case ID: 2510T0051
2026-06-23 16:05:55,217 | INFO | Attempt 1/2
2026-06-23 16:05:55,217 | INFO | Opening main page...
2026-06-23 16:05:56,943 | INFO | Main page URL: https://fjdefile.phila.gov/efsfjd/zk_fjd_public_qry_00.zp_main_idx
2026-06-23 16:05:58,277 | INFO | Search page URL: https://fjdefile.phila.gov/efsfjd/zk_fjd_public_qry_03.zp_dktrpt_setup_idx?uid=z9nVOkiOBIolqsSYDxam&o=Dbt9IU8eX!rzHdb
2026-06-23 16:05:58,277 | INFO | Filling Case ID: 2510T0051
2026-06-23 16:05:58,405 | INFO | Submitting search...
2026-06-23 16:06:45,117 | INFO | Timeout waiting for result. Current URL: https://fjdefile.phila.gov/efsfjd/zk_fjd_public_qry_00.zp_main_idx?uid=z9nVOkiOBIolqsSYDxam&o=Get6FUbhXxozKg8
2026-06-23 16:06:47,214 | INFO | Debug saved: screenshots\redirected_main_page_2510T0051_20260623_160645.png
2026-06-23 16:06:47,214 | INFO | HTML saved: screenshots\redirected_main_page_2510T0051_20260623_160645.html
2026-06-23 16:06:47,214 | INFO | Attempt failed: Redirected to main page instead of result page
2026-06-23 16:06:47,215 | INFO | Waiting 2s before retry...
2026-06-23 16:06:49,215 | INFO | Attempt 2/2
2026-06-23 16:06:49,216 | INFO | Opening main page...
2026-06-23 16:06:50,860 | INFO | Main page URL: https://fjdefile.phila.gov/efsfjd/zk_fjd_public_qry_00.zp_main_idx
2026-06-23 16:06:52,173 | INFO | Search page URL: https://fjdefile.phila.gov/efsfjd/zk_fjd_public_qry_03.zp_dktrpt_setup_idx?uid=z9nVOkiOBIolqsSYDxam&o=Dbt9IU8eX!rzHdb
2026-06-23 16:06:52,173 | INFO | Filling Case ID: 2510T0051
2026-06-23 16:06:52,291 | INFO | Submitting search...
2026-06-23 16:07:38,991 | INFO | Timeout waiting for result. Current URL: https://fjdefile.phila.gov/efsfjd/zk_fjd_public_qry_00.zp_main_idx?uid=z9nVOkiOBIolqsSYDxam&o=Get6FUbhXxozKg8
2026-06-23 16:07:41,101 | INFO | Debug saved: screenshots\redirected_main_page_2510T0051_20260623_160738.png
2026-06-23 16:07:41,102 | INFO | HTML saved: screenshots\redirected_main_page_2510T0051_20260623_160738.html
2026-06-23 16:07:41,102 | INFO | Attempt failed: Redirected to main page instead of result page
2026-06-23 16:07:41,102 | INFO | Failed after 2 attempts. Moving to next case.
2026-06-23 16:07:41,148 | INFO | Progress saved to: data\output\cases_results.xlsx
2026-06-23 16:07:41,148 | INFO | Waiting 2s before next case...
2026-06-23 16:07:43,149 | INFO | 
===== 51/1213 =====
2026-06-23 16:07:43,149 | INFO | 
Scraping Case ID: 2510T0052
2026-06-23 16:07:43,149 | INFO | Attempt 1/2
2026-06-23 16:07:43,150 | INFO | Opening main page...
2026-06-23 16:07:44,838 | INFO | Main page URL: https://fjdefile.phila.gov/efsfjd/zk_fjd_public_qry_00.zp_main_idx
2026-06-23 16:07:46,169 | INFO | Search page URL: https://fjdefile.phila.gov/efsfjd/zk_fjd_public_qry_03.zp_dktrpt_setup_idx?uid=z9nVOkiOBIolqsSYDxam&o=Dbt9IU8eX!rzHdb
2026-06-23 16:07:46,170 | INFO | Filling Case ID: 2510T0052
2026-06-23 16:07:46,301 | INFO | Submitting search...
2026-06-23 16:08:33,000 | INFO | Timeout waiting for result. Current URL: https://fjdefile.phila.gov/efsfjd/zk_fjd_public_qry_00.zp_main_idx?uid=z9nVOkiOBIolqsSYDxam&o=Get6FUbhXxozKg8
2026-06-23 16:08:35,102 | INFO | Debug saved: screenshots\redirected_main_page_2510T0052_20260623_160833.png
2026-06-23 16:08:35,103 | INFO | HTML saved: screenshots\redirected_main_page_2510T0052_20260623_160833.html
2026-06-23 16:08:35,103 | INFO | Attempt failed: Redirected to main page instead of result page
2026-06-23 16:08:35,103 | INFO | Waiting 2s before retry...
2026-06-23 16:08:37,103 | INFO | Attempt 2/2
2026-06-23 16:08:37,104 | INFO | Opening main page...
2026-06-23 16:08:38,728 | INFO | Main page URL: https://fjdefile.phila.gov/efsfjd/zk_fjd_public_qry_00.zp_main_idx
2026-06-23 16:08:40,045 | INFO | Search page URL: https://fjdefile.phila.gov/efsfjd/zk_fjd_public_qry_03.zp_dktrpt_setup_idx?uid=z9nVOkiOBIolqsSYDxam&o=Dbt9IU8eX!rzHdb
2026-06-23 16:08:40,046 | INFO | Filling Case ID: 2510T0052
2026-06-23 16:08:40,169 | INFO | Submitting search...
2026-06-23 16:09:26,884 | INFO | Timeout waiting for result. Current URL: https://fjdefile.phila.gov/efsfjd/zk_fjd_public_qry_00.zp_main_idx?uid=z9nVOkiOBIolqsSYDxam&o=Get6FUbhXxozKg8
2026-06-23 16:09:29,008 | INFO | Debug saved: screenshots\redirected_main_page_2510T0052_20260623_160926.png
2026-06-23 16:09:29,008 | INFO | HTML saved: screenshots\redirected_main_page_2510T0052_20260623_160926.html
2026-06-23 16:09:29,008 | INFO | Attempt failed: Redirected to main page instead of result page
2026-06-23 16:09:29,009 | INFO | Failed after 2 attempts. Moving to next case.
2026-06-23 16:09:29,049 | INFO | Progress saved to: data\output\cases_results.xlsx
2026-06-23 16:09:29,049 | INFO | 
5 failures in a row. Cooling down for 20s...
2026-06-23 16:09:49,050 | INFO | Waiting 2s before next case...
2026-06-23 16:09:51,051 | INFO | 
===== 52/1213 =====
2026-06-23 16:09:51,052 | INFO | 
Scraping Case ID: 2510T0053
2026-06-23 16:09:51,052 | INFO | Attempt 1/2
2026-06-23 16:09:51,052 | INFO | Opening main page...
2026-06-23 16:09:52,933 | INFO | Main page URL: https://fjdefile.phila.gov/efsfjd/zk_fjd_public_qry_00.zp_main_idx
2026-06-23 16:09:54,117 | INFO | Search page URL: https://fjdefile.phila.gov/efsfjd/zk_fjd_public_qry_03.zp_dktrpt_setup_idx?uid=z9nVOkiOBIolqsSYDxam&o=Dbt9IU8eX!rzHdb
2026-06-23 16:09:54,117 | INFO | Filling Case ID: 2510T0053
2026-06-23 16:09:54,246 | INFO | Submitting search...
2026-06-23 16:10:40,939 | INFO | Timeout waiting for result. Current URL: https://fjdefile.phila.gov/efsfjd/zk_fjd_public_qry_00.zp_main_idx?uid=z9nVOkiOBIolqsSYDxam&o=Get6FUbhXxozKg8
2026-06-23 16:10:43,048 | INFO | Debug saved: screenshots\redirected_main_page_2510T0053_20260623_161040.png
2026-06-23 16:10:43,049 | INFO | HTML saved: screenshots\redirected_main_page_2510T0053_20260623_161040.html
2026-06-23 16:10:43,049 | INFO | Attempt failed: Redirected to main page instead of result page
2026-06-23 16:10:43,049 | INFO | Waiting 2s before retry...
2026-06-23 16:10:45,050 | INFO | Attempt 2/2
2026-06-23 16:10:45,051 | INFO | Opening main page...
2026-06-23 16:10:46,669 | INFO | Main page URL: https://fjdefile.phila.gov/efsfjd/zk_fjd_public_qry_00.zp_main_idx
2026-06-23 16:10:48,010 | INFO | Search page URL: https://fjdefile.phila.gov/efsfjd/zk_fjd_public_qry_03.zp_dktrpt_setup_idx?uid=z9nVOkiOBIolqsSYDxam&o=Dbt9IU8eX!rzHdb
2026-06-23 16:10:48,011 | INFO | Filling Case ID: 2510T0053
2026-06-23 16:10:48,132 | INFO | Submitting search...
2026-06-23 16:11:34,811 | INFO | Timeout waiting for result. Current URL: https://fjdefile.phila.gov/efsfjd/zk_fjd_public_qry_00.zp_main_idx?uid=z9nVOkiOBIolqsSYDxam&o=Get6FUbhXxozKg8
2026-06-23 16:11:36,925 | INFO | Debug saved: screenshots\redirected_main_page_2510T0053_20260623_161134.png
2026-06-23 16:11:36,925 | INFO | HTML saved: screenshots\redirected_main_page_2510T0053_20260623_161134.html
2026-06-23 16:11:36,925 | INFO | Attempt failed: Redirected to main page instead of result page
2026-06-23 16:11:36,925 | INFO | Failed after 2 attempts. Moving to next case.
2026-06-23 16:11:37,004 | INFO | Progress saved to: data\output\cases_results.xlsx
2026-06-23 16:11:37,004 | INFO | Waiting 2s before next case...
2026-06-23 16:11:39,005 | INFO | 
===== 53/1213 =====
2026-06-23 16:11:39,005 | INFO | 
Scraping Case ID: 2510T0054
2026-06-23 16:11:39,006 | INFO | Attempt 1/2
2026-06-23 16:11:39,006 | INFO | Opening main page...
2026-06-23 16:11:40,691 | INFO | Main page URL: https://fjdefile.phila.gov/efsfjd/zk_fjd_public_qry_00.zp_main_idx
2026-06-23 16:11:42,013 | INFO | Search page URL: https://fjdefile.phila.gov/efsfjd/zk_fjd_public_qry_03.zp_dktrpt_setup_idx?uid=z9nVOkiOBIolqsSYDxam&o=Dbt9IU8eX!rzHdb
2026-06-23 16:11:42,013 | INFO | Filling Case ID: 2510T0054
2026-06-23 16:11:42,144 | INFO | Submitting search...
2026-06-23 16:12:28,830 | INFO | Timeout waiting for result. Current URL: https://fjdefile.phila.gov/efsfjd/zk_fjd_public_qry_00.zp_main_idx?uid=z9nVOkiOBIolqsSYDxam&o=Get6FUbhXxozKg8
2026-06-23 16:12:30,934 | INFO | Debug saved: screenshots\redirected_main_page_2510T0054_20260623_161228.png
2026-06-23 16:12:30,934 | INFO | HTML saved: screenshots\redirected_main_page_2510T0054_20260623_161228.html
2026-06-23 16:12:30,935 | INFO | Attempt failed: Redirected to main page instead of result page
2026-06-23 16:12:30,935 | INFO | Waiting 2s before retry...
2026-06-23 16:12:32,936 | INFO | Attempt 2/2
2026-06-23 16:12:32,936 | INFO | Opening main page...
2026-06-23 16:12:34,652 | INFO | Main page URL: https://fjdefile.phila.gov/efsfjd/zk_fjd_public_qry_00.zp_main_idx
2026-06-23 16:12:36,031 | INFO | Search page URL: https://fjdefile.phila.gov/efsfjd/zk_fjd_public_qry_03.zp_dktrpt_setup_idx?uid=z9nVOkiOBIolqsSYDxam&o=Dbt9IU8eX!rzHdb
2026-06-23 16:12:36,031 | INFO | Filling Case ID: 2510T0054
2026-06-23 16:12:36,168 | INFO | Submitting search...
2026-06-23 16:13:22,801 | INFO | Timeout waiting for result. Current URL: https://fjdefile.phila.gov/efsfjd/zk_fjd_public_qry_00.zp_main_idx?uid=z9nVOkiOBIolqsSYDxam&o=Get6FUbhXxozKg8
2026-06-23 16:13:24,914 | INFO | Debug saved: screenshots\redirected_main_page_2510T0054_20260623_161322.png
2026-06-23 16:13:24,914 | INFO | HTML saved: screenshots\redirected_main_page_2510T0054_20260623_161322.html
2026-06-23 16:13:24,914 | INFO | Attempt failed: Redirected to main page instead of result page
2026-06-23 16:13:24,915 | INFO | Failed after 2 attempts. Moving to next case.
2026-06-23 16:13:24,965 | INFO | Progress saved to: data\output\cases_results.xlsx
2026-06-23 16:13:24,965 | INFO | Waiting 2s before next case...
2026-06-23 16:13:26,965 | INFO | 
===== 54/1213 =====
2026-06-23 16:13:26,966 | INFO | 
Scraping Case ID: 2510T0055
2026-06-23 16:13:26,966 | INFO | Attempt 1/2
2026-06-23 16:13:26,967 | INFO | Opening main page...
2026-06-23 16:13:28,688 | INFO | Main page URL: https://fjdefile.phila.gov/efsfjd/zk_fjd_public_qry_00.zp_main_idx
2026-06-23 16:13:30,332 | INFO | Search page URL: https://fjdefile.phila.gov/efsfjd/zk_fjd_public_qry_03.zp_dktrpt_setup_idx?uid=z9nVOkiOBIolqsSYDxam&o=Dbt9IU8eX!rzHdb
2026-06-23 16:13:30,332 | INFO | Filling Case ID: 2510T0055
2026-06-23 16:13:30,450 | INFO | Submitting search...
2026-06-23 16:14:17,107 | INFO | Timeout waiting for result. Current URL: https://fjdefile.phila.gov/efsfjd/zk_fjd_public_qry_00.zp_main_idx?uid=z9nVOkiOBIolqsSYDxam&o=Get6FUbhXxozKg8
2026-06-23 16:14:19,230 | INFO | Debug saved: screenshots\redirected_main_page_2510T0055_20260623_161417.png
2026-06-23 16:14:19,230 | INFO | HTML saved: screenshots\redirected_main_page_2510T0055_20260623_161417.html
2026-06-23 16:14:19,230 | INFO | Attempt failed: Redirected to main page instead of result page
2026-06-23 16:14:19,230 | INFO | Waiting 2s before retry...
2026-06-23 16:14:21,231 | INFO | Attempt 2/2
2026-06-23 16:14:21,232 | INFO | Opening main page...
2026-06-23 16:14:22,851 | INFO | Main page URL: https://fjdefile.phila.gov/efsfjd/zk_fjd_public_qry_00.zp_main_idx
2026-06-23 16:14:24,152 | INFO | Search page URL: https://fjdefile.phila.gov/efsfjd/zk_fjd_public_qry_03.zp_dktrpt_setup_idx?uid=z9nVOkiOBIolqsSYDxam&o=Dbt9IU8eX!rzHdb
2026-06-23 16:14:24,152 | INFO | Filling Case ID: 2510T0055
2026-06-23 16:14:24,269 | INFO | Submitting search...
2026-06-23 16:15:11,006 | INFO | Timeout waiting for result. Current URL: https://fjdefile.phila.gov/efsfjd/zk_fjd_public_qry_00.zp_main_idx?uid=z9nVOkiOBIolqsSYDxam&o=Get6FUbhXxozKg8
2026-06-23 16:15:13,121 | INFO | Debug saved: screenshots\redirected_main_page_2510T0055_20260623_161511.png
2026-06-23 16:15:13,121 | INFO | HTML saved: screenshots\redirected_main_page_2510T0055_20260623_161511.html
2026-06-23 16:15:13,122 | INFO | Attempt failed: Redirected to main page instead of result page
2026-06-23 16:15:13,122 | INFO | Failed after 2 attempts. Moving to next case.
2026-06-23 16:15:13,174 | INFO | Progress saved to: data\output\cases_results.xlsx
2026-06-23 16:15:13,175 | INFO | Waiting 2s before next case...
2026-06-23 16:15:15,175 | INFO | 
===== 55/1213 =====
2026-06-23 16:15:15,176 | INFO | 
Scraping Case ID: 2510T0056
2026-06-23 16:15:15,176 | INFO | Attempt 1/2
2026-06-23 16:15:15,176 | INFO | Opening main page...
2026-06-23 16:15:17,018 | INFO | Main page URL: https://fjdefile.phila.gov/efsfjd/zk_fjd_public_qry_00.zp_main_idx
2026-06-23 16:15:18,178 | INFO | Search page URL: https://fjdefile.phila.gov/efsfjd/zk_fjd_public_qry_03.zp_dktrpt_setup_idx?uid=z9nVOkiOBIolqsSYDxam&o=Dbt9IU8eX!rzHdb
2026-06-23 16:15:18,179 | INFO | Filling Case ID: 2510T0056
2026-06-23 16:15:18,308 | INFO | Submitting search...
2026-06-23 16:16:05,023 | INFO | Timeout waiting for result. Current URL: https://fjdefile.phila.gov/efsfjd/zk_fjd_public_qry_00.zp_main_idx?uid=z9nVOkiOBIolqsSYDxam&o=Get6FUbhXxozKg8
2026-06-23 16:16:07,169 | INFO | Debug saved: screenshots\redirected_main_page_2510T0056_20260623_161605.png
2026-06-23 16:16:07,169 | INFO | HTML saved: screenshots\redirected_main_page_2510T0056_20260623_161605.html
2026-06-23 16:16:07,169 | INFO | Attempt failed: Redirected to main page instead of result page
2026-06-23 16:16:07,170 | INFO | Waiting 2s before retry...
2026-06-23 16:16:09,170 | INFO | Attempt 2/2
2026-06-23 16:16:09,171 | INFO | Opening main page...
2026-06-23 16:16:10,801 | INFO | Main page URL: https://fjdefile.phila.gov/efsfjd/zk_fjd_public_qry_00.zp_main_idx
2026-06-23 16:16:12,113 | INFO | Search page URL: https://fjdefile.phila.gov/efsfjd/zk_fjd_public_qry_03.zp_dktrpt_setup_idx?uid=z9nVOkiOBIolqsSYDxam&o=Dbt9IU8eX!rzHdb
2026-06-23 16:16:12,113 | INFO | Filling Case ID: 2510T0056
2026-06-23 16:16:12,240 | INFO | Submitting search...
2026-06-23 16:16:58,966 | INFO | Timeout waiting for result. Current URL: https://fjdefile.phila.gov/efsfjd/zk_fjd_public_qry_00.zp_main_idx?uid=z9nVOkiOBIolqsSYDxam&o=Get6FUbhXxozKg8
2026-06-23 16:17:01,076 | INFO | Debug saved: screenshots\redirected_main_page_2510T0056_20260623_161658.png
2026-06-23 16:17:01,077 | INFO | HTML saved: screenshots\redirected_main_page_2510T0056_20260623_161658.html
2026-06-23 16:17:01,077 | INFO | Attempt failed: Redirected to main page instead of result page
2026-06-23 16:17:01,077 | INFO | Failed after 2 attempts. Moving to next case.
2026-06-23 16:17:01,121 | INFO | Progress saved to: data\output\cases_results.xlsx
2026-06-23 16:17:01,121 | INFO | Waiting 2s before next case...
2026-06-23 16:17:03,122 | INFO | 
===== 56/1213 =====
2026-06-23 16:17:03,122 | INFO | 
Scraping Case ID: 2510T0057
2026-06-23 16:17:03,122 | INFO | Attempt 1/2
2026-06-23 16:17:03,123 | INFO | Opening main page...
2026-06-23 16:17:04,840 | INFO | Main page URL: https://fjdefile.phila.gov/efsfjd/zk_fjd_public_qry_00.zp_main_idx
2026-06-23 16:17:06,143 | INFO | Search page URL: https://fjdefile.phila.gov/efsfjd/zk_fjd_public_qry_03.zp_dktrpt_setup_idx?uid=z9nVOkiOBIolqsSYDxam&o=Dbt9IU8eX!rzHdb
2026-06-23 16:17:06,143 | INFO | Filling Case ID: 2510T0057
2026-06-23 16:17:06,280 | INFO | Submitting search...
2026-06-23 16:17:52,966 | INFO | Timeout waiting for result. Current URL: https://fjdefile.phila.gov/efsfjd/zk_fjd_public_qry_00.zp_main_idx?uid=z9nVOkiOBIolqsSYDxam&o=Get6FUbhXxozKg8
2026-06-23 16:17:55,096 | INFO | Debug saved: screenshots\redirected_main_page_2510T0057_20260623_161752.png
2026-06-23 16:17:55,096 | INFO | HTML saved: screenshots\redirected_main_page_2510T0057_20260623_161752.html
2026-06-23 16:17:55,096 | INFO | Attempt failed: Redirected to main page instead of result page
2026-06-23 16:17:55,096 | INFO | Waiting 2s before retry...
2026-06-23 16:17:57,097 | INFO | Attempt 2/2
2026-06-23 16:17:57,097 | INFO | Opening main page...
2026-06-23 16:17:58,735 | INFO | Main page URL: https://fjdefile.phila.gov/efsfjd/zk_fjd_public_qry_00.zp_main_idx
2026-06-23 16:18:00,313 | INFO | Search page URL: https://fjdefile.phila.gov/efsfjd/zk_fjd_public_qry_03.zp_dktrpt_setup_idx?uid=z9nVOkiOBIolqsSYDxam&o=Dbt9IU8eX!rzHdb
2026-06-23 16:18:00,314 | INFO | Filling Case ID: 2510T0057
2026-06-23 16:18:00,437 | INFO | Submitting search...
2026-06-23 16:18:47,147 | INFO | Timeout waiting for result. Current URL: https://fjdefile.phila.gov/efsfjd/zk_fjd_public_qry_00.zp_main_idx?uid=z9nVOkiOBIolqsSYDxam&o=Get6FUbhXxozKg8
2026-06-23 16:18:49,251 | INFO | Debug saved: screenshots\redirected_main_page_2510T0057_20260623_161847.png
2026-06-23 16:18:49,251 | INFO | HTML saved: screenshots\redirected_main_page_2510T0057_20260623_161847.html
2026-06-23 16:18:49,251 | INFO | Attempt failed: Redirected to main page instead of result page
2026-06-23 16:18:49,252 | INFO | Failed after 2 attempts. Moving to next case.
2026-06-23 16:18:49,300 | INFO | Progress saved to: data\output\cases_results.xlsx
2026-06-23 16:18:49,301 | INFO | 
5 failures in a row. Cooling down for 20s...
2026-06-23 16:19:09,302 | INFO | Waiting 2s before next case...
2026-06-23 16:19:11,303 | INFO | 
===== 57/1213 =====
2026-06-23 16:19:11,303 | INFO | 
Scraping Case ID: 2510T0058
2026-06-23 16:19:11,303 | INFO | Attempt 1/2
2026-06-23 16:19:11,303 | INFO | Opening main page...
2026-06-23 16:19:13,107 | INFO | Main page URL: https://fjdefile.phila.gov/efsfjd/zk_fjd_public_qry_00.zp_main_idx
2026-06-23 16:19:15,459 | INFO | Search page URL: https://fjdefile.phila.gov/efsfjd/zk_fjd_public_qry_03.zp_dktrpt_setup_idx?uid=z9nVOkiOBIolqsSYDxam&o=Dbt9IU8eX!rzHdb
2026-06-23 16:19:15,460 | INFO | Filling Case ID: 2510T0058
2026-06-23 16:19:15,572 | INFO | Submitting search...
2026-06-23 16:20:02,272 | INFO | Timeout waiting for result. Current URL: https://fjdefile.phila.gov/efsfjd/zk_fjd_public_qry_00.zp_main_idx?uid=z9nVOkiOBIolqsSYDxam&o=Get6FUbhXxozKg8
2026-06-23 16:20:05,480 | INFO | Debug saved: screenshots\redirected_main_page_2510T0058_20260623_162002.png
2026-06-23 16:20:05,481 | INFO | HTML saved: screenshots\redirected_main_page_2510T0058_20260623_162002.html
2026-06-23 16:20:05,481 | INFO | Attempt failed: Redirected to main page instead of result page
2026-06-23 16:20:05,481 | INFO | Waiting 2s before retry...
2026-06-23 16:20:07,482 | INFO | Attempt 2/2
2026-06-23 16:20:07,482 | INFO | Opening main page...
2026-06-23 16:20:09,217 | INFO | Main page URL: https://fjdefile.phila.gov/efsfjd/zk_fjd_public_qry_00.zp_main_idx
2026-06-23 16:20:10,259 | INFO | Search page URL: https://fjdefile.phila.gov/efsfjd/zk_fjd_public_qry_03.zp_dktrpt_setup_idx?uid=z9nVOkiOBIolqsSYDxam&o=Dbt9IU8eX!rzHdb
2026-06-23 16:20:10,259 | INFO | Filling Case ID: 2510T0058
2026-06-23 16:20:10,529 | INFO | Submitting search...
2026-06-23 16:20:57,006 | INFO | Timeout waiting for result. Current URL: https://fjdefile.phila.gov/efsfjd/zk_fjd_public_qry_00.zp_main_idx?uid=z9nVOkiOBIolqsSYDxam&o=Get6FUbhXxozKg8
2026-06-23 16:21:00,156 | INFO | Debug saved: screenshots\redirected_main_page_2510T0058_20260623_162057.png
2026-06-23 16:21:00,156 | INFO | HTML saved: screenshots\redirected_main_page_2510T0058_20260623_162057.html
2026-06-23 16:21:00,156 | INFO | Attempt failed: Redirected to main page instead of result page
2026-06-23 16:21:00,157 | INFO | Failed after 2 attempts. Moving to next case.
2026-06-23 16:21:00,514 | INFO | Progress saved to: data\output\cases_results.xlsx
2026-06-23 16:21:00,514 | INFO | Waiting 2s before next case...
2026-06-23 16:21:02,515 | INFO | 
===== 58/1213 =====
2026-06-23 16:21:02,515 | INFO | 
Scraping Case ID: 2510T0059
2026-06-23 16:21:02,516 | INFO | Attempt 1/2
2026-06-23 16:21:02,516 | INFO | Opening main page...
2026-06-23 16:21:04,346 | INFO | Main page URL: https://fjdefile.phila.gov/efsfjd/zk_fjd_public_qry_00.zp_main_idx
2026-06-23 16:21:05,929 | INFO | Search page URL: https://fjdefile.phila.gov/efsfjd/zk_fjd_public_qry_03.zp_dktrpt_setup_idx?uid=z9nVOkiOBIolqsSYDxam&o=Dbt9IU8eX!rzHdb
2026-06-23 16:21:05,930 | INFO | Filling Case ID: 2510T0059
2026-06-23 16:21:06,045 | INFO | Submitting search...
2026-06-23 16:21:52,330 | INFO | Timeout waiting for result. Current URL: https://fjdefile.phila.gov/efsfjd/zk_fjd_public_qry_00.zp_main_idx?uid=z9nVOkiOBIolqsSYDxam&o=Get6FUbhXxozKg8
2026-06-23 16:21:54,452 | INFO | Debug saved: screenshots\redirected_main_page_2510T0059_20260623_162152.png
2026-06-23 16:21:54,452 | INFO | HTML saved: screenshots\redirected_main_page_2510T0059_20260623_162152.html
2026-06-23 16:21:54,452 | INFO | Attempt failed: Redirected to main page instead of result page
2026-06-23 16:21:54,452 | INFO | Waiting 2s before retry...
2026-06-23 16:21:56,453 | INFO | Attempt 2/2
2026-06-23 16:21:56,454 | INFO | Opening main page...
2026-06-23 16:21:58,166 | INFO | Main page URL: https://fjdefile.phila.gov/efsfjd/zk_fjd_public_qry_00.zp_main_idx
2026-06-23 16:22:00,530 | INFO | Search page URL: https://fjdefile.phila.gov/efsfjd/zk_fjd_public_qry_03.zp_dktrpt_setup_idx?uid=z9nVOkiOBIolqsSYDxam&o=Dbt9IU8eX!rzHdb
2026-06-23 16:22:00,531 | INFO | Filling Case ID: 2510T0059
2026-06-23 16:22:00,648 | INFO | Submitting search...
2026-06-23 16:22:37,798 | ERROR | Task was destroyed but it is pending!
task: <Task pending name='Task-943' coro=<Page.wait_for_selector() running at C:\Users\thinkpad\Desktop\steven-automation-scripts\venv\Lib\site-packages\playwright\_impl\_page.py:424> wait_for=<Future pending cb=[Task.task_wakeup()]> cb=[SyncBase._sync.<locals>.<lambda>() at C:\Users\thinkpad\Desktop\steven-automation-scripts\venv\Lib\site-packages\playwright\_impl\_sync_base.py:111, ProtocolCallback.__init__.<locals>.cb() at C:\Users\thinkpad\Desktop\steven-automation-scripts\venv\Lib\site-packages\playwright\_impl\_connection.py:230]>
2026-06-23 16:39:51,678 | INFO | Columns found: ['Case ID']
2026-06-23 16:39:51,684 | INFO | Loaded 1213 Case IDs from data\input\case_ids.xlsx
2026-06-23 16:39:53,162 | INFO | 
===== 1/1213 =====
2026-06-23 16:39:53,163 | INFO | 
Scraping Case ID: 2510T0001
2026-06-23 16:39:53,164 | INFO | Attempt 1/2
2026-06-23 16:39:53,165 | INFO | Opening main page...
2026-06-23 16:39:57,949 | INFO | Main page URL: https://fjdefile.phila.gov/efsfjd/zk_fjd_public_qry_00.zp_main_idx?uid=F6cNTrpGBIolqsSYDxam&o=ObiYK1i9XxozKg8
2026-06-23 16:39:59,973 | INFO | Search page URL: https://fjdefile.phila.gov/efsfjd/zk_fjd_public_qry_03.zp_dktrpt_setup_idx?uid=F6cNTrpGBIolqsSYDxam&o=L8i1N1f6X!rzHdb
2026-06-23 16:39:59,974 | INFO | Filling Case ID: 2510T0001
2026-06-23 16:40:00,143 | INFO | Submitting search...
2026-06-23 16:40:02,842 | INFO | Result URL: https://fjdefile.phila.gov/efsfjd/zk_fjd_public_qry_03.zp_dktrpt_search
2026-06-23 16:40:03,030 | INFO | Progress saved to: data\output\cases_results.xlsx
2026-06-23 16:40:03,031 | INFO | Waiting 2s before next case...
2026-06-23 16:40:05,032 | INFO | 
===== 2/1213 =====
2026-06-23 16:40:05,032 | INFO | 
Scraping Case ID: 2510T0002
2026-06-23 16:40:05,033 | INFO | Attempt 1/2
2026-06-23 16:40:05,033 | INFO | Opening main page...
2026-06-23 16:40:06,378 | INFO | Main page URL: https://fjdefile.phila.gov/efsfjd/zk_fjd_public_qry_00.zp_main_idx
2026-06-23 16:40:06,941 | INFO | Search page URL: https://fjdefile.phila.gov/efsfjd/zk_fjd_public_qry_03.zp_dktrpt_setup_idx?uid=F6cNTrpGBIolqsSYDxam&o=L8i1N1f6X!rzHdb
2026-06-23 16:40:06,941 | INFO | Filling Case ID: 2510T0002
2026-06-23 16:40:07,069 | INFO | Submitting search...
2026-06-23 16:40:09,535 | INFO | Result URL: https://fjdefile.phila.gov/efsfjd/zk_fjd_public_qry_03.zp_dktrpt_search
2026-06-23 16:40:09,612 | INFO | Progress saved to: data\output\cases_results.xlsx
2026-06-23 16:40:09,612 | INFO | Waiting 2s before next case...
2026-06-23 16:40:11,612 | INFO | 
===== 3/1213 =====
2026-06-23 16:40:11,612 | INFO | 
Scraping Case ID: 2510T0003
2026-06-23 16:40:11,612 | INFO | Attempt 1/2
2026-06-23 16:40:11,613 | INFO | Opening main page...
2026-06-23 16:40:13,293 | INFO | Main page URL: https://fjdefile.phila.gov/efsfjd/zk_fjd_public_qry_00.zp_main_idx
2026-06-23 16:40:13,764 | INFO | Search page URL: https://fjdefile.phila.gov/efsfjd/zk_fjd_public_qry_03.zp_dktrpt_setup_idx?uid=F6cNTrpGBIolqsSYDxam&o=L8i1N1f6X!rzHdb
2026-06-23 16:40:13,764 | INFO | Filling Case ID: 2510T0003
2026-06-23 16:40:13,884 | INFO | Submitting search...
2026-06-23 16:40:16,258 | INFO | Result URL: https://fjdefile.phila.gov/efsfjd/zk_fjd_public_qry_03.zp_dktrpt_search
2026-06-23 16:40:16,314 | INFO | Progress saved to: data\output\cases_results.xlsx
2026-06-23 16:40:16,314 | INFO | Waiting 2s before next case...
2026-06-23 16:40:18,314 | INFO | 
===== 4/1213 =====
2026-06-23 16:40:18,315 | INFO | 
Scraping Case ID: 2510T0004
2026-06-23 16:40:18,315 | INFO | Attempt 1/2
2026-06-23 16:40:18,315 | INFO | Opening main page...
2026-06-23 16:40:21,034 | INFO | Main page URL: https://fjdefile.phila.gov/efsfjd/zk_fjd_public_qry_00.zp_main_idx
2026-06-23 16:40:21,485 | INFO | Search page URL: https://fjdefile.phila.gov/efsfjd/zk_fjd_public_qry_03.zp_dktrpt_setup_idx?uid=F6cNTrpGBIolqsSYDxam&o=L8i1N1f6X!rzHdb
2026-06-23 16:40:21,486 | INFO | Filling Case ID: 2510T0004
2026-06-23 16:40:21,602 | INFO | Submitting search...
2026-06-23 16:40:23,486 | INFO | Result URL: https://fjdefile.phila.gov/efsfjd/zk_fjd_public_qry_03.zp_dktrpt_search
2026-06-23 16:40:23,574 | INFO | Progress saved to: data\output\cases_results.xlsx
2026-06-23 16:40:23,574 | INFO | Waiting 2s before next case...
2026-06-23 16:40:25,575 | INFO | 
===== 5/1213 =====
2026-06-23 16:40:25,575 | INFO | 
Scraping Case ID: 2510T0005
2026-06-23 16:40:25,575 | INFO | Attempt 1/2
2026-06-23 16:40:25,576 | INFO | Opening main page...
2026-06-23 16:40:26,886 | INFO | Main page URL: https://fjdefile.phila.gov/efsfjd/zk_fjd_public_qry_00.zp_main_idx
2026-06-23 16:40:27,350 | INFO | Search page URL: https://fjdefile.phila.gov/efsfjd/zk_fjd_public_qry_03.zp_dktrpt_setup_idx?uid=F6cNTrpGBIolqsSYDxam&o=L8i1N1f6X!rzHdb
2026-06-23 16:40:27,351 | INFO | Filling Case ID: 2510T0005
2026-06-23 16:40:27,467 | INFO | Submitting search...
2026-06-23 16:40:29,109 | INFO | Result URL: https://fjdefile.phila.gov/efsfjd/zk_fjd_public_qry_03.zp_dktrpt_search
2026-06-23 16:40:29,156 | INFO | Progress saved to: data\output\cases_results.xlsx
2026-06-23 16:40:29,157 | INFO | Waiting 2s before next case...
2026-06-23 16:40:31,158 | INFO | 
===== 6/1213 =====
2026-06-23 16:40:31,159 | INFO | 
Scraping Case ID: 2510T0006
2026-06-23 16:40:31,159 | INFO | Attempt 1/2
2026-06-23 16:40:31,159 | INFO | Opening main page...
2026-06-23 16:40:32,506 | INFO | Main page URL: https://fjdefile.phila.gov/efsfjd/zk_fjd_public_qry_00.zp_main_idx
2026-06-23 16:40:32,948 | INFO | Search page URL: https://fjdefile.phila.gov/efsfjd/zk_fjd_public_qry_03.zp_dktrpt_setup_idx?uid=F6cNTrpGBIolqsSYDxam&o=L8i1N1f6X!rzHdb
2026-06-23 16:40:32,948 | INFO | Filling Case ID: 2510T0006
2026-06-23 16:40:33,083 | INFO | Submitting search...
2026-06-23 16:40:34,902 | INFO | Result URL: https://fjdefile.phila.gov/efsfjd/zk_fjd_public_qry_03.zp_dktrpt_search
2026-06-23 16:40:35,001 | INFO | Progress saved to: data\output\cases_results.xlsx
2026-06-23 16:40:35,002 | INFO | Waiting 2s before next case...
2026-06-23 16:40:37,003 | INFO | 
===== 7/1213 =====
2026-06-23 16:40:37,004 | INFO | 
Scraping Case ID: 2510T0007
2026-06-23 16:40:37,004 | INFO | Attempt 1/2
2026-06-23 16:40:37,004 | INFO | Opening main page...
2026-06-23 16:40:38,370 | INFO | Main page URL: https://fjdefile.phila.gov/efsfjd/zk_fjd_public_qry_00.zp_main_idx
2026-06-23 16:40:38,749 | INFO | Search page URL: https://fjdefile.phila.gov/efsfjd/zk_fjd_public_qry_03.zp_dktrpt_setup_idx?uid=F6cNTrpGBIolqsSYDxam&o=L8i1N1f6X!rzHdb
2026-06-23 16:40:38,750 | INFO | Filling Case ID: 2510T0007
2026-06-23 16:40:38,878 | INFO | Submitting search...
2026-06-23 16:40:40,697 | INFO | Result URL: https://fjdefile.phila.gov/efsfjd/zk_fjd_public_qry_03.zp_dktrpt_search
2026-06-23 16:40:40,768 | INFO | Progress saved to: data\output\cases_results.xlsx
2026-06-23 16:40:40,768 | INFO | Waiting 2s before next case...
2026-06-23 16:40:42,769 | INFO | 
===== 8/1213 =====
2026-06-23 16:40:42,769 | INFO | 
Scraping Case ID: 2510T0008
2026-06-23 16:40:42,770 | INFO | Attempt 1/2
2026-06-23 16:40:42,770 | INFO | Opening main page...
2026-06-23 16:40:44,091 | INFO | Main page URL: https://fjdefile.phila.gov/efsfjd/zk_fjd_public_qry_00.zp_main_idx
2026-06-23 16:40:44,445 | INFO | Search page URL: https://fjdefile.phila.gov/efsfjd/zk_fjd_public_qry_03.zp_dktrpt_setup_idx?uid=F6cNTrpGBIolqsSYDxam&o=L8i1N1f6X!rzHdb
2026-06-23 16:40:44,445 | INFO | Filling Case ID: 2510T0008
2026-06-23 16:40:44,561 | INFO | Submitting search...
2026-06-23 16:40:46,168 | INFO | Result URL: https://fjdefile.phila.gov/efsfjd/zk_fjd_public_qry_03.zp_dktrpt_search
2026-06-23 16:40:46,224 | INFO | Progress saved to: data\output\cases_results.xlsx
2026-06-23 16:40:46,225 | INFO | Waiting 2s before next case...
2026-06-23 16:40:48,225 | INFO | 
===== 9/1213 =====
2026-06-23 16:40:48,226 | INFO | 
Scraping Case ID: 2510T0009
2026-06-23 16:40:48,226 | INFO | Attempt 1/2
2026-06-23 16:40:48,226 | INFO | Opening main page...
2026-06-23 16:40:49,574 | INFO | Main page URL: https://fjdefile.phila.gov/efsfjd/zk_fjd_public_qry_00.zp_main_idx
2026-06-23 16:40:49,941 | INFO | Search page URL: https://fjdefile.phila.gov/efsfjd/zk_fjd_public_qry_03.zp_dktrpt_setup_idx?uid=F6cNTrpGBIolqsSYDxam&o=L8i1N1f6X!rzHdb
2026-06-23 16:40:49,941 | INFO | Filling Case ID: 2510T0009
2026-06-23 16:40:50,059 | INFO | Submitting search...
2026-06-23 16:40:51,416 | INFO | Result URL: https://fjdefile.phila.gov/efsfjd/zk_fjd_public_qry_03.zp_dktrpt_search
2026-06-23 16:40:51,472 | INFO | Progress saved to: data\output\cases_results.xlsx
2026-06-23 16:40:51,472 | INFO | Waiting 2s before next case...
2026-06-23 16:40:53,473 | INFO | 
===== 10/1213 =====
2026-06-23 16:40:53,473 | INFO | 
Scraping Case ID: 2510T0010
2026-06-23 16:40:53,473 | INFO | Attempt 1/2
2026-06-23 16:40:53,473 | INFO | Opening main page...
2026-06-23 16:40:54,802 | INFO | Main page URL: https://fjdefile.phila.gov/efsfjd/zk_fjd_public_qry_00.zp_main_idx
2026-06-23 16:40:55,165 | INFO | Search page URL: https://fjdefile.phila.gov/efsfjd/zk_fjd_public_qry_03.zp_dktrpt_setup_idx?uid=F6cNTrpGBIolqsSYDxam&o=L8i1N1f6X!rzHdb
2026-06-23 16:40:55,165 | INFO | Filling Case ID: 2510T0010
2026-06-23 16:40:55,289 | INFO | Submitting search...
2026-06-23 16:40:56,670 | INFO | Result URL: https://fjdefile.phila.gov/efsfjd/zk_fjd_public_qry_03.zp_dktrpt_search
2026-06-23 16:40:56,721 | INFO | Progress saved to: data\output\cases_results.xlsx
2026-06-23 16:40:56,721 | INFO | Waiting 2s before next case...
2026-06-23 16:40:58,722 | INFO | 
===== 11/1213 =====
2026-06-23 16:40:58,722 | INFO | 
Scraping Case ID: 2510T0011
2026-06-23 16:40:58,722 | INFO | Attempt 1/2
2026-06-23 16:40:58,722 | INFO | Opening main page...
2026-06-23 16:41:00,035 | INFO | Main page URL: https://fjdefile.phila.gov/efsfjd/zk_fjd_public_qry_00.zp_main_idx
2026-06-23 16:41:00,399 | INFO | Search page URL: https://fjdefile.phila.gov/efsfjd/zk_fjd_public_qry_03.zp_dktrpt_setup_idx?uid=F6cNTrpGBIolqsSYDxam&o=L8i1N1f6X!rzHdb
2026-06-23 16:41:00,399 | INFO | Filling Case ID: 2510T0011
2026-06-23 16:41:00,511 | INFO | Submitting search...
2026-06-23 16:41:01,868 | INFO | Result URL: https://fjdefile.phila.gov/efsfjd/zk_fjd_public_qry_03.zp_dktrpt_search
2026-06-23 16:41:01,937 | INFO | Progress saved to: data\output\cases_results.xlsx
2026-06-23 16:41:01,938 | INFO | Waiting 2s before next case...
2026-06-23 16:41:03,938 | INFO | 
===== 12/1213 =====
2026-06-23 16:41:03,939 | INFO | 
Scraping Case ID: 2510T0012
2026-06-23 16:41:03,939 | INFO | Attempt 1/2
2026-06-23 16:41:03,939 | INFO | Opening main page...
2026-06-23 16:41:05,251 | INFO | Main page URL: https://fjdefile.phila.gov/efsfjd/zk_fjd_public_qry_00.zp_main_idx
2026-06-23 16:41:05,706 | INFO | Search page URL: https://fjdefile.phila.gov/efsfjd/zk_fjd_public_qry_03.zp_dktrpt_setup_idx?uid=F6cNTrpGBIolqsSYDxam&o=L8i1N1f6X!rzHdb
2026-06-23 16:41:05,707 | INFO | Filling Case ID: 2510T0012
2026-06-23 16:41:05,829 | INFO | Submitting search...
2026-06-23 16:41:07,442 | INFO | Result URL: https://fjdefile.phila.gov/efsfjd/zk_fjd_public_qry_03.zp_dktrpt_search
2026-06-23 16:41:07,500 | INFO | Progress saved to: data\output\cases_results.xlsx
2026-06-23 16:41:07,500 | INFO | Waiting 2s before next case...
2026-06-23 16:41:09,501 | INFO | 
===== 13/1213 =====
2026-06-23 16:41:09,502 | INFO | 
Scraping Case ID: 2510T0013
2026-06-23 16:41:09,502 | INFO | Attempt 1/2
2026-06-23 16:41:09,502 | INFO | Opening main page...
2026-06-23 16:41:10,836 | INFO | Main page URL: https://fjdefile.phila.gov/efsfjd/zk_fjd_public_qry_00.zp_main_idx
2026-06-23 16:41:11,261 | INFO | Search page URL: https://fjdefile.phila.gov/efsfjd/zk_fjd_public_qry_03.zp_dktrpt_setup_idx?uid=F6cNTrpGBIolqsSYDxam&o=L8i1N1f6X!rzHdb
2026-06-23 16:41:11,261 | INFO | Filling Case ID: 2510T0013
2026-06-23 16:41:11,397 | INFO | Submitting search...
2026-06-23 16:41:13,871 | INFO | Result URL: https://fjdefile.phila.gov/efsfjd/zk_fjd_public_qry_03.zp_dktrpt_search
2026-06-23 16:41:13,946 | INFO | Progress saved to: data\output\cases_results.xlsx
2026-06-23 16:41:13,946 | INFO | Waiting 2s before next case...
2026-06-23 16:41:15,947 | INFO | 
===== 14/1213 =====
2026-06-23 16:41:15,947 | INFO | 
Scraping Case ID: 2510T0014
2026-06-23 16:41:15,947 | INFO | Attempt 1/2
2026-06-23 16:41:15,947 | INFO | Opening main page...
2026-06-23 16:41:17,400 | INFO | Main page URL: https://fjdefile.phila.gov/efsfjd/zk_fjd_public_qry_00.zp_main_idx
2026-06-23 16:41:17,854 | INFO | Search page URL: https://fjdefile.phila.gov/efsfjd/zk_fjd_public_qry_03.zp_dktrpt_setup_idx?uid=F6cNTrpGBIolqsSYDxam&o=L8i1N1f6X!rzHdb
2026-06-23 16:41:17,854 | INFO | Filling Case ID: 2510T0014
2026-06-23 16:41:17,968 | INFO | Submitting search...
2026-06-23 16:41:20,200 | INFO | Result URL: https://fjdefile.phila.gov/efsfjd/zk_fjd_public_qry_03.zp_dktrpt_search
2026-06-23 16:41:20,271 | INFO | Progress saved to: data\output\cases_results.xlsx
2026-06-23 16:41:20,272 | INFO | Waiting 2s before next case...
2026-06-23 16:41:22,274 | INFO | 
===== 15/1213 =====
2026-06-23 16:41:22,274 | INFO | 
Scraping Case ID: 2510T0015
2026-06-23 16:41:22,275 | INFO | Attempt 1/2
2026-06-23 16:41:22,275 | INFO | Opening main page...
2026-06-23 16:41:23,603 | INFO | Main page URL: https://fjdefile.phila.gov/efsfjd/zk_fjd_public_qry_00.zp_main_idx
2026-06-23 16:41:24,061 | INFO | Search page URL: https://fjdefile.phila.gov/efsfjd/zk_fjd_public_qry_03.zp_dktrpt_setup_idx?uid=F6cNTrpGBIolqsSYDxam&o=L8i1N1f6X!rzHdb
2026-06-23 16:41:24,061 | INFO | Filling Case ID: 2510T0015
2026-06-23 16:41:24,173 | INFO | Submitting search...
2026-06-23 16:41:26,043 | INFO | Result URL: https://fjdefile.phila.gov/efsfjd/zk_fjd_public_qry_03.zp_dktrpt_search
2026-06-23 16:41:26,109 | INFO | Progress saved to: data\output\cases_results.xlsx
2026-06-23 16:41:26,109 | INFO | Waiting 2s before next case...
2026-06-23 16:41:28,110 | INFO | 
===== 16/1213 =====
2026-06-23 16:41:28,111 | INFO | 
Scraping Case ID: 2510T0016
2026-06-23 16:41:28,111 | INFO | Attempt 1/2
2026-06-23 16:41:28,111 | INFO | Opening main page...
2026-06-23 16:41:29,572 | INFO | Main page URL: https://fjdefile.phila.gov/efsfjd/zk_fjd_public_qry_00.zp_main_idx
2026-06-23 16:41:30,029 | INFO | Search page URL: https://fjdefile.phila.gov/efsfjd/zk_fjd_public_qry_03.zp_dktrpt_setup_idx?uid=F6cNTrpGBIolqsSYDxam&o=L8i1N1f6X!rzHdb
2026-06-23 16:41:30,029 | INFO | Filling Case ID: 2510T0016
2026-06-23 16:41:30,140 | INFO | Submitting search...
2026-06-23 16:41:32,037 | INFO | Result URL: https://fjdefile.phila.gov/efsfjd/zk_fjd_public_qry_03.zp_dktrpt_search
2026-06-23 16:41:32,130 | INFO | Progress saved to: data\output\cases_results.xlsx
2026-06-23 16:41:32,131 | INFO | Waiting 2s before next case...
2026-06-23 16:41:34,132 | INFO | 
===== 17/1213 =====
2026-06-23 16:41:34,133 | INFO | 
Scraping Case ID: 2510T0017
2026-06-23 16:41:34,133 | INFO | Attempt 1/2
2026-06-23 16:41:34,133 | INFO | Opening main page...
2026-06-23 16:41:35,475 | INFO | Main page URL: https://fjdefile.phila.gov/efsfjd/zk_fjd_public_qry_00.zp_main_idx
2026-06-23 16:41:35,844 | INFO | Search page URL: https://fjdefile.phila.gov/efsfjd/zk_fjd_public_qry_03.zp_dktrpt_setup_idx?uid=F6cNTrpGBIolqsSYDxam&o=L8i1N1f6X!rzHdb
2026-06-23 16:41:35,844 | INFO | Filling Case ID: 2510T0017
2026-06-23 16:41:35,963 | INFO | Submitting search...
2026-06-23 16:42:21,203 | INFO | Timeout waiting for result. Current URL: https://fjdefile.phila.gov/efsfjd/zk_fjd_public_qry_00.zp_main_idx?uid=F6cNTrpGBIolqsSYDxam&o=ObiYK1i9XxozKg8
2026-06-23 16:42:21,400 | INFO | Debug saved: screenshots\redirected_main_page_2510T0017_20260623_164221.png
2026-06-23 16:42:21,400 | INFO | HTML saved: screenshots\redirected_main_page_2510T0017_20260623_164221.html
2026-06-23 16:42:21,400 | INFO | Attempt failed: Redirected to main page instead of result page
2026-06-23 16:42:21,401 | INFO | Waiting 2s before retry...
2026-06-23 16:42:23,401 | INFO | Attempt 2/2
2026-06-23 16:42:23,401 | INFO | Opening main page...
2026-06-23 16:42:25,144 | INFO | Main page URL: https://fjdefile.phila.gov/efsfjd/zk_fjd_public_qry_00.zp_main_idx
2026-06-23 16:42:25,543 | INFO | Search page URL: https://fjdefile.phila.gov/efsfjd/zk_fjd_public_qry_03.zp_dktrpt_setup_idx?uid=F6cNTrpGBIolqsSYDxam&o=L8i1N1f6X!rzHdb
2026-06-23 16:42:25,543 | INFO | Filling Case ID: 2510T0017
2026-06-23 16:42:25,660 | INFO | Submitting search...
2026-06-23 16:42:35,790 | INFO | Attempt failed: Page.wait_for_selector: Target page, context or browser has been closed
Call log:
  - waiting for locator("a[name=\"description\"]") to be visible
    - waiting for" https://fjdefile.phila.gov/efsfjd/zk_fjd_public_qry_03.zp_dktrpt_search" navigation to finish...
    - navigated to "https://fjdefile.phila.gov/efsfjd/zk_fjd_public_qry_00.zp_main_idx?uid=F6cNTrpGBIolqsSYDxam&o=ObiYK1i9XxozKg8"

2026-06-23 16:42:35,792 | INFO | Failed after 2 attempts. Moving to next case.
2026-06-23 16:42:35,863 | INFO | Progress saved to: data\output\cases_results.xlsx
2026-06-23 16:42:35,864 | INFO | Waiting 2s before next case...
2026-06-23 16:42:37,865 | INFO | 
===== 18/1213 =====
2026-06-23 16:42:37,866 | INFO | 
Scraping Case ID: 2510T0018
2026-06-23 16:42:37,866 | INFO | Attempt 1/2
2026-06-23 16:42:37,866 | INFO | Opening main page...
2026-06-23 16:42:37,868 | INFO | Attempt failed: Page.goto: Target page, context or browser has been closed
2026-06-23 16:42:37,868 | INFO | Waiting 2s before retry...
2026-06-23 16:42:39,869 | INFO | Attempt 2/2
2026-06-23 16:42:39,869 | INFO | Opening main page...
2026-06-23 16:42:39,871 | INFO | Attempt failed: Page.goto: Target page, context or browser has been closed
2026-06-23 16:42:39,871 | INFO | Failed after 2 attempts. Moving to next case.
2026-06-23 16:42:39,903 | INFO | Progress saved to: data\output\cases_results.xlsx
2026-06-23 16:42:39,903 | INFO | Waiting 2s before next case...
2026-06-23 16:42:41,904 | INFO | 
===== 19/1213 =====
2026-06-23 16:42:41,904 | INFO | 
Scraping Case ID: 2510T0019
2026-06-23 16:42:41,905 | INFO | Attempt 1/2
2026-06-23 16:42:41,905 | INFO | Opening main page...
2026-06-23 16:42:41,907 | INFO | Attempt failed: Page.goto: Target page, context or browser has been closed
2026-06-23 16:42:41,907 | INFO | Waiting 2s before retry...
2026-06-23 16:46:21,429 | INFO | Columns found: ['Case ID']
2026-06-23 16:46:21,431 | INFO | Loaded 1213 Case IDs from data\input\case_ids.xlsx
2026-06-23 16:46:23,154 | INFO | 
===== 1/1213 =====
2026-06-23 16:46:23,155 | INFO | 
Scraping Case ID: 2510T0001
2026-06-23 16:46:23,155 | INFO | Attempt 1/2
2026-06-23 16:46:23,156 | INFO | Opening main page...
2026-06-23 16:46:26,993 | INFO | Main page URL: https://fjdefile.phila.gov/efsfjd/zk_fjd_public_qry_00.zp_main_idx?uid=KijIHlxQwIolqsSYDxam&o=TnpT!VqjQxozKg8
2026-06-23 16:46:27,635 | INFO | Search page URL: https://fjdefile.phila.gov/efsfjd/zk_fjd_public_qry_03.zp_dktrpt_setup_idx?uid=KijIHlxQwIolqsSYDxam&o=QkpWBVngQ!rzHdb
2026-06-23 16:46:27,635 | INFO | Filling Case ID: 2510T0001
2026-06-23 16:46:27,792 | INFO | Submitting search...
2026-06-23 16:46:31,035 | INFO | Result URL: https://fjdefile.phila.gov/efsfjd/zk_fjd_public_qry_03.zp_dktrpt_search
2026-06-23 16:46:31,115 | INFO | Progress saved to: data\output\cases_results.xlsx
2026-06-23 16:46:31,115 | INFO | Waiting 2s before next case...
2026-06-23 16:46:33,116 | INFO | 
===== 2/1213 =====
2026-06-23 16:46:33,116 | INFO | 
Scraping Case ID: 2510T0002
2026-06-23 16:46:33,117 | INFO | Attempt 1/2
2026-06-23 16:46:33,117 | INFO | Opening main page...
2026-06-23 16:46:34,548 | INFO | Main page URL: https://fjdefile.phila.gov/efsfjd/zk_fjd_public_qry_00.zp_main_idx
2026-06-23 16:46:35,013 | INFO | Search page URL: https://fjdefile.phila.gov/efsfjd/zk_fjd_public_qry_03.zp_dktrpt_setup_idx?uid=KijIHlxQwIolqsSYDxam&o=QkpWBVngQ!rzHdb
2026-06-23 16:46:35,014 | INFO | Filling Case ID: 2510T0002
2026-06-23 16:46:35,164 | INFO | Submitting search...
2026-06-23 16:46:37,664 | INFO | Result URL: https://fjdefile.phila.gov/efsfjd/zk_fjd_public_qry_03.zp_dktrpt_search
2026-06-23 16:46:37,737 | INFO | Progress saved to: data\output\cases_results.xlsx
2026-06-23 16:46:37,738 | INFO | Waiting 2s before next case...
2026-06-23 16:46:39,738 | INFO | 
===== 3/1213 =====
2026-06-23 16:46:39,738 | INFO | 
Scraping Case ID: 2510T0003
2026-06-23 16:46:39,739 | INFO | Attempt 1/2
2026-06-23 16:46:39,739 | INFO | Opening main page...
2026-06-23 16:46:41,050 | INFO | Main page URL: https://fjdefile.phila.gov/efsfjd/zk_fjd_public_qry_00.zp_main_idx
2026-06-23 16:46:41,488 | INFO | Search page URL: https://fjdefile.phila.gov/efsfjd/zk_fjd_public_qry_03.zp_dktrpt_setup_idx?uid=KijIHlxQwIolqsSYDxam&o=QkpWBVngQ!rzHdb
2026-06-23 16:46:41,488 | INFO | Filling Case ID: 2510T0003
2026-06-23 16:46:41,643 | INFO | Submitting search...
2026-06-23 16:46:44,233 | INFO | Result URL: https://fjdefile.phila.gov/efsfjd/zk_fjd_public_qry_03.zp_dktrpt_search
2026-06-23 16:46:44,278 | INFO | Progress saved to: data\output\cases_results.xlsx
2026-06-23 16:46:44,279 | INFO | Waiting 2s before next case...
2026-06-23 16:46:46,279 | INFO | 
===== 4/1213 =====
2026-06-23 16:46:46,279 | INFO | 
Scraping Case ID: 2510T0004
2026-06-23 16:46:46,280 | INFO | Attempt 1/2
2026-06-23 16:46:46,280 | INFO | Opening main page...
2026-06-23 16:46:47,608 | INFO | Main page URL: https://fjdefile.phila.gov/efsfjd/zk_fjd_public_qry_00.zp_main_idx
2026-06-23 16:46:48,062 | INFO | Search page URL: https://fjdefile.phila.gov/efsfjd/zk_fjd_public_qry_03.zp_dktrpt_setup_idx?uid=KijIHlxQwIolqsSYDxam&o=QkpWBVngQ!rzHdb
2026-06-23 16:46:48,063 | INFO | Filling Case ID: 2510T0004
2026-06-23 16:46:48,217 | INFO | Submitting search...
2026-06-23 16:46:50,379 | INFO | Result URL: https://fjdefile.phila.gov/efsfjd/zk_fjd_public_qry_03.zp_dktrpt_search
2026-06-23 16:46:50,434 | INFO | Progress saved to: data\output\cases_results.xlsx
2026-06-23 16:46:50,434 | INFO | Waiting 2s before next case...
2026-06-23 16:46:52,435 | INFO | 
===== 5/1213 =====
2026-06-23 16:46:52,436 | INFO | 
Scraping Case ID: 2510T0005
2026-06-23 16:46:52,436 | INFO | Attempt 1/2
2026-06-23 16:46:52,436 | INFO | Opening main page...
2026-06-23 16:46:53,767 | INFO | Main page URL: https://fjdefile.phila.gov/efsfjd/zk_fjd_public_qry_00.zp_main_idx
2026-06-23 16:46:54,229 | INFO | Search page URL: https://fjdefile.phila.gov/efsfjd/zk_fjd_public_qry_03.zp_dktrpt_setup_idx?uid=KijIHlxQwIolqsSYDxam&o=QkpWBVngQ!rzHdb
2026-06-23 16:46:54,230 | INFO | Filling Case ID: 2510T0005
2026-06-23 16:46:54,349 | INFO | Submitting search...
2026-06-23 16:46:56,532 | INFO | Result URL: https://fjdefile.phila.gov/efsfjd/zk_fjd_public_qry_03.zp_dktrpt_search
2026-06-23 16:46:56,631 | INFO | Progress saved to: data\output\cases_results.xlsx
2026-06-23 16:46:56,631 | INFO | Waiting 2s before next case...
2026-06-23 16:46:58,632 | INFO | 
===== 6/1213 =====
2026-06-23 16:46:58,632 | INFO | 
Scraping Case ID: 2510T0006
2026-06-23 16:46:58,632 | INFO | Attempt 1/2
2026-06-23 16:46:58,633 | INFO | Opening main page...
2026-06-23 16:46:59,968 | INFO | Main page URL: https://fjdefile.phila.gov/efsfjd/zk_fjd_public_qry_00.zp_main_idx
2026-06-23 16:47:00,476 | INFO | Search page URL: https://fjdefile.phila.gov/efsfjd/zk_fjd_public_qry_03.zp_dktrpt_setup_idx?uid=KijIHlxQwIolqsSYDxam&o=QkpWBVngQ!rzHdb
2026-06-23 16:47:00,476 | INFO | Filling Case ID: 2510T0006
2026-06-23 16:47:00,589 | INFO | Submitting search...
2026-06-23 16:47:02,297 | INFO | Result URL: https://fjdefile.phila.gov/efsfjd/zk_fjd_public_qry_03.zp_dktrpt_search
2026-06-23 16:47:02,354 | INFO | Progress saved to: data\output\cases_results.xlsx
2026-06-23 16:47:02,355 | INFO | Waiting 2s before next case...
2026-06-23 16:47:04,355 | INFO | 
===== 7/1213 =====
2026-06-23 16:47:04,356 | INFO | 
Scraping Case ID: 2510T0007
2026-06-23 16:47:04,356 | INFO | Attempt 1/2
2026-06-23 16:47:04,356 | INFO | Opening main page...
2026-06-23 16:47:05,698 | INFO | Main page URL: https://fjdefile.phila.gov/efsfjd/zk_fjd_public_qry_00.zp_main_idx
2026-06-23 16:47:06,161 | INFO | Search page URL: https://fjdefile.phila.gov/efsfjd/zk_fjd_public_qry_03.zp_dktrpt_setup_idx?uid=KijIHlxQwIolqsSYDxam&o=QkpWBVngQ!rzHdb
2026-06-23 16:47:06,162 | INFO | Filling Case ID: 2510T0007
2026-06-23 16:47:06,305 | INFO | Submitting search...
2026-06-23 16:47:08,458 | INFO | Result URL: https://fjdefile.phila.gov/efsfjd/zk_fjd_public_qry_03.zp_dktrpt_search
2026-06-23 16:47:08,533 | INFO | Progress saved to: data\output\cases_results.xlsx
2026-06-23 16:47:08,533 | INFO | Waiting 2s before next case...
2026-06-23 16:47:10,534 | INFO | 
===== 8/1213 =====
2026-06-23 16:47:10,535 | INFO | 
Scraping Case ID: 2510T0008
2026-06-23 16:47:10,535 | INFO | Attempt 1/2
2026-06-23 16:47:10,535 | INFO | Opening main page...
2026-06-23 16:47:11,843 | INFO | Main page URL: https://fjdefile.phila.gov/efsfjd/zk_fjd_public_qry_00.zp_main_idx
2026-06-23 16:47:12,209 | INFO | Search page URL: https://fjdefile.phila.gov/efsfjd/zk_fjd_public_qry_03.zp_dktrpt_setup_idx?uid=KijIHlxQwIolqsSYDxam&o=QkpWBVngQ!rzHdb
2026-06-23 16:47:12,209 | INFO | Filling Case ID: 2510T0008
2026-06-23 16:47:12,327 | INFO | Submitting search...
2026-06-23 16:47:14,495 | INFO | Result URL: https://fjdefile.phila.gov/efsfjd/zk_fjd_public_qry_03.zp_dktrpt_search
2026-06-23 16:47:14,545 | INFO | Progress saved to: data\output\cases_results.xlsx
2026-06-23 16:47:14,545 | INFO | Waiting 2s before next case...
2026-06-23 16:47:16,546 | INFO | 
===== 9/1213 =====
2026-06-23 16:47:16,546 | INFO | 
Scraping Case ID: 2510T0009
2026-06-23 16:47:16,547 | INFO | Attempt 1/2
2026-06-23 16:47:16,547 | INFO | Opening main page...
2026-06-23 16:47:17,987 | INFO | Main page URL: https://fjdefile.phila.gov/efsfjd/zk_fjd_public_qry_00.zp_main_idx
2026-06-23 16:47:18,443 | INFO | Search page URL: https://fjdefile.phila.gov/efsfjd/zk_fjd_public_qry_03.zp_dktrpt_setup_idx?uid=KijIHlxQwIolqsSYDxam&o=QkpWBVngQ!rzHdb
2026-06-23 16:47:18,443 | INFO | Filling Case ID: 2510T0009
2026-06-23 16:47:18,595 | INFO | Submitting search...
2026-06-23 16:47:20,714 | INFO | Result URL: https://fjdefile.phila.gov/efsfjd/zk_fjd_public_qry_03.zp_dktrpt_search
2026-06-23 16:47:20,778 | INFO | Progress saved to: data\output\cases_results.xlsx
2026-06-23 16:47:20,778 | INFO | Waiting 2s before next case...
2026-06-23 16:47:22,779 | INFO | 
===== 10/1213 =====
2026-06-23 16:47:22,780 | INFO | 
Scraping Case ID: 2510T0010
2026-06-23 16:47:22,780 | INFO | Attempt 1/2
2026-06-23 16:47:22,780 | INFO | Opening main page...
2026-06-23 16:47:24,105 | INFO | Main page URL: https://fjdefile.phila.gov/efsfjd/zk_fjd_public_qry_00.zp_main_idx
2026-06-23 16:47:24,564 | INFO | Search page URL: https://fjdefile.phila.gov/efsfjd/zk_fjd_public_qry_03.zp_dktrpt_setup_idx?uid=KijIHlxQwIolqsSYDxam&o=QkpWBVngQ!rzHdb
2026-06-23 16:47:24,565 | INFO | Filling Case ID: 2510T0010
2026-06-23 16:47:24,685 | INFO | Submitting search...
2026-06-23 16:47:26,819 | INFO | Result URL: https://fjdefile.phila.gov/efsfjd/zk_fjd_public_qry_03.zp_dktrpt_search
2026-06-23 16:47:26,903 | INFO | Progress saved to: data\output\cases_results.xlsx
2026-06-23 16:47:26,905 | INFO | Waiting 2s before next case...
2026-06-23 16:47:28,907 | INFO | 
===== 11/1213 =====
2026-06-23 16:47:28,907 | INFO | 
Scraping Case ID: 2510T0011
2026-06-23 16:47:28,907 | INFO | Attempt 1/2
2026-06-23 16:47:28,907 | INFO | Opening main page...
2026-06-23 16:47:30,341 | INFO | Main page URL: https://fjdefile.phila.gov/efsfjd/zk_fjd_public_qry_00.zp_main_idx
2026-06-23 16:47:30,836 | INFO | Search page URL: https://fjdefile.phila.gov/efsfjd/zk_fjd_public_qry_03.zp_dktrpt_setup_idx?uid=KijIHlxQwIolqsSYDxam&o=QkpWBVngQ!rzHdb
2026-06-23 16:47:30,836 | INFO | Filling Case ID: 2510T0011
2026-06-23 16:47:30,951 | INFO | Submitting search...
2026-06-23 16:47:34,820 | INFO | Result URL: https://fjdefile.phila.gov/efsfjd/zk_fjd_public_qry_03.zp_dktrpt_search
2026-06-23 16:47:34,881 | INFO | Progress saved to: data\output\cases_results.xlsx
2026-06-23 16:47:34,881 | INFO | Waiting 2s before next case...
2026-06-23 16:47:36,882 | INFO | 
===== 12/1213 =====
2026-06-23 16:47:36,883 | INFO | 
Scraping Case ID: 2510T0012
2026-06-23 16:47:36,883 | INFO | Attempt 1/2
2026-06-23 16:47:36,883 | INFO | Opening main page...
2026-06-23 16:47:38,322 | INFO | Main page URL: https://fjdefile.phila.gov/efsfjd/zk_fjd_public_qry_00.zp_main_idx
2026-06-23 16:47:38,774 | INFO | Search page URL: https://fjdefile.phila.gov/efsfjd/zk_fjd_public_qry_03.zp_dktrpt_setup_idx?uid=KijIHlxQwIolqsSYDxam&o=QkpWBVngQ!rzHdb
2026-06-23 16:47:38,774 | INFO | Filling Case ID: 2510T0012
2026-06-23 16:47:38,917 | INFO | Submitting search...
2026-06-23 16:47:41,030 | INFO | Result URL: https://fjdefile.phila.gov/efsfjd/zk_fjd_public_qry_03.zp_dktrpt_search
2026-06-23 16:47:41,100 | INFO | Progress saved to: data\output\cases_results.xlsx
2026-06-23 16:47:41,100 | INFO | Waiting 2s before next case...
2026-06-23 16:47:43,102 | INFO | 
===== 13/1213 =====
2026-06-23 16:47:43,102 | INFO | 
Scraping Case ID: 2510T0013
2026-06-23 16:47:43,102 | INFO | Attempt 1/2
2026-06-23 16:47:43,102 | INFO | Opening main page...
2026-06-23 16:47:44,427 | INFO | Main page URL: https://fjdefile.phila.gov/efsfjd/zk_fjd_public_qry_00.zp_main_idx
2026-06-23 16:47:44,820 | INFO | Search page URL: https://fjdefile.phila.gov/efsfjd/zk_fjd_public_qry_03.zp_dktrpt_setup_idx?uid=KijIHlxQwIolqsSYDxam&o=QkpWBVngQ!rzHdb
2026-06-23 16:47:44,821 | INFO | Filling Case ID: 2510T0013
2026-06-23 16:47:44,942 | INFO | Submitting search...
2026-06-23 16:47:47,060 | INFO | Result URL: https://fjdefile.phila.gov/efsfjd/zk_fjd_public_qry_03.zp_dktrpt_search
2026-06-23 16:47:47,130 | INFO | Progress saved to: data\output\cases_results.xlsx
2026-06-23 16:47:47,130 | INFO | Waiting 2s before next case...
2026-06-23 16:47:49,131 | INFO | 
===== 14/1213 =====
2026-06-23 16:47:49,131 | INFO | 
Scraping Case ID: 2510T0014
2026-06-23 16:47:49,132 | INFO | Attempt 1/2
2026-06-23 16:47:49,132 | INFO | Opening main page...
2026-06-23 16:47:50,450 | INFO | Main page URL: https://fjdefile.phila.gov/efsfjd/zk_fjd_public_qry_00.zp_main_idx
2026-06-23 16:47:50,818 | INFO | Search page URL: https://fjdefile.phila.gov/efsfjd/zk_fjd_public_qry_03.zp_dktrpt_setup_idx?uid=KijIHlxQwIolqsSYDxam&o=QkpWBVngQ!rzHdb
2026-06-23 16:47:50,818 | INFO | Filling Case ID: 2510T0014
2026-06-23 16:47:50,933 | INFO | Submitting search...
2026-06-23 16:47:52,585 | INFO | Result URL: https://fjdefile.phila.gov/efsfjd/zk_fjd_public_qry_03.zp_dktrpt_search
2026-06-23 16:47:52,645 | INFO | Progress saved to: data\output\cases_results.xlsx
2026-06-23 16:47:52,646 | INFO | Waiting 2s before next case...
2026-06-23 16:47:54,647 | INFO | 
===== 15/1213 =====
2026-06-23 16:47:54,647 | INFO | 
Scraping Case ID: 2510T0015
2026-06-23 16:47:54,647 | INFO | Attempt 1/2
2026-06-23 16:47:54,647 | INFO | Opening main page...
2026-06-23 16:47:56,089 | INFO | Main page URL: https://fjdefile.phila.gov/efsfjd/zk_fjd_public_qry_00.zp_main_idx
2026-06-23 16:47:56,525 | INFO | Search page URL: https://fjdefile.phila.gov/efsfjd/zk_fjd_public_qry_03.zp_dktrpt_setup_idx?uid=KijIHlxQwIolqsSYDxam&o=QkpWBVngQ!rzHdb
2026-06-23 16:47:56,525 | INFO | Filling Case ID: 2510T0015
2026-06-23 16:47:56,664 | INFO | Submitting search...
2026-06-23 16:47:58,788 | INFO | Result URL: https://fjdefile.phila.gov/efsfjd/zk_fjd_public_qry_03.zp_dktrpt_search
2026-06-23 16:47:58,871 | INFO | Progress saved to: data\output\cases_results.xlsx
2026-06-23 16:47:58,872 | INFO | Waiting 2s before next case...
2026-06-23 16:48:00,872 | INFO | 
===== 16/1213 =====
2026-06-23 16:48:00,873 | INFO | 
Scraping Case ID: 2510T0016
2026-06-23 16:48:00,873 | INFO | Attempt 1/2
2026-06-23 16:48:00,873 | INFO | Opening main page...
2026-06-23 16:48:02,192 | INFO | Main page URL: https://fjdefile.phila.gov/efsfjd/zk_fjd_public_qry_00.zp_main_idx
2026-06-23 16:48:02,572 | INFO | Search page URL: https://fjdefile.phila.gov/efsfjd/zk_fjd_public_qry_03.zp_dktrpt_setup_idx?uid=KijIHlxQwIolqsSYDxam&o=QkpWBVngQ!rzHdb
2026-06-23 16:48:02,572 | INFO | Filling Case ID: 2510T0016
2026-06-23 16:48:02,706 | INFO | Submitting search...
2026-06-23 16:48:04,948 | INFO | Result URL: https://fjdefile.phila.gov/efsfjd/zk_fjd_public_qry_03.zp_dktrpt_search
2026-06-23 16:48:05,001 | INFO | Progress saved to: data\output\cases_results.xlsx
2026-06-23 16:48:05,001 | INFO | Waiting 2s before next case...
2026-06-23 16:48:07,002 | INFO | 
===== 17/1213 =====
2026-06-23 16:48:07,002 | INFO | 
Scraping Case ID: 2510T0017
2026-06-23 16:48:07,002 | INFO | Attempt 1/2
2026-06-23 16:48:07,003 | INFO | Opening main page...
2026-06-23 16:48:08,329 | INFO | Main page URL: https://fjdefile.phila.gov/efsfjd/zk_fjd_public_qry_00.zp_main_idx
2026-06-23 16:48:08,748 | INFO | Search page URL: https://fjdefile.phila.gov/efsfjd/zk_fjd_public_qry_03.zp_dktrpt_setup_idx?uid=KijIHlxQwIolqsSYDxam&o=QkpWBVngQ!rzHdb
2026-06-23 16:48:08,748 | INFO | Filling Case ID: 2510T0017
2026-06-23 16:48:08,893 | INFO | Submitting search...
2026-06-23 16:48:54,078 | INFO | Timeout waiting for result. Current URL: https://fjdefile.phila.gov/efsfjd/zk_fjd_public_qry_00.zp_main_idx?uid=KijIHlxQwIolqsSYDxam&o=TnpT!VqjQxozKg8
2026-06-23 16:48:54,341 | INFO | Debug saved: screenshots\redirected_main_page_2510T0017_20260623_164854.png
2026-06-23 16:48:54,342 | INFO | HTML saved: screenshots\redirected_main_page_2510T0017_20260623_164854.html
2026-06-23 16:48:54,342 | INFO | Attempt failed: Redirected to main page instead of result page
2026-06-23 16:48:54,342 | INFO | Waiting 2s before retry...
2026-06-23 16:48:56,343 | INFO | Attempt 2/2
2026-06-23 16:48:56,343 | INFO | Opening main page...
2026-06-23 16:48:58,085 | INFO | Main page URL: https://fjdefile.phila.gov/efsfjd/zk_fjd_public_qry_00.zp_main_idx
2026-06-23 16:48:59,458 | INFO | Search page URL: https://fjdefile.phila.gov/efsfjd/zk_fjd_public_qry_03.zp_dktrpt_setup_idx?uid=KijIHlxQwIolqsSYDxam&o=QkpWBVngQ!rzHdb
2026-06-23 16:48:59,459 | INFO | Filling Case ID: 2510T0017
2026-06-23 16:48:59,568 | INFO | Submitting search...
2026-06-23 16:49:46,228 | INFO | Timeout waiting for result. Current URL: https://fjdefile.phila.gov/efsfjd/zk_fjd_public_qry_00.zp_main_idx?uid=KijIHlxQwIolqsSYDxam&o=TnpT!VqjQxozKg8
2026-06-23 16:49:46,393 | INFO | Debug saved: screenshots\redirected_main_page_2510T0017_20260623_164946.png
2026-06-23 16:49:46,395 | INFO | HTML saved: screenshots\redirected_main_page_2510T0017_20260623_164946.html
2026-06-23 16:49:46,396 | INFO | Attempt failed: Redirected to main page instead of result page
2026-06-23 16:49:46,396 | INFO | Failed after 2 attempts. Moving to next case.
2026-06-23 16:49:46,512 | INFO | Progress saved to: data\output\cases_results.xlsx
2026-06-23 16:49:46,513 | INFO | Waiting 2s before next case...
2026-06-23 16:49:48,513 | INFO | 
===== 18/1213 =====
2026-06-23 16:49:48,514 | INFO | 
Scraping Case ID: 2510T0018
2026-06-23 16:49:48,514 | INFO | Attempt 1/2
2026-06-23 16:49:48,514 | INFO | Opening main page...
2026-06-23 16:49:50,350 | INFO | Main page URL: https://fjdefile.phila.gov/efsfjd/zk_fjd_public_qry_00.zp_main_idx
2026-06-23 16:49:51,009 | INFO | Search page URL: https://fjdefile.phila.gov/efsfjd/zk_fjd_public_qry_03.zp_dktrpt_setup_idx?uid=KijIHlxQwIolqsSYDxam&o=QkpWBVngQ!rzHdb
2026-06-23 16:49:51,010 | INFO | Filling Case ID: 2510T0018
2026-06-23 16:49:51,168 | INFO | Submitting search...
2026-06-23 16:50:36,442 | INFO | Timeout waiting for result. Current URL: https://fjdefile.phila.gov/efsfjd/zk_fjd_public_qry_00.zp_main_idx?uid=KijIHlxQwIolqsSYDxam&o=TnpT!VqjQxozKg8
2026-06-23 16:50:36,603 | INFO | Debug saved: screenshots\redirected_main_page_2510T0018_20260623_165036.png
2026-06-23 16:50:36,603 | INFO | HTML saved: screenshots\redirected_main_page_2510T0018_20260623_165036.html
2026-06-23 16:50:36,603 | INFO | Attempt failed: Redirected to main page instead of result page
2026-06-23 16:50:36,603 | INFO | Waiting 2s before retry...
2026-06-23 16:50:38,604 | INFO | Attempt 2/2
2026-06-23 16:50:38,605 | INFO | Opening main page...
2026-06-23 16:50:40,340 | INFO | Main page URL: https://fjdefile.phila.gov/efsfjd/zk_fjd_public_qry_00.zp_main_idx
2026-06-23 16:50:40,920 | INFO | Search page URL: https://fjdefile.phila.gov/efsfjd/zk_fjd_public_qry_03.zp_dktrpt_setup_idx?uid=KijIHlxQwIolqsSYDxam&o=QkpWBVngQ!rzHdb
2026-06-23 16:50:40,921 | INFO | Filling Case ID: 2510T0018
2026-06-23 16:50:41,047 | INFO | Submitting search...
2026-06-23 16:51:26,350 | INFO | Timeout waiting for result. Current URL: https://fjdefile.phila.gov/efsfjd/zk_fjd_public_qry_00.zp_main_idx?uid=KijIHlxQwIolqsSYDxam&o=TnpT!VqjQxozKg8
2026-06-23 16:51:26,511 | INFO | Debug saved: screenshots\redirected_main_page_2510T0018_20260623_165126.png
2026-06-23 16:51:26,512 | INFO | HTML saved: screenshots\redirected_main_page_2510T0018_20260623_165126.html
2026-06-23 16:51:26,512 | INFO | Attempt failed: Redirected to main page instead of result page
2026-06-23 16:51:26,512 | INFO | Failed after 2 attempts. Moving to next case.
2026-06-23 16:51:26,562 | INFO | Progress saved to: data\output\cases_results.xlsx
2026-06-23 16:51:26,563 | INFO | Waiting 2s before next case...
2026-06-23 16:51:28,564 | INFO | 
===== 19/1213 =====
2026-06-23 16:51:28,565 | INFO | 
Scraping Case ID: 2510T0019
2026-06-23 16:51:28,565 | INFO | Attempt 1/2
2026-06-23 16:51:28,565 | INFO | Opening main page...
2026-06-23 16:51:30,550 | INFO | Main page URL: https://fjdefile.phila.gov/efsfjd/zk_fjd_public_qry_00.zp_main_idx
2026-06-23 16:51:31,339 | INFO | Search page URL: https://fjdefile.phila.gov/efsfjd/zk_fjd_public_qry_03.zp_dktrpt_setup_idx?uid=KijIHlxQwIolqsSYDxam&o=QkpWBVngQ!rzHdb
2026-06-23 16:51:31,339 | INFO | Filling Case ID: 2510T0019
2026-06-23 16:51:31,469 | INFO | Submitting search...
2026-06-23 16:52:16,713 | INFO | Timeout waiting for result. Current URL: https://fjdefile.phila.gov/efsfjd/zk_fjd_public_qry_00.zp_main_idx?uid=KijIHlxQwIolqsSYDxam&o=TnpT!VqjQxozKg8
2026-06-23 16:52:16,919 | INFO | Debug saved: screenshots\redirected_main_page_2510T0019_20260623_165216.png
2026-06-23 16:52:16,919 | INFO | HTML saved: screenshots\redirected_main_page_2510T0019_20260623_165216.html
2026-06-23 16:52:16,919 | INFO | Attempt failed: Redirected to main page instead of result page
2026-06-23 16:52:16,920 | INFO | Waiting 2s before retry...
2026-06-23 16:52:18,921 | INFO | Attempt 2/2
2026-06-23 16:52:18,921 | INFO | Opening main page...
2026-06-23 16:52:21,047 | INFO | Main page URL: https://fjdefile.phila.gov/efsfjd/zk_fjd_public_qry_00.zp_main_idx
2026-06-23 16:52:21,727 | INFO | Search page URL: https://fjdefile.phila.gov/efsfjd/zk_fjd_public_qry_03.zp_dktrpt_setup_idx?uid=KijIHlxQwIolqsSYDxam&o=QkpWBVngQ!rzHdb
2026-06-23 16:52:21,729 | INFO | Filling Case ID: 2510T0019
2026-06-23 16:52:21,885 | INFO | Submitting search...
2026-06-23 16:53:07,118 | INFO | Timeout waiting for result. Current URL: https://fjdefile.phila.gov/efsfjd/zk_fjd_public_qry_00.zp_main_idx?uid=KijIHlxQwIolqsSYDxam&o=TnpT!VqjQxozKg8
2026-06-23 16:53:07,291 | INFO | Debug saved: screenshots\redirected_main_page_2510T0019_20260623_165307.png
2026-06-23 16:53:07,291 | INFO | HTML saved: screenshots\redirected_main_page_2510T0019_20260623_165307.html
2026-06-23 16:53:07,291 | INFO | Attempt failed: Redirected to main page instead of result page
2026-06-23 16:53:07,292 | INFO | Failed after 2 attempts. Moving to next case.
2026-06-23 16:53:07,608 | INFO | Progress saved to: data\output\cases_results.xlsx
2026-06-23 16:53:07,608 | INFO | Waiting 2s before next case...
2026-06-23 16:53:09,610 | INFO | 
===== 20/1213 =====
2026-06-23 16:53:09,610 | INFO | 
Scraping Case ID: 2510T0020
2026-06-23 16:53:09,610 | INFO | Attempt 1/2
2026-06-23 16:53:09,610 | INFO | Opening main page...
2026-06-23 16:53:11,245 | INFO | Main page URL: https://fjdefile.phila.gov/efsfjd/zk_fjd_public_qry_00.zp_main_idx
2026-06-23 16:53:11,712 | INFO | Search page URL: https://fjdefile.phila.gov/efsfjd/zk_fjd_public_qry_03.zp_dktrpt_setup_idx?uid=KijIHlxQwIolqsSYDxam&o=QkpWBVngQ!rzHdb
2026-06-23 16:53:11,712 | INFO | Filling Case ID: 2510T0020
2026-06-23 16:53:11,825 | INFO | Submitting search...
2026-06-23 16:53:57,019 | INFO | Timeout waiting for result. Current URL: https://fjdefile.phila.gov/efsfjd/zk_fjd_public_qry_00.zp_main_idx?uid=KijIHlxQwIolqsSYDxam&o=TnpT!VqjQxozKg8
2026-06-23 16:53:57,204 | INFO | Debug saved: screenshots\redirected_main_page_2510T0020_20260623_165357.png
2026-06-23 16:53:57,204 | INFO | HTML saved: screenshots\redirected_main_page_2510T0020_20260623_165357.html
2026-06-23 16:53:57,204 | INFO | Attempt failed: Redirected to main page instead of result page
2026-06-23 16:53:57,205 | INFO | Waiting 2s before retry...
2026-06-23 16:53:59,205 | INFO | Attempt 2/2
2026-06-23 16:53:59,205 | INFO | Opening main page...
2026-06-23 16:54:01,006 | INFO | Main page URL: https://fjdefile.phila.gov/efsfjd/zk_fjd_public_qry_00.zp_main_idx
2026-06-23 16:54:01,438 | INFO | Search page URL: https://fjdefile.phila.gov/efsfjd/zk_fjd_public_qry_03.zp_dktrpt_setup_idx?uid=KijIHlxQwIolqsSYDxam&o=QkpWBVngQ!rzHdb
2026-06-23 16:54:01,438 | INFO | Filling Case ID: 2510T0020
2026-06-23 16:54:01,580 | INFO | Submitting search...
2026-06-23 16:54:16,903 | INFO | Attempt failed: Page.wait_for_selector: Target page, context or browser has been closed
Call log:
  - waiting for locator("a[name=\"description\"]") to be visible
    - waiting for" https://fjdefile.phila.gov/efsfjd/zk_fjd_public_qry_03.zp_dktrpt_search" navigation to finish...
    - navigated to "https://fjdefile.phila.gov/efsfjd/zk_fjd_public_qry_00.zp_main_idx?uid=KijIHlxQwIolqsSYDxam&o=TnpT!VqjQxozKg8"

2026-06-23 16:54:16,903 | INFO | Failed after 2 attempts. Moving to next case.
2026-06-23 16:54:17,000 | INFO | Progress saved to: data\output\cases_results.xlsx
2026-06-23 16:54:17,000 | INFO | Waiting 2s before next case...
2026-06-23 16:55:55,699 | INFO | Columns found: ['Case ID']
2026-06-23 16:55:55,702 | INFO | Loaded 1213 Case IDs from data\input\case_ids.xlsx
2026-06-23 16:55:57,151 | INFO | 
===== 1/1213 =====
2026-06-23 16:55:57,151 | INFO | 
Scraping Case ID: 2510T0001
2026-06-23 16:55:57,151 | INFO | Attempt 1/2
2026-06-23 16:55:57,152 | INFO | Opening main page...
2026-06-23 16:56:06,222 | INFO | Main page URL: https://fjdefile.phila.gov/efsfjd/zk_fjd_public_qry_00.zp_main_idx?uid=IdgKMqtGBIolqsSYDxam&o=RimVD0m9XxozKg8
2026-06-23 16:56:07,709 | INFO | Search page URL: https://fjdefile.phila.gov/efsfjd/zk_fjd_public_qry_03.zp_dktrpt_setup_idx?uid=IdgKMqtGBIolqsSYDxam&o=OfmYG0j6X!rzHdb
2026-06-23 16:56:07,709 | INFO | Filling Case ID: 2510T0001
2026-06-23 16:56:07,885 | INFO | Submitting search...
2026-06-23 16:56:19,424 | INFO | Result URL: https://fjdefile.phila.gov/efsfjd/zk_fjd_public_qry_03.zp_dktrpt_search
2026-06-23 16:56:19,751 | INFO | Progress saved to: data\output\cases_results.xlsx
2026-06-23 16:56:19,751 | INFO | Waiting 2s before next case...
2026-06-23 16:56:21,752 | INFO | 
===== 2/1213 =====
2026-06-23 16:56:21,752 | INFO | 
Scraping Case ID: 2510T0002
2026-06-23 16:56:21,752 | INFO | Attempt 1/2
2026-06-23 16:56:21,753 | INFO | Opening main page...
2026-06-23 16:56:23,093 | INFO | Main page URL: https://fjdefile.phila.gov/efsfjd/zk_fjd_public_qry_00.zp_main_idx
2026-06-23 16:56:23,736 | INFO | Search page URL: https://fjdefile.phila.gov/efsfjd/zk_fjd_public_qry_03.zp_dktrpt_setup_idx?uid=IdgKMqtGBIolqsSYDxam&o=OfmYG0j6X!rzHdb
2026-06-23 16:56:23,737 | INFO | Filling Case ID: 2510T0002
2026-06-23 16:56:23,869 | INFO | Submitting search...
2026-06-23 16:56:25,975 | INFO | Result URL: https://fjdefile.phila.gov/efsfjd/zk_fjd_public_qry_03.zp_dktrpt_search
2026-06-23 16:56:26,119 | INFO | Progress saved to: data\output\cases_results.xlsx
2026-06-23 16:56:26,120 | INFO | Waiting 2s before next case...
2026-06-23 16:56:28,121 | INFO | 
===== 3/1213 =====
2026-06-23 16:56:28,121 | INFO | 
Scraping Case ID: 2510T0003
2026-06-23 16:56:28,124 | INFO | Attempt 1/2
2026-06-23 16:56:28,126 | INFO | Opening main page...
2026-06-23 16:56:29,869 | INFO | Main page URL: https://fjdefile.phila.gov/efsfjd/zk_fjd_public_qry_00.zp_main_idx
2026-06-23 16:56:30,431 | INFO | Search page URL: https://fjdefile.phila.gov/efsfjd/zk_fjd_public_qry_03.zp_dktrpt_setup_idx?uid=IdgKMqtGBIolqsSYDxam&o=OfmYG0j6X!rzHdb
2026-06-23 16:56:30,432 | INFO | Filling Case ID: 2510T0003
2026-06-23 16:56:30,563 | INFO | Submitting search...
2026-06-23 16:56:33,383 | INFO | Result URL: https://fjdefile.phila.gov/efsfjd/zk_fjd_public_qry_03.zp_dktrpt_search
2026-06-23 16:56:33,469 | INFO | Progress saved to: data\output\cases_results.xlsx
2026-06-23 16:56:33,470 | INFO | Waiting 2s before next case...
2026-06-23 16:56:35,472 | INFO | 
===== 4/1213 =====
2026-06-23 16:56:35,473 | INFO | 
Scraping Case ID: 2510T0004
2026-06-23 16:56:35,473 | INFO | Attempt 1/2
2026-06-23 16:56:35,473 | INFO | Opening main page...
2026-06-23 16:56:37,177 | INFO | Main page URL: https://fjdefile.phila.gov/efsfjd/zk_fjd_public_qry_00.zp_main_idx
2026-06-23 16:56:37,939 | INFO | Search page URL: https://fjdefile.phila.gov/efsfjd/zk_fjd_public_qry_03.zp_dktrpt_setup_idx?uid=IdgKMqtGBIolqsSYDxam&o=OfmYG0j6X!rzHdb
2026-06-23 16:56:37,940 | INFO | Filling Case ID: 2510T0004
2026-06-23 16:56:38,090 | INFO | Submitting search...
2026-06-23 16:56:40,914 | INFO | Result URL: https://fjdefile.phila.gov/efsfjd/zk_fjd_public_qry_03.zp_dktrpt_search
2026-06-23 16:56:40,999 | INFO | Progress saved to: data\output\cases_results.xlsx
2026-06-23 16:56:41,000 | INFO | Waiting 2s before next case...
2026-06-23 16:56:43,001 | INFO | 
===== 5/1213 =====
2026-06-23 16:56:43,001 | INFO | 
Scraping Case ID: 2510T0005
2026-06-23 16:56:43,001 | INFO | Attempt 1/2
2026-06-23 16:56:43,002 | INFO | Opening main page...
2026-06-23 16:56:44,798 | INFO | Main page URL: https://fjdefile.phila.gov/efsfjd/zk_fjd_public_qry_00.zp_main_idx
2026-06-23 16:56:45,349 | INFO | Search page URL: https://fjdefile.phila.gov/efsfjd/zk_fjd_public_qry_03.zp_dktrpt_setup_idx?uid=IdgKMqtGBIolqsSYDxam&o=OfmYG0j6X!rzHdb
2026-06-23 16:56:45,350 | INFO | Filling Case ID: 2510T0005
2026-06-23 16:56:45,493 | INFO | Submitting search...
2026-06-23 16:56:48,114 | INFO | Result URL: https://fjdefile.phila.gov/efsfjd/zk_fjd_public_qry_03.zp_dktrpt_search
2026-06-23 16:56:48,202 | INFO | Progress saved to: data\output\cases_results.xlsx
2026-06-23 16:56:48,203 | INFO | Waiting 2s before next case...
2026-06-23 16:56:50,203 | INFO | 
===== 6/1213 =====
2026-06-23 16:56:50,204 | INFO | 
Scraping Case ID: 2510T0006
2026-06-23 16:56:50,204 | INFO | Attempt 1/2
2026-06-23 16:56:50,204 | INFO | Opening main page...
2026-06-23 16:56:51,613 | INFO | Main page URL: https://fjdefile.phila.gov/efsfjd/zk_fjd_public_qry_00.zp_main_idx
2026-06-23 16:56:52,204 | INFO | Search page URL: https://fjdefile.phila.gov/efsfjd/zk_fjd_public_qry_03.zp_dktrpt_setup_idx?uid=IdgKMqtGBIolqsSYDxam&o=OfmYG0j6X!rzHdb
2026-06-23 16:56:52,205 | INFO | Filling Case ID: 2510T0006
2026-06-23 16:56:52,318 | INFO | Submitting search...
2026-06-23 16:56:54,768 | INFO | Result URL: https://fjdefile.phila.gov/efsfjd/zk_fjd_public_qry_03.zp_dktrpt_search
2026-06-23 16:56:54,904 | INFO | Progress saved to: data\output\cases_results.xlsx
2026-06-23 16:56:54,905 | INFO | Waiting 2s before next case...
2026-06-23 16:56:56,907 | INFO | 
===== 7/1213 =====
2026-06-23 16:56:56,907 | INFO | 
Scraping Case ID: 2510T0007
2026-06-23 16:56:56,907 | INFO | Attempt 1/2
2026-06-23 16:56:56,907 | INFO | Opening main page...
2026-06-23 16:56:58,334 | INFO | Main page URL: https://fjdefile.phila.gov/efsfjd/zk_fjd_public_qry_00.zp_main_idx
2026-06-23 16:56:58,915 | INFO | Search page URL: https://fjdefile.phila.gov/efsfjd/zk_fjd_public_qry_03.zp_dktrpt_setup_idx?uid=IdgKMqtGBIolqsSYDxam&o=OfmYG0j6X!rzHdb
2026-06-23 16:56:58,916 | INFO | Filling Case ID: 2510T0007
2026-06-23 16:56:59,076 | INFO | Submitting search...
2026-06-23 16:57:01,439 | INFO | Result URL: https://fjdefile.phila.gov/efsfjd/zk_fjd_public_qry_03.zp_dktrpt_search
2026-06-23 16:57:01,520 | INFO | Progress saved to: data\output\cases_results.xlsx
2026-06-23 16:57:01,520 | INFO | Waiting 2s before next case...
2026-06-23 16:57:03,521 | INFO | 
===== 8/1213 =====
2026-06-23 16:57:03,522 | INFO | 
Scraping Case ID: 2510T0008
2026-06-23 16:57:03,522 | INFO | Attempt 1/2
2026-06-23 16:57:03,523 | INFO | Opening main page...
2026-06-23 16:57:04,962 | INFO | Main page URL: https://fjdefile.phila.gov/efsfjd/zk_fjd_public_qry_00.zp_main_idx
2026-06-23 16:57:05,394 | INFO | Search page URL: https://fjdefile.phila.gov/efsfjd/zk_fjd_public_qry_03.zp_dktrpt_setup_idx?uid=IdgKMqtGBIolqsSYDxam&o=OfmYG0j6X!rzHdb
2026-06-23 16:57:05,395 | INFO | Filling Case ID: 2510T0008
2026-06-23 16:57:05,507 | INFO | Submitting search...
2026-06-23 16:57:08,094 | INFO | Result URL: https://fjdefile.phila.gov/efsfjd/zk_fjd_public_qry_03.zp_dktrpt_search
2026-06-23 16:57:08,162 | INFO | Progress saved to: data\output\cases_results.xlsx
2026-06-23 16:57:08,162 | INFO | Waiting 2s before next case...
2026-06-23 16:57:10,164 | INFO | 
===== 9/1213 =====
2026-06-23 16:57:10,164 | INFO | 
Scraping Case ID: 2510T0009
2026-06-23 16:57:10,164 | INFO | Attempt 1/2
2026-06-23 16:57:10,164 | INFO | Opening main page...
2026-06-23 16:57:11,580 | INFO | Main page URL: https://fjdefile.phila.gov/efsfjd/zk_fjd_public_qry_00.zp_main_idx
2026-06-23 16:57:12,014 | INFO | Search page URL: https://fjdefile.phila.gov/efsfjd/zk_fjd_public_qry_03.zp_dktrpt_setup_idx?uid=IdgKMqtGBIolqsSYDxam&o=OfmYG0j6X!rzHdb
2026-06-23 16:57:12,014 | INFO | Filling Case ID: 2510T0009
2026-06-23 16:57:12,129 | INFO | Submitting search...
2026-06-23 16:57:14,019 | INFO | Result URL: https://fjdefile.phila.gov/efsfjd/zk_fjd_public_qry_03.zp_dktrpt_search
2026-06-23 16:57:14,087 | INFO | Progress saved to: data\output\cases_results.xlsx
2026-06-23 16:57:14,087 | INFO | Waiting 2s before next case...
2026-06-23 16:57:16,088 | INFO | 
===== 10/1213 =====
2026-06-23 16:57:16,088 | INFO | 
Scraping Case ID: 2510T0010
2026-06-23 16:57:16,089 | INFO | Attempt 1/2
2026-06-23 16:57:16,089 | INFO | Opening main page...
2026-06-23 16:57:17,418 | INFO | Main page URL: https://fjdefile.phila.gov/efsfjd/zk_fjd_public_qry_00.zp_main_idx
2026-06-23 16:57:17,882 | INFO | Search page URL: https://fjdefile.phila.gov/efsfjd/zk_fjd_public_qry_03.zp_dktrpt_setup_idx?uid=IdgKMqtGBIolqsSYDxam&o=OfmYG0j6X!rzHdb
2026-06-23 16:57:17,883 | INFO | Filling Case ID: 2510T0010
2026-06-23 16:57:18,008 | INFO | Submitting search...
2026-06-23 16:57:20,678 | INFO | Result URL: https://fjdefile.phila.gov/efsfjd/zk_fjd_public_qry_03.zp_dktrpt_search
2026-06-23 16:57:20,741 | INFO | Progress saved to: data\output\cases_results.xlsx
2026-06-23 16:57:20,742 | INFO | Waiting 2s before next case...
2026-06-23 16:57:22,743 | INFO | 
===== 11/1213 =====
2026-06-23 16:57:22,743 | INFO | 
Scraping Case ID: 2510T0011
2026-06-23 16:57:22,743 | INFO | Attempt 1/2
2026-06-23 16:57:22,744 | INFO | Opening main page...
2026-06-23 16:57:24,309 | INFO | Main page URL: https://fjdefile.phila.gov/efsfjd/zk_fjd_public_qry_00.zp_main_idx
2026-06-23 16:57:24,887 | INFO | Search page URL: https://fjdefile.phila.gov/efsfjd/zk_fjd_public_qry_03.zp_dktrpt_setup_idx?uid=IdgKMqtGBIolqsSYDxam&o=OfmYG0j6X!rzHdb
2026-06-23 16:57:24,887 | INFO | Filling Case ID: 2510T0011
2026-06-23 16:57:25,013 | INFO | Submitting search...
2026-06-23 16:57:27,616 | INFO | Result URL: https://fjdefile.phila.gov/efsfjd/zk_fjd_public_qry_03.zp_dktrpt_search
2026-06-23 16:57:27,703 | INFO | Progress saved to: data\output\cases_results.xlsx
2026-06-23 16:57:27,703 | INFO | Waiting 2s before next case...
2026-06-23 16:57:29,704 | INFO | 
===== 12/1213 =====
2026-06-23 16:57:29,705 | INFO | 
Scraping Case ID: 2510T0012
2026-06-23 16:57:29,705 | INFO | Attempt 1/2
2026-06-23 16:57:29,705 | INFO | Opening main page...
2026-06-23 16:57:31,069 | INFO | Main page URL: https://fjdefile.phila.gov/efsfjd/zk_fjd_public_qry_00.zp_main_idx
2026-06-23 16:57:31,469 | INFO | Search page URL: https://fjdefile.phila.gov/efsfjd/zk_fjd_public_qry_03.zp_dktrpt_setup_idx?uid=IdgKMqtGBIolqsSYDxam&o=OfmYG0j6X!rzHdb
2026-06-23 16:57:31,469 | INFO | Filling Case ID: 2510T0012
2026-06-23 16:57:31,582 | INFO | Submitting search...
2026-06-23 16:57:33,690 | INFO | Result URL: https://fjdefile.phila.gov/efsfjd/zk_fjd_public_qry_03.zp_dktrpt_search
2026-06-23 16:57:33,752 | INFO | Progress saved to: data\output\cases_results.xlsx
2026-06-23 16:57:33,752 | INFO | Waiting 2s before next case...
2026-06-23 16:57:35,752 | INFO | 
===== 13/1213 =====
2026-06-23 16:57:35,753 | INFO | 
Scraping Case ID: 2510T0013
2026-06-23 16:57:35,753 | INFO | Attempt 1/2
2026-06-23 16:57:35,753 | INFO | Opening main page...
2026-06-23 16:57:37,242 | INFO | Main page URL: https://fjdefile.phila.gov/efsfjd/zk_fjd_public_qry_00.zp_main_idx
2026-06-23 16:57:37,646 | INFO | Search page URL: https://fjdefile.phila.gov/efsfjd/zk_fjd_public_qry_03.zp_dktrpt_setup_idx?uid=IdgKMqtGBIolqsSYDxam&o=OfmYG0j6X!rzHdb
2026-06-23 16:57:37,646 | INFO | Filling Case ID: 2510T0013
2026-06-23 16:57:37,763 | INFO | Submitting search...
2026-06-23 16:57:40,172 | INFO | Result URL: https://fjdefile.phila.gov/efsfjd/zk_fjd_public_qry_03.zp_dktrpt_search
2026-06-23 16:57:40,241 | INFO | Progress saved to: data\output\cases_results.xlsx
2026-06-23 16:57:40,241 | INFO | Waiting 2s before next case...
2026-06-23 16:57:42,242 | INFO | 
===== 14/1213 =====
2026-06-23 16:57:42,243 | INFO | 
Scraping Case ID: 2510T0014
2026-06-23 16:57:42,243 | INFO | Attempt 1/2
2026-06-23 16:57:42,244 | INFO | Opening main page...
2026-06-23 16:57:43,598 | INFO | Main page URL: https://fjdefile.phila.gov/efsfjd/zk_fjd_public_qry_00.zp_main_idx
2026-06-23 16:57:44,006 | INFO | Search page URL: https://fjdefile.phila.gov/efsfjd/zk_fjd_public_qry_03.zp_dktrpt_setup_idx?uid=IdgKMqtGBIolqsSYDxam&o=OfmYG0j6X!rzHdb
2026-06-23 16:57:44,006 | INFO | Filling Case ID: 2510T0014
2026-06-23 16:57:44,128 | INFO | Submitting search...
2026-06-23 16:57:46,501 | INFO | Result URL: https://fjdefile.phila.gov/efsfjd/zk_fjd_public_qry_03.zp_dktrpt_search
2026-06-23 16:57:46,595 | INFO | Progress saved to: data\output\cases_results.xlsx
2026-06-23 16:57:46,595 | INFO | Waiting 2s before next case...
2026-06-23 16:57:48,596 | INFO | 
===== 15/1213 =====
2026-06-23 16:57:48,597 | INFO | 
Scraping Case ID: 2510T0015
2026-06-23 16:57:48,597 | INFO | Attempt 1/2
2026-06-23 16:57:48,597 | INFO | Opening main page...
2026-06-23 16:57:49,983 | INFO | Main page URL: https://fjdefile.phila.gov/efsfjd/zk_fjd_public_qry_00.zp_main_idx
2026-06-23 16:57:50,428 | INFO | Search page URL: https://fjdefile.phila.gov/efsfjd/zk_fjd_public_qry_03.zp_dktrpt_setup_idx?uid=IdgKMqtGBIolqsSYDxam&o=OfmYG0j6X!rzHdb
2026-06-23 16:57:50,428 | INFO | Filling Case ID: 2510T0015
2026-06-23 16:57:50,547 | INFO | Submitting search...
2026-06-23 16:57:52,631 | INFO | Result URL: https://fjdefile.phila.gov/efsfjd/zk_fjd_public_qry_03.zp_dktrpt_search
2026-06-23 16:57:52,697 | INFO | Progress saved to: data\output\cases_results.xlsx
2026-06-23 16:57:52,698 | INFO | Waiting 2s before next case...
2026-06-23 16:57:54,698 | INFO | 
===== 16/1213 =====
2026-06-23 16:57:54,699 | INFO | 
Scraping Case ID: 2510T0016
2026-06-23 16:57:54,699 | INFO | Attempt 1/2
2026-06-23 16:57:54,699 | INFO | Opening main page...
2026-06-23 16:57:56,528 | INFO | Main page URL: https://fjdefile.phila.gov/efsfjd/zk_fjd_public_qry_00.zp_main_idx
2026-06-23 16:57:57,151 | INFO | Search page URL: https://fjdefile.phila.gov/efsfjd/zk_fjd_public_qry_03.zp_dktrpt_setup_idx?uid=IdgKMqtGBIolqsSYDxam&o=OfmYG0j6X!rzHdb
2026-06-23 16:57:57,153 | INFO | Filling Case ID: 2510T0016
2026-06-23 16:57:57,288 | INFO | Submitting search...
2026-06-23 16:57:59,905 | INFO | Result URL: https://fjdefile.phila.gov/efsfjd/zk_fjd_public_qry_03.zp_dktrpt_search
2026-06-23 16:58:00,001 | INFO | Progress saved to: data\output\cases_results.xlsx
2026-06-23 16:58:00,002 | INFO | Waiting 2s before next case...
2026-06-23 16:58:02,002 | INFO | 
===== 17/1213 =====
2026-06-23 16:58:02,002 | INFO | 
Scraping Case ID: 2510T0017
2026-06-23 16:58:02,003 | INFO | Attempt 1/2
2026-06-23 16:58:02,003 | INFO | Opening main page...
2026-06-23 16:58:03,403 | INFO | Main page URL: https://fjdefile.phila.gov/efsfjd/zk_fjd_public_qry_00.zp_main_idx
2026-06-23 16:58:03,900 | INFO | Search page URL: https://fjdefile.phila.gov/efsfjd/zk_fjd_public_qry_03.zp_dktrpt_setup_idx?uid=IdgKMqtGBIolqsSYDxam&o=OfmYG0j6X!rzHdb
2026-06-23 16:58:03,901 | INFO | Filling Case ID: 2510T0017
2026-06-23 16:58:04,027 | INFO | Submitting search...
2026-06-23 16:58:49,250 | INFO | Timeout waiting for result. Current URL: https://fjdefile.phila.gov/efsfjd/zk_fjd_public_qry_00.zp_main_idx?uid=IdgKMqtGBIolqsSYDxam&o=RimVD0m9XxozKg8
2026-06-23 16:58:49,480 | INFO | Debug saved: screenshots\redirected_main_page_2510T0017_20260623_165849.png
2026-06-23 16:58:49,480 | INFO | HTML saved: screenshots\redirected_main_page_2510T0017_20260623_165849.html
2026-06-23 16:58:49,480 | INFO | Attempt failed: Redirected to main page instead of result page
2026-06-23 16:58:49,480 | INFO | Waiting 2s before retry...
2026-06-23 16:58:51,481 | INFO | Attempt 2/2
2026-06-23 16:58:51,481 | INFO | Opening main page...
2026-06-23 16:58:53,245 | INFO | Main page URL: https://fjdefile.phila.gov/efsfjd/zk_fjd_public_qry_00.zp_main_idx
2026-06-23 16:58:53,824 | INFO | Search page URL: https://fjdefile.phila.gov/efsfjd/zk_fjd_public_qry_03.zp_dktrpt_setup_idx?uid=IdgKMqtGBIolqsSYDxam&o=OfmYG0j6X!rzHdb
2026-06-23 16:58:53,825 | INFO | Filling Case ID: 2510T0017
2026-06-23 16:58:53,947 | INFO | Submitting search...
2026-06-23 16:59:39,154 | INFO | Timeout waiting for result. Current URL: https://www.courts.phila.gov/
2026-06-23 16:59:39,783 | INFO | Debug saved: screenshots\result_timeout_2510T0017_20260623_165939.png
2026-06-23 16:59:39,784 | INFO | HTML saved: screenshots\result_timeout_2510T0017_20260623_165939.html
2026-06-23 16:59:39,784 | INFO | Attempt failed: Result page did not load
2026-06-23 16:59:39,784 | INFO | Failed after 2 attempts. Moving to next case.
2026-06-23 16:59:40,263 | INFO | Progress saved to: data\output\cases_results.xlsx
2026-06-23 16:59:40,263 | INFO | Waiting 2s before next case...
2026-06-23 16:59:42,264 | INFO | 
===== 18/1213 =====
2026-06-23 16:59:42,265 | INFO | 
Scraping Case ID: 2510T0018
2026-06-23 16:59:42,265 | INFO | Attempt 1/2
2026-06-23 16:59:42,265 | INFO | Opening main page...
2026-06-23 16:59:45,050 | INFO | Main page URL: https://fjdefile.phila.gov/efsfjd/zk_fjd_public_qry_00.zp_main_idx
2026-06-23 16:59:45,650 | INFO | Search page URL: https://fjdefile.phila.gov/efsfjd/zk_fjd_public_qry_03.zp_dktrpt_setup_idx?uid=IdgKMqtGBIolqsSYDxam&o=OfmYG0j6X!rzHdb
2026-06-23 16:59:45,650 | INFO | Filling Case ID: 2510T0018
2026-06-23 16:59:45,791 | INFO | Submitting search...
2026-06-23 17:00:32,177 | INFO | Timeout waiting for result. Current URL: https://fjdefile.phila.gov/efsfjd/zk_fjd_public_qry_00.zp_main_idx?uid=IdgKMqtGBIolqsSYDxam&o=RimVD0m9XxozKg8
2026-06-23 17:00:32,370 | INFO | Debug saved: screenshots\redirected_main_page_2510T0018_20260623_170032.png
2026-06-23 17:00:32,370 | INFO | HTML saved: screenshots\redirected_main_page_2510T0018_20260623_170032.html
2026-06-23 17:00:32,370 | INFO | Attempt failed: Redirected to main page instead of result page
2026-06-23 17:00:32,370 | INFO | Waiting 2s before retry...
2026-06-23 17:00:34,371 | INFO | Attempt 2/2
2026-06-23 17:00:34,371 | INFO | Opening main page...
2026-06-23 17:00:36,075 | INFO | Main page URL: https://fjdefile.phila.gov/efsfjd/zk_fjd_public_qry_00.zp_main_idx
2026-06-23 17:00:36,654 | INFO | Search page URL: https://fjdefile.phila.gov/efsfjd/zk_fjd_public_qry_03.zp_dktrpt_setup_idx?uid=IdgKMqtGBIolqsSYDxam&o=OfmYG0j6X!rzHdb
2026-06-23 17:00:36,655 | INFO | Filling Case ID: 2510T0018
2026-06-23 17:00:36,775 | INFO | Submitting search...
2026-06-23 17:01:21,957 | INFO | Timeout waiting for result. Current URL: https://fjdefile.phila.gov/efsfjd/zk_fjd_public_qry_00.zp_main_idx?uid=IdgKMqtGBIolqsSYDxam&o=RimVD0m9XxozKg8
2026-06-23 17:01:22,110 | INFO | Debug saved: screenshots\redirected_main_page_2510T0018_20260623_170121.png
2026-06-23 17:01:22,110 | INFO | HTML saved: screenshots\redirected_main_page_2510T0018_20260623_170121.html
2026-06-23 17:01:22,111 | INFO | Attempt failed: Redirected to main page instead of result page
2026-06-23 17:01:22,111 | INFO | Failed after 2 attempts. Moving to next case.
2026-06-23 17:01:22,188 | INFO | Progress saved to: data\output\cases_results.xlsx
2026-06-23 17:01:22,189 | INFO | Waiting 2s before next case...
2026-06-23 17:01:24,189 | INFO | 
===== 19/1213 =====
2026-06-23 17:01:24,190 | INFO | 
Scraping Case ID: 2510T0019
2026-06-23 17:01:24,190 | INFO | Attempt 1/2
2026-06-23 17:01:24,190 | INFO | Opening main page...
2026-06-23 17:01:26,100 | INFO | Main page URL: https://fjdefile.phila.gov/efsfjd/zk_fjd_public_qry_00.zp_main_idx
2026-06-23 17:01:26,501 | INFO | Search page URL: https://fjdefile.phila.gov/efsfjd/zk_fjd_public_qry_03.zp_dktrpt_setup_idx?uid=IdgKMqtGBIolqsSYDxam&o=OfmYG0j6X!rzHdb
2026-06-23 17:01:26,502 | INFO | Filling Case ID: 2510T0019
2026-06-23 17:01:26,614 | INFO | Submitting search...
2026-06-23 17:02:11,807 | INFO | Timeout waiting for result. Current URL: https://fjdefile.phila.gov/efsfjd/zk_fjd_public_qry_00.zp_main_idx?uid=IdgKMqtGBIolqsSYDxam&o=RimVD0m9XxozKg8
2026-06-23 17:02:11,981 | INFO | Debug saved: screenshots\redirected_main_page_2510T0019_20260623_170211.png
2026-06-23 17:02:11,981 | INFO | HTML saved: screenshots\redirected_main_page_2510T0019_20260623_170211.html
2026-06-23 17:02:11,982 | INFO | Attempt failed: Redirected to main page instead of result page
2026-06-23 17:02:11,982 | INFO | Waiting 2s before retry...
2026-06-23 17:02:13,982 | INFO | Attempt 2/2
2026-06-23 17:02:13,983 | INFO | Opening main page...
2026-06-23 17:02:15,675 | INFO | Main page URL: https://fjdefile.phila.gov/efsfjd/zk_fjd_public_qry_00.zp_main_idx
2026-06-23 17:02:16,059 | INFO | Search page URL: https://fjdefile.phila.gov/efsfjd/zk_fjd_public_qry_03.zp_dktrpt_setup_idx?uid=IdgKMqtGBIolqsSYDxam&o=OfmYG0j6X!rzHdb
2026-06-23 17:02:16,059 | INFO | Filling Case ID: 2510T0019
2026-06-23 17:02:16,195 | INFO | Submitting search...
2026-06-23 17:02:38,966 | INFO | Attempt failed: Page.wait_for_selector: Target page, context or browser has been closed
Call log:
  - waiting for locator("a[name=\"description\"]") to be visible
    - waiting for" https://fjdefile.phila.gov/efsfjd/zk_fjd_public_qry_03.zp_dktrpt_search" navigation to finish...
    - navigated to "https://fjdefile.phila.gov/efsfjd/zk_fjd_public_qry_00.zp_main_idx?uid=IdgKMqtGBIolqsSYDxam&o=RimVD0m9XxozKg8"

2026-06-23 17:02:38,967 | INFO | Failed after 2 attempts. Moving to next case.
2026-06-23 17:02:39,042 | INFO | Progress saved to: data\output\cases_results.xlsx
2026-06-23 17:02:39,043 | INFO | Waiting 2s before next case...
2026-06-23 17:02:52,175 | INFO | Columns found: ['Case ID']
2026-06-23 17:02:52,182 | INFO | Loaded 1213 Case IDs from data\input\case_ids.xlsx
2026-06-23 17:02:53,421 | INFO | 
===== 1/1213 =====
2026-06-23 17:02:53,422 | INFO | 
Scraping Case ID: 2510T0001
2026-06-23 17:02:53,423 | INFO | Attempt 1/2
2026-06-23 17:02:53,423 | INFO | Opening main page...
2026-06-23 17:02:56,939 | INFO | Main page URL: https://fjdefile.phila.gov/efsfjd/zk_fjd_public_qry_00.zp_main_idx?uid=p4s6LdsHCIolqsSYDxam&o=y9yhCNlaYxozKg8
2026-06-23 17:02:57,453 | INFO | Search page URL: https://fjdefile.phila.gov/efsfjd/zk_fjd_public_qry_03.zp_dktrpt_setup_idx?uid=p4s6LdsHCIolqsSYDxam&o=v6ykFNi7Y!rzHdb
2026-06-23 17:02:57,453 | INFO | Filling Case ID: 2510T0001
2026-06-23 17:02:57,599 | INFO | Submitting search...
2026-06-23 17:03:00,829 | INFO | Result URL: https://fjdefile.phila.gov/efsfjd/zk_fjd_public_qry_03.zp_dktrpt_search
2026-06-23 17:03:00,931 | INFO | Progress saved to: data\output\cases_results.xlsx
2026-06-23 17:03:00,931 | INFO | Waiting 2s before next case...
2026-06-23 17:03:02,932 | INFO | 
===== 2/1213 =====
2026-06-23 17:03:02,932 | INFO | 
Scraping Case ID: 2510T0002
2026-06-23 17:03:02,932 | INFO | Attempt 1/2
2026-06-23 17:03:02,932 | INFO | Opening main page...
2026-06-23 17:03:04,279 | INFO | Main page URL: https://fjdefile.phila.gov/efsfjd/zk_fjd_public_qry_00.zp_main_idx
2026-06-23 17:03:04,653 | INFO | Search page URL: https://fjdefile.phila.gov/efsfjd/zk_fjd_public_qry_03.zp_dktrpt_setup_idx?uid=p4s6LdsHCIolqsSYDxam&o=v6ykFNi7Y!rzHdb
2026-06-23 17:03:04,653 | INFO | Filling Case ID: 2510T0002
2026-06-23 17:03:04,767 | INFO | Submitting search...
2026-06-23 17:03:06,712 | INFO | Result URL: https://fjdefile.phila.gov/efsfjd/zk_fjd_public_qry_03.zp_dktrpt_search
2026-06-23 17:03:06,785 | INFO | Progress saved to: data\output\cases_results.xlsx
2026-06-23 17:03:06,786 | INFO | Waiting 2s before next case...
2026-06-23 17:03:08,788 | INFO | 
===== 3/1213 =====
2026-06-23 17:03:08,788 | INFO | 
Scraping Case ID: 2510T0003
2026-06-23 17:03:08,789 | INFO | Attempt 1/2
2026-06-23 17:03:08,789 | INFO | Opening main page...
2026-06-23 17:03:10,139 | INFO | Main page URL: https://fjdefile.phila.gov/efsfjd/zk_fjd_public_qry_00.zp_main_idx
2026-06-23 17:03:10,545 | INFO | Search page URL: https://fjdefile.phila.gov/efsfjd/zk_fjd_public_qry_03.zp_dktrpt_setup_idx?uid=p4s6LdsHCIolqsSYDxam&o=v6ykFNi7Y!rzHdb
2026-06-23 17:03:10,545 | INFO | Filling Case ID: 2510T0003
2026-06-23 17:03:10,658 | INFO | Submitting search...
2026-06-23 17:03:55,901 | INFO | Timeout waiting for result. Current URL: https://fjdefile.phila.gov/efsfjd/zk_fjd_public_qry_00.zp_main_idx?uid=p4s6LdsHCIolqsSYDxam&o=y9yhCNlaYxozKg8
2026-06-23 17:03:56,138 | INFO | Debug saved: screenshots\redirected_main_page_2510T0003_20260623_170355.png
2026-06-23 17:03:56,138 | INFO | HTML saved: screenshots\redirected_main_page_2510T0003_20260623_170355.html
2026-06-23 17:03:56,138 | INFO | Attempt failed: Redirected to main page instead of result page
2026-06-23 17:03:56,139 | INFO | Waiting 2s before retry...
2026-06-23 17:03:58,139 | INFO | Attempt 2/2
2026-06-23 17:03:58,139 | INFO | Opening main page...
2026-06-23 17:03:59,843 | INFO | Main page URL: https://fjdefile.phila.gov/efsfjd/zk_fjd_public_qry_00.zp_main_idx
2026-06-23 17:04:00,325 | INFO | Search page URL: https://fjdefile.phila.gov/efsfjd/zk_fjd_public_qry_03.zp_dktrpt_setup_idx?uid=p4s6LdsHCIolqsSYDxam&o=v6ykFNi7Y!rzHdb
2026-06-23 17:04:00,326 | INFO | Filling Case ID: 2510T0003
2026-06-23 17:04:00,440 | INFO | Submitting search...
2026-06-23 17:04:02,707 | INFO | Result URL: https://fjdefile.phila.gov/efsfjd/zk_fjd_public_qry_03.zp_dktrpt_search
2026-06-23 17:04:02,769 | INFO | Progress saved to: data\output\cases_results.xlsx
2026-06-23 17:04:02,769 | INFO | Waiting 2s before next case...
2026-06-23 17:04:04,770 | INFO | 
===== 4/1213 =====
2026-06-23 17:04:04,771 | INFO | 
Scraping Case ID: 2510T0004
2026-06-23 17:04:04,771 | INFO | Attempt 1/2
2026-06-23 17:04:04,771 | INFO | Opening main page...
2026-06-23 17:04:06,101 | INFO | Main page URL: https://fjdefile.phila.gov/efsfjd/zk_fjd_public_qry_00.zp_main_idx
2026-06-23 17:04:06,478 | INFO | Search page URL: https://fjdefile.phila.gov/efsfjd/zk_fjd_public_qry_03.zp_dktrpt_setup_idx?uid=p4s6LdsHCIolqsSYDxam&o=v6ykFNi7Y!rzHdb
2026-06-23 17:04:06,478 | INFO | Filling Case ID: 2510T0004
2026-06-23 17:04:06,592 | INFO | Submitting search...
2026-06-23 17:04:08,821 | INFO | Result URL: https://fjdefile.phila.gov/efsfjd/zk_fjd_public_qry_03.zp_dktrpt_search
2026-06-23 17:04:08,902 | INFO | Progress saved to: data\output\cases_results.xlsx
2026-06-23 17:04:08,903 | INFO | Waiting 2s before next case...
2026-06-23 17:04:10,903 | INFO | 
===== 5/1213 =====
2026-06-23 17:04:10,904 | INFO | 
Scraping Case ID: 2510T0005
2026-06-23 17:04:10,904 | INFO | Attempt 1/2
2026-06-23 17:04:10,904 | INFO | Opening main page...
2026-06-23 17:04:12,213 | INFO | Main page URL: https://fjdefile.phila.gov/efsfjd/zk_fjd_public_qry_00.zp_main_idx
2026-06-23 17:04:12,677 | INFO | Search page URL: https://fjdefile.phila.gov/efsfjd/zk_fjd_public_qry_03.zp_dktrpt_setup_idx?uid=p4s6LdsHCIolqsSYDxam&o=v6ykFNi7Y!rzHdb
2026-06-23 17:04:12,677 | INFO | Filling Case ID: 2510T0005
2026-06-23 17:04:12,811 | INFO | Submitting search...
2026-06-23 17:04:15,021 | INFO | Result URL: https://fjdefile.phila.gov/efsfjd/zk_fjd_public_qry_03.zp_dktrpt_search
2026-06-23 17:04:15,117 | INFO | Progress saved to: data\output\cases_results.xlsx
2026-06-23 17:04:15,118 | INFO | Waiting 2s before next case...
2026-06-23 17:04:17,119 | INFO | 
===== 6/1213 =====
2026-06-23 17:04:17,120 | INFO | 
Scraping Case ID: 2510T0006
2026-06-23 17:04:17,120 | INFO | Attempt 1/2
2026-06-23 17:04:17,120 | INFO | Opening main page...
2026-06-23 17:04:18,451 | INFO | Main page URL: https://fjdefile.phila.gov/efsfjd/zk_fjd_public_qry_00.zp_main_idx
2026-06-23 17:04:18,828 | INFO | Search page URL: https://fjdefile.phila.gov/efsfjd/zk_fjd_public_qry_03.zp_dktrpt_setup_idx?uid=p4s6LdsHCIolqsSYDxam&o=v6ykFNi7Y!rzHdb
2026-06-23 17:04:18,828 | INFO | Filling Case ID: 2510T0006
2026-06-23 17:04:18,954 | INFO | Submitting search...
2026-06-23 17:04:21,086 | INFO | Result URL: https://fjdefile.phila.gov/efsfjd/zk_fjd_public_qry_03.zp_dktrpt_search
2026-06-23 17:04:21,164 | INFO | Progress saved to: data\output\cases_results.xlsx
2026-06-23 17:04:21,165 | INFO | Waiting 2s before next case...
2026-06-23 17:04:23,165 | INFO | 
===== 7/1213 =====
2026-06-23 17:04:23,166 | INFO | 
Scraping Case ID: 2510T0007
2026-06-23 17:04:23,166 | INFO | Attempt 1/2
2026-06-23 17:04:23,167 | INFO | Opening main page...
2026-06-23 17:04:24,494 | INFO | Main page URL: https://fjdefile.phila.gov/efsfjd/zk_fjd_public_qry_00.zp_main_idx
2026-06-23 17:04:25,073 | INFO | Search page URL: https://fjdefile.phila.gov/efsfjd/zk_fjd_public_qry_03.zp_dktrpt_setup_idx?uid=p4s6LdsHCIolqsSYDxam&o=v6ykFNi7Y!rzHdb
2026-06-23 17:04:25,074 | INFO | Filling Case ID: 2510T0007
2026-06-23 17:04:25,193 | INFO | Submitting search...
2026-06-23 17:04:27,606 | INFO | Result URL: https://fjdefile.phila.gov/efsfjd/zk_fjd_public_qry_03.zp_dktrpt_search
2026-06-23 17:04:27,664 | INFO | Progress saved to: data\output\cases_results.xlsx
2026-06-23 17:04:27,664 | INFO | Waiting 2s before next case...
2026-06-23 17:04:29,665 | INFO | 
===== 8/1213 =====
2026-06-23 17:04:29,666 | INFO | 
Scraping Case ID: 2510T0008
2026-06-23 17:04:29,666 | INFO | Attempt 1/2
2026-06-23 17:04:29,666 | INFO | Opening main page...
2026-06-23 17:04:30,997 | INFO | Main page URL: https://fjdefile.phila.gov/efsfjd/zk_fjd_public_qry_00.zp_main_idx
2026-06-23 17:04:31,461 | INFO | Search page URL: https://fjdefile.phila.gov/efsfjd/zk_fjd_public_qry_03.zp_dktrpt_setup_idx?uid=p4s6LdsHCIolqsSYDxam&o=v6ykFNi7Y!rzHdb
2026-06-23 17:04:31,462 | INFO | Filling Case ID: 2510T0008
2026-06-23 17:04:31,581 | INFO | Submitting search...
2026-06-23 17:04:33,886 | INFO | Result URL: https://fjdefile.phila.gov/efsfjd/zk_fjd_public_qry_03.zp_dktrpt_search
2026-06-23 17:04:33,951 | INFO | Progress saved to: data\output\cases_results.xlsx
2026-06-23 17:04:33,951 | INFO | Waiting 2s before next case...
2026-06-23 17:04:35,952 | INFO | 
===== 9/1213 =====
2026-06-23 17:04:35,952 | INFO | 
Scraping Case ID: 2510T0009
2026-06-23 17:04:35,952 | INFO | Attempt 1/2
2026-06-23 17:04:35,952 | INFO | Opening main page...
2026-06-23 17:04:37,262 | INFO | Main page URL: https://fjdefile.phila.gov/efsfjd/zk_fjd_public_qry_00.zp_main_idx
2026-06-23 17:04:37,654 | INFO | Search page URL: https://fjdefile.phila.gov/efsfjd/zk_fjd_public_qry_03.zp_dktrpt_setup_idx?uid=p4s6LdsHCIolqsSYDxam&o=v6ykFNi7Y!rzHdb
2026-06-23 17:04:37,655 | INFO | Filling Case ID: 2510T0009
2026-06-23 17:04:37,782 | INFO | Submitting search...
2026-06-23 17:04:39,969 | INFO | Result URL: https://fjdefile.phila.gov/efsfjd/zk_fjd_public_qry_03.zp_dktrpt_search
2026-06-23 17:04:40,032 | INFO | Progress saved to: data\output\cases_results.xlsx
2026-06-23 17:04:40,033 | INFO | Waiting 2s before next case...
2026-06-23 17:04:42,034 | INFO | 
===== 10/1213 =====
2026-06-23 17:04:42,034 | INFO | 
Scraping Case ID: 2510T0010
2026-06-23 17:04:42,034 | INFO | Attempt 1/2
2026-06-23 17:04:42,035 | INFO | Opening main page...
2026-06-23 17:04:43,647 | INFO | Main page URL: https://fjdefile.phila.gov/efsfjd/zk_fjd_public_qry_00.zp_main_idx
2026-06-23 17:04:44,095 | INFO | Search page URL: https://fjdefile.phila.gov/efsfjd/zk_fjd_public_qry_03.zp_dktrpt_setup_idx?uid=p4s6LdsHCIolqsSYDxam&o=v6ykFNi7Y!rzHdb
2026-06-23 17:04:44,095 | INFO | Filling Case ID: 2510T0010
2026-06-23 17:04:44,243 | INFO | Submitting search...
2026-06-23 17:04:46,522 | INFO | Result URL: https://fjdefile.phila.gov/efsfjd/zk_fjd_public_qry_03.zp_dktrpt_search
2026-06-23 17:04:46,611 | INFO | Progress saved to: data\output\cases_results.xlsx
2026-06-23 17:04:46,611 | INFO | Waiting 2s before next case...
2026-06-23 17:04:48,612 | INFO | 
===== 11/1213 =====
2026-06-23 17:04:48,612 | INFO | 
Scraping Case ID: 2510T0011
2026-06-23 17:04:48,613 | INFO | Attempt 1/2
2026-06-23 17:04:48,613 | INFO | Opening main page...
2026-06-23 17:04:49,934 | INFO | Main page URL: https://fjdefile.phila.gov/efsfjd/zk_fjd_public_qry_00.zp_main_idx
2026-06-23 17:04:50,299 | INFO | Search page URL: https://fjdefile.phila.gov/efsfjd/zk_fjd_public_qry_03.zp_dktrpt_setup_idx?uid=p4s6LdsHCIolqsSYDxam&o=v6ykFNi7Y!rzHdb
2026-06-23 17:04:50,300 | INFO | Filling Case ID: 2510T0011
2026-06-23 17:04:50,423 | INFO | Submitting search...
2026-06-23 17:04:52,164 | INFO | Result URL: https://fjdefile.phila.gov/efsfjd/zk_fjd_public_qry_03.zp_dktrpt_search
2026-06-23 17:04:52,240 | INFO | Progress saved to: data\output\cases_results.xlsx
2026-06-23 17:04:52,241 | INFO | Waiting 2s before next case...
2026-06-23 17:04:54,242 | INFO | 
===== 12/1213 =====
2026-06-23 17:04:54,242 | INFO | 
Scraping Case ID: 2510T0012
2026-06-23 17:04:54,242 | INFO | Attempt 1/2
2026-06-23 17:04:54,242 | INFO | Opening main page...
2026-06-23 17:04:55,575 | INFO | Main page URL: https://fjdefile.phila.gov/efsfjd/zk_fjd_public_qry_00.zp_main_idx
2026-06-23 17:04:56,010 | INFO | Search page URL: https://fjdefile.phila.gov/efsfjd/zk_fjd_public_qry_03.zp_dktrpt_setup_idx?uid=p4s6LdsHCIolqsSYDxam&o=v6ykFNi7Y!rzHdb
2026-06-23 17:04:56,011 | INFO | Filling Case ID: 2510T0012
2026-06-23 17:04:56,139 | INFO | Submitting search...
2026-06-23 17:04:58,638 | INFO | Result URL: https://fjdefile.phila.gov/efsfjd/zk_fjd_public_qry_03.zp_dktrpt_search
2026-06-23 17:04:58,745 | INFO | Progress saved to: data\output\cases_results.xlsx
2026-06-23 17:04:58,745 | INFO | Waiting 2s before next case...
2026-06-23 17:05:00,746 | INFO | 
===== 13/1213 =====
2026-06-23 17:05:00,746 | INFO | 
Scraping Case ID: 2510T0013
2026-06-23 17:05:00,746 | INFO | Attempt 1/2
2026-06-23 17:05:00,747 | INFO | Opening main page...
2026-06-23 17:05:02,179 | INFO | Main page URL: https://fjdefile.phila.gov/efsfjd/zk_fjd_public_qry_00.zp_main_idx
2026-06-23 17:05:02,647 | INFO | Search page URL: https://fjdefile.phila.gov/efsfjd/zk_fjd_public_qry_03.zp_dktrpt_setup_idx?uid=p4s6LdsHCIolqsSYDxam&o=v6ykFNi7Y!rzHdb
2026-06-23 17:05:02,648 | INFO | Filling Case ID: 2510T0013
2026-06-23 17:05:02,760 | INFO | Submitting search...
2026-06-23 17:05:05,022 | INFO | Result URL: https://fjdefile.phila.gov/efsfjd/zk_fjd_public_qry_03.zp_dktrpt_search
2026-06-23 17:05:05,103 | INFO | Progress saved to: data\output\cases_results.xlsx
2026-06-23 17:05:05,103 | INFO | Waiting 2s before next case...
2026-06-23 17:05:07,104 | INFO | 
===== 14/1213 =====
2026-06-23 17:05:07,104 | INFO | 
Scraping Case ID: 2510T0014
2026-06-23 17:05:07,105 | INFO | Attempt 1/2
2026-06-23 17:05:07,105 | INFO | Opening main page...
2026-06-23 17:05:08,413 | INFO | Main page URL: https://fjdefile.phila.gov/efsfjd/zk_fjd_public_qry_00.zp_main_idx
2026-06-23 17:05:08,787 | INFO | Search page URL: https://fjdefile.phila.gov/efsfjd/zk_fjd_public_qry_03.zp_dktrpt_setup_idx?uid=p4s6LdsHCIolqsSYDxam&o=v6ykFNi7Y!rzHdb
2026-06-23 17:05:08,787 | INFO | Filling Case ID: 2510T0014
2026-06-23 17:05:08,913 | INFO | Submitting search...
2026-06-23 17:05:10,601 | INFO | Result URL: https://fjdefile.phila.gov/efsfjd/zk_fjd_public_qry_03.zp_dktrpt_search
2026-06-23 17:05:10,675 | INFO | Progress saved to: data\output\cases_results.xlsx
2026-06-23 17:05:10,676 | INFO | Waiting 2s before next case...
2026-06-23 17:05:12,677 | INFO | 
===== 15/1213 =====
2026-06-23 17:05:12,677 | INFO | 
Scraping Case ID: 2510T0015
2026-06-23 17:05:12,677 | INFO | Attempt 1/2
2026-06-23 17:05:12,677 | INFO | Opening main page...
2026-06-23 17:05:14,001 | INFO | Main page URL: https://fjdefile.phila.gov/efsfjd/zk_fjd_public_qry_00.zp_main_idx
2026-06-23 17:05:14,459 | INFO | Search page URL: https://fjdefile.phila.gov/efsfjd/zk_fjd_public_qry_03.zp_dktrpt_setup_idx?uid=p4s6LdsHCIolqsSYDxam&o=v6ykFNi7Y!rzHdb
2026-06-23 17:05:14,459 | INFO | Filling Case ID: 2510T0015
2026-06-23 17:05:14,596 | INFO | Submitting search...
2026-06-23 17:05:16,869 | INFO | Result URL: https://fjdefile.phila.gov/efsfjd/zk_fjd_public_qry_03.zp_dktrpt_search
2026-06-23 17:05:16,939 | INFO | Progress saved to: data\output\cases_results.xlsx
2026-06-23 17:05:16,939 | INFO | Waiting 2s before next case...
2026-06-23 17:05:18,940 | INFO | 
===== 16/1213 =====
2026-06-23 17:05:18,941 | INFO | 
Scraping Case ID: 2510T0016
2026-06-23 17:05:18,941 | INFO | Attempt 1/2
2026-06-23 17:05:18,941 | INFO | Opening main page...
2026-06-23 17:05:20,372 | INFO | Main page URL: https://fjdefile.phila.gov/efsfjd/zk_fjd_public_qry_00.zp_main_idx
2026-06-23 17:05:20,874 | INFO | Search page URL: https://fjdefile.phila.gov/efsfjd/zk_fjd_public_qry_03.zp_dktrpt_setup_idx?uid=p4s6LdsHCIolqsSYDxam&o=v6ykFNi7Y!rzHdb
2026-06-23 17:05:20,875 | INFO | Filling Case ID: 2510T0016
2026-06-23 17:05:20,998 | INFO | Submitting search...
2026-06-23 17:05:23,129 | INFO | Result URL: https://fjdefile.phila.gov/efsfjd/zk_fjd_public_qry_03.zp_dktrpt_search
2026-06-23 17:05:23,188 | INFO | Progress saved to: data\output\cases_results.xlsx
2026-06-23 17:05:23,188 | INFO | Waiting 2s before next case...
2026-06-23 17:05:25,190 | INFO | 
===== 17/1213 =====
2026-06-23 17:05:25,190 | INFO | 
Scraping Case ID: 2510T0017
2026-06-23 17:05:25,190 | INFO | Attempt 1/2
2026-06-23 17:05:25,191 | INFO | Opening main page...
2026-06-23 17:05:26,521 | INFO | Main page URL: https://fjdefile.phila.gov/efsfjd/zk_fjd_public_qry_00.zp_main_idx
2026-06-23 17:05:26,956 | INFO | Search page URL: https://fjdefile.phila.gov/efsfjd/zk_fjd_public_qry_03.zp_dktrpt_setup_idx?uid=p4s6LdsHCIolqsSYDxam&o=v6ykFNi7Y!rzHdb
2026-06-23 17:05:26,956 | INFO | Filling Case ID: 2510T0017
2026-06-23 17:05:27,104 | INFO | Submitting search...
2026-06-23 17:05:29,223 | INFO | Result URL: https://fjdefile.phila.gov/efsfjd/zk_fjd_public_qry_03.zp_dktrpt_search
2026-06-23 17:05:29,300 | INFO | Progress saved to: data\output\cases_results.xlsx
2026-06-23 17:05:29,300 | INFO | Waiting 2s before next case...
2026-06-23 17:05:31,301 | INFO | 
===== 18/1213 =====
2026-06-23 17:05:31,301 | INFO | 
Scraping Case ID: 2510T0018
2026-06-23 17:05:31,302 | INFO | Attempt 1/2
2026-06-23 17:05:31,302 | INFO | Opening main page...
2026-06-23 17:05:32,624 | INFO | Main page URL: https://fjdefile.phila.gov/efsfjd/zk_fjd_public_qry_00.zp_main_idx
2026-06-23 17:05:33,085 | INFO | Search page URL: https://fjdefile.phila.gov/efsfjd/zk_fjd_public_qry_03.zp_dktrpt_setup_idx?uid=p4s6LdsHCIolqsSYDxam&o=v6ykFNi7Y!rzHdb
2026-06-23 17:05:33,085 | INFO | Filling Case ID: 2510T0018
2026-06-23 17:05:33,199 | INFO | Submitting search...
2026-06-23 17:05:35,047 | INFO | Result URL: https://fjdefile.phila.gov/efsfjd/zk_fjd_public_qry_03.zp_dktrpt_search
2026-06-23 17:05:35,112 | INFO | Progress saved to: data\output\cases_results.xlsx
2026-06-23 17:05:35,113 | INFO | Waiting 2s before next case...
2026-06-23 17:05:37,113 | INFO | 
===== 19/1213 =====
2026-06-23 17:05:37,114 | INFO | 
Scraping Case ID: 2510T0019
2026-06-23 17:05:37,114 | INFO | Attempt 1/2
2026-06-23 17:05:37,114 | INFO | Opening main page...
2026-06-23 17:05:38,543 | INFO | Main page URL: https://fjdefile.phila.gov/efsfjd/zk_fjd_public_qry_00.zp_main_idx
2026-06-23 17:05:38,975 | INFO | Search page URL: https://fjdefile.phila.gov/efsfjd/zk_fjd_public_qry_03.zp_dktrpt_setup_idx?uid=p4s6LdsHCIolqsSYDxam&o=v6ykFNi7Y!rzHdb
2026-06-23 17:05:38,976 | INFO | Filling Case ID: 2510T0019
2026-06-23 17:05:39,118 | INFO | Submitting search...
2026-06-23 17:05:40,747 | INFO | Result URL: https://fjdefile.phila.gov/efsfjd/zk_fjd_public_qry_03.zp_dktrpt_search
2026-06-23 17:05:40,818 | INFO | Progress saved to: data\output\cases_results.xlsx
2026-06-23 17:05:40,819 | INFO | Waiting 2s before next case...
2026-06-23 17:05:42,820 | INFO | 
===== 20/1213 =====
2026-06-23 17:05:42,821 | INFO | 
Scraping Case ID: 2510T0020
2026-06-23 17:05:42,821 | INFO | Attempt 1/2
2026-06-23 17:05:42,821 | INFO | Opening main page...
2026-06-23 17:05:44,320 | INFO | Main page URL: https://fjdefile.phila.gov/efsfjd/zk_fjd_public_qry_00.zp_main_idx
2026-06-23 17:05:44,772 | INFO | Search page URL: https://fjdefile.phila.gov/efsfjd/zk_fjd_public_qry_03.zp_dktrpt_setup_idx?uid=p4s6LdsHCIolqsSYDxam&o=v6ykFNi7Y!rzHdb
2026-06-23 17:05:44,773 | INFO | Filling Case ID: 2510T0020
2026-06-23 17:05:44,888 | INFO | Submitting search...
2026-06-23 17:05:46,518 | INFO | Result URL: https://fjdefile.phila.gov/efsfjd/zk_fjd_public_qry_03.zp_dktrpt_search
2026-06-23 17:05:46,686 | INFO | Progress saved to: data\output\cases_results.xlsx
2026-06-23 17:05:46,686 | INFO | Waiting 2s before next case...
2026-06-23 17:05:48,686 | INFO | 
===== 21/1213 =====
2026-06-23 17:05:48,687 | INFO | 
Scraping Case ID: 2510T0021
2026-06-23 17:05:48,687 | INFO | Attempt 1/2
2026-06-23 17:05:48,687 | INFO | Opening main page...
2026-06-23 17:05:50,007 | INFO | Main page URL: https://fjdefile.phila.gov/efsfjd/zk_fjd_public_qry_00.zp_main_idx
2026-06-23 17:05:50,462 | INFO | Search page URL: https://fjdefile.phila.gov/efsfjd/zk_fjd_public_qry_03.zp_dktrpt_setup_idx?uid=p4s6LdsHCIolqsSYDxam&o=v6ykFNi7Y!rzHdb
2026-06-23 17:05:50,463 | INFO | Filling Case ID: 2510T0021
2026-06-23 17:05:50,582 | INFO | Submitting search...
2026-06-23 17:05:52,189 | INFO | Result URL: https://fjdefile.phila.gov/efsfjd/zk_fjd_public_qry_03.zp_dktrpt_search
2026-06-23 17:05:52,281 | INFO | Progress saved to: data\output\cases_results.xlsx
2026-06-23 17:05:52,282 | INFO | Waiting 2s before next case...
2026-06-23 17:05:54,283 | INFO | 
===== 22/1213 =====
2026-06-23 17:05:54,283 | INFO | 
Scraping Case ID: 2510T0022
2026-06-23 17:05:54,283 | INFO | Attempt 1/2
2026-06-23 17:05:54,283 | INFO | Opening main page...
2026-06-23 17:05:55,719 | INFO | Main page URL: https://fjdefile.phila.gov/efsfjd/zk_fjd_public_qry_00.zp_main_idx
2026-06-23 17:05:56,148 | INFO | Search page URL: https://fjdefile.phila.gov/efsfjd/zk_fjd_public_qry_03.zp_dktrpt_setup_idx?uid=p4s6LdsHCIolqsSYDxam&o=v6ykFNi7Y!rzHdb
2026-06-23 17:05:56,148 | INFO | Filling Case ID: 2510T0022
2026-06-23 17:05:56,275 | INFO | Submitting search...
2026-06-23 17:06:41,468 | INFO | Timeout waiting for result. Current URL: https://fjdefile.phila.gov/efsfjd/zk_fjd_public_qry_00.zp_main_idx?uid=p4s6LdsHCIolqsSYDxam&o=y9yhCNlaYxozKg8
2026-06-23 17:06:41,628 | INFO | Debug saved: screenshots\redirected_main_page_2510T0022_20260623_170641.png
2026-06-23 17:06:41,628 | INFO | HTML saved: screenshots\redirected_main_page_2510T0022_20260623_170641.html
2026-06-23 17:06:41,628 | INFO | Attempt failed: Redirected to main page instead of result page
2026-06-23 17:06:41,629 | INFO | Waiting 2s before retry...
2026-06-23 17:06:43,629 | INFO | Attempt 2/2
2026-06-23 17:06:43,629 | INFO | Opening main page...
2026-06-23 17:06:45,326 | INFO | Main page URL: https://fjdefile.phila.gov/efsfjd/zk_fjd_public_qry_00.zp_main_idx
2026-06-23 17:06:45,722 | INFO | Search page URL: https://fjdefile.phila.gov/efsfjd/zk_fjd_public_qry_03.zp_dktrpt_setup_idx?uid=p4s6LdsHCIolqsSYDxam&o=v6ykFNi7Y!rzHdb
2026-06-23 17:06:45,723 | INFO | Filling Case ID: 2510T0022
2026-06-23 17:06:45,854 | INFO | Submitting search...
2026-06-23 17:07:31,043 | INFO | Timeout waiting for result. Current URL: https://fjdefile.phila.gov/efsfjd/zk_fjd_public_qry_00.zp_main_idx?uid=p4s6LdsHCIolqsSYDxam&o=y9yhCNlaYxozKg8
2026-06-23 17:07:31,206 | INFO | Debug saved: screenshots\redirected_main_page_2510T0022_20260623_170731.png
2026-06-23 17:07:31,206 | INFO | HTML saved: screenshots\redirected_main_page_2510T0022_20260623_170731.html
2026-06-23 17:07:31,206 | INFO | Attempt failed: Redirected to main page instead of result page
2026-06-23 17:07:31,206 | INFO | Failed after 2 attempts. Moving to next case.
2026-06-23 17:07:31,245 | INFO | Progress saved to: data\output\cases_results.xlsx
2026-06-23 17:07:31,246 | INFO | Waiting 2s before next case...
2026-06-23 17:07:33,246 | INFO | 
===== 23/1213 =====
2026-06-23 17:07:33,247 | INFO | 
Scraping Case ID: 2510T0023
2026-06-23 17:07:33,247 | INFO | Attempt 1/2
2026-06-23 17:07:33,247 | INFO | Opening main page...
2026-06-23 17:07:34,884 | INFO | Main page URL: https://fjdefile.phila.gov/efsfjd/zk_fjd_public_qry_00.zp_main_idx
2026-06-23 17:07:35,354 | INFO | Search page URL: https://fjdefile.phila.gov/efsfjd/zk_fjd_public_qry_03.zp_dktrpt_setup_idx?uid=p4s6LdsHCIolqsSYDxam&o=v6ykFNi7Y!rzHdb
2026-06-23 17:07:35,355 | INFO | Filling Case ID: 2510T0023
2026-06-23 17:07:35,487 | INFO | Submitting search...
2026-06-23 17:08:20,704 | INFO | Timeout waiting for result. Current URL: https://fjdefile.phila.gov/efsfjd/zk_fjd_public_qry_00.zp_main_idx?uid=p4s6LdsHCIolqsSYDxam&o=y9yhCNlaYxozKg8
2026-06-23 17:08:20,851 | INFO | Debug saved: screenshots\redirected_main_page_2510T0023_20260623_170820.png
2026-06-23 17:08:20,851 | INFO | HTML saved: screenshots\redirected_main_page_2510T0023_20260623_170820.html
2026-06-23 17:08:20,851 | INFO | Attempt failed: Redirected to main page instead of result page
2026-06-23 17:08:20,851 | INFO | Waiting 2s before retry...
2026-06-23 17:08:22,852 | INFO | Attempt 2/2
2026-06-23 17:08:22,853 | INFO | Opening main page...
2026-06-23 17:08:24,922 | INFO | Main page URL: https://fjdefile.phila.gov/efsfjd/zk_fjd_public_qry_00.zp_main_idx
2026-06-23 17:08:25,479 | INFO | Search page URL: https://fjdefile.phila.gov/efsfjd/zk_fjd_public_qry_03.zp_dktrpt_setup_idx?uid=p4s6LdsHCIolqsSYDxam&o=v6ykFNi7Y!rzHdb
2026-06-23 17:08:25,480 | INFO | Filling Case ID: 2510T0023
2026-06-23 17:08:25,591 | INFO | Submitting search...
2026-06-23 17:09:10,834 | INFO | Timeout waiting for result. Current URL: https://fjdefile.phila.gov/efsfjd/zk_fjd_public_qry_00.zp_main_idx?uid=p4s6LdsHCIolqsSYDxam&o=y9yhCNlaYxozKg8
2026-06-23 17:09:10,995 | INFO | Debug saved: screenshots\redirected_main_page_2510T0023_20260623_170910.png
2026-06-23 17:09:10,995 | INFO | HTML saved: screenshots\redirected_main_page_2510T0023_20260623_170910.html
2026-06-23 17:09:10,995 | INFO | Attempt failed: Redirected to main page instead of result page
2026-06-23 17:09:10,995 | INFO | Failed after 2 attempts. Moving to next case.
2026-06-23 17:09:11,036 | INFO | Progress saved to: data\output\cases_results.xlsx
2026-06-23 17:09:11,037 | INFO | Waiting 2s before next case...
2026-06-23 17:09:13,038 | INFO | 
===== 24/1213 =====
2026-06-23 17:09:13,039 | INFO | 
Scraping Case ID: 2510T0024
2026-06-23 17:09:13,039 | INFO | Attempt 1/2
2026-06-23 17:09:13,039 | INFO | Opening main page...
2026-06-23 17:09:14,656 | INFO | Main page URL: https://fjdefile.phila.gov/efsfjd/zk_fjd_public_qry_00.zp_main_idx
2026-06-23 17:09:15,038 | INFO | Search page URL: https://fjdefile.phila.gov/efsfjd/zk_fjd_public_qry_03.zp_dktrpt_setup_idx?uid=p4s6LdsHCIolqsSYDxam&o=v6ykFNi7Y!rzHdb
2026-06-23 17:09:15,040 | INFO | Filling Case ID: 2510T0024
2026-06-23 17:09:15,157 | INFO | Submitting search...
2026-06-23 17:10:00,371 | INFO | Timeout waiting for result. Current URL: https://fjdefile.phila.gov/efsfjd/zk_fjd_public_qry_00.zp_main_idx?uid=p4s6LdsHCIolqsSYDxam&o=y9yhCNlaYxozKg8
2026-06-23 17:10:00,510 | INFO | Debug saved: screenshots\redirected_main_page_2510T0024_20260623_171000.png
2026-06-23 17:10:00,510 | INFO | HTML saved: screenshots\redirected_main_page_2510T0024_20260623_171000.html
2026-06-23 17:10:00,511 | INFO | Attempt failed: Redirected to main page instead of result page
2026-06-23 17:10:00,511 | INFO | Waiting 2s before retry...
2026-06-23 17:10:08,623 | INFO | Columns found: ['Case ID']
2026-06-23 17:10:08,630 | INFO | Loaded 1213 Case IDs from data\input\case_ids.xlsx
2026-06-23 17:10:09,592 | INFO | 
===== 1/1213 =====
2026-06-23 17:10:09,594 | INFO | 
Scraping Case ID: 2510T0001
2026-06-23 17:10:09,594 | INFO | Attempt 1/2
2026-06-23 17:10:09,595 | INFO | Opening main page...
2026-06-23 17:10:13,970 | INFO | Main page URL: https://fjdefile.phila.gov/efsfjd/zk_fjd_public_qry_00.zp_main_idx?uid=A8jTHowOvIolqsSYDxam&o=Jdp4!YphPxozKg8
2026-06-23 17:10:15,153 | INFO | Search page URL: https://fjdefile.phila.gov/efsfjd/zk_fjd_public_qry_03.zp_dktrpt_setup_idx?uid=A8jTHowOvIolqsSYDxam&o=Gap7BYmeP!rzHdb
2026-06-23 17:10:15,164 | INFO | Filling Case ID: 2510T0001
2026-06-23 17:10:15,402 | INFO | Submitting search...
2026-06-23 17:10:19,414 | INFO | Result URL: https://fjdefile.phila.gov/efsfjd/zk_fjd_public_qry_03.zp_dktrpt_search
2026-06-23 17:10:19,592 | INFO | Progress saved to: data\output\cases_results.xlsx
2026-06-23 17:10:19,593 | INFO | Waiting 2s before next case...
2026-06-23 17:10:21,594 | INFO | 
===== 2/1213 =====
2026-06-23 17:10:21,595 | INFO | 
Scraping Case ID: 2510T0002
2026-06-23 17:10:21,595 | INFO | Attempt 1/2
2026-06-23 17:10:21,596 | INFO | Opening main page...
2026-06-23 17:10:22,987 | INFO | Main page URL: https://fjdefile.phila.gov/efsfjd/zk_fjd_public_qry_00.zp_main_idx
2026-06-23 17:10:23,442 | INFO | Search page URL: https://fjdefile.phila.gov/efsfjd/zk_fjd_public_qry_03.zp_dktrpt_setup_idx?uid=A8jTHowOvIolqsSYDxam&o=Gap7BYmeP!rzHdb
2026-06-23 17:10:23,443 | INFO | Filling Case ID: 2510T0002
2026-06-23 17:10:23,606 | INFO | Submitting search...
2026-06-23 17:10:26,051 | INFO | Result URL: https://fjdefile.phila.gov/efsfjd/zk_fjd_public_qry_03.zp_dktrpt_search
2026-06-23 17:10:26,169 | INFO | Progress saved to: data\output\cases_results.xlsx
2026-06-23 17:10:26,170 | INFO | Waiting 2s before next case...
2026-06-23 17:10:28,171 | INFO | 
===== 3/1213 =====
2026-06-23 17:10:28,171 | INFO | 
Scraping Case ID: 2510T0003
2026-06-23 17:10:28,171 | INFO | Attempt 1/2
2026-06-23 17:10:28,172 | INFO | Opening main page...
2026-06-23 17:10:29,803 | INFO | Main page URL: https://fjdefile.phila.gov/efsfjd/zk_fjd_public_qry_00.zp_main_idx
2026-06-23 17:10:30,334 | INFO | Search page URL: https://fjdefile.phila.gov/efsfjd/zk_fjd_public_qry_03.zp_dktrpt_setup_idx?uid=A8jTHowOvIolqsSYDxam&o=Gap7BYmeP!rzHdb
2026-06-23 17:10:30,334 | INFO | Filling Case ID: 2510T0003
2026-06-23 17:10:30,486 | INFO | Submitting search...
2026-06-23 17:10:32,785 | INFO | Result URL: https://fjdefile.phila.gov/efsfjd/zk_fjd_public_qry_03.zp_dktrpt_search
2026-06-23 17:10:32,852 | INFO | Progress saved to: data\output\cases_results.xlsx
2026-06-23 17:10:32,853 | INFO | Waiting 2s before next case...
2026-06-23 17:10:34,854 | INFO | 
===== 4/1213 =====
2026-06-23 17:10:34,854 | INFO | 
Scraping Case ID: 2510T0004
2026-06-23 17:10:34,854 | INFO | Attempt 1/2
2026-06-23 17:10:34,854 | INFO | Opening main page...
2026-06-23 17:10:36,302 | INFO | Main page URL: https://fjdefile.phila.gov/efsfjd/zk_fjd_public_qry_00.zp_main_idx
2026-06-23 17:10:36,768 | INFO | Search page URL: https://fjdefile.phila.gov/efsfjd/zk_fjd_public_qry_03.zp_dktrpt_setup_idx?uid=A8jTHowOvIolqsSYDxam&o=Gap7BYmeP!rzHdb
2026-06-23 17:10:36,768 | INFO | Filling Case ID: 2510T0004
2026-06-23 17:10:36,886 | INFO | Submitting search...
2026-06-23 17:10:39,054 | INFO | Result URL: https://fjdefile.phila.gov/efsfjd/zk_fjd_public_qry_03.zp_dktrpt_search
2026-06-23 17:10:39,233 | INFO | Progress saved to: data\output\cases_results.xlsx
2026-06-23 17:10:39,234 | INFO | Waiting 2s before next case...
2026-06-23 17:10:41,235 | INFO | 
===== 5/1213 =====
2026-06-23 17:10:41,235 | INFO | 
Scraping Case ID: 2510T0005
2026-06-23 17:10:41,235 | INFO | Attempt 1/2
2026-06-23 17:10:41,236 | INFO | Opening main page...
2026-06-23 17:10:42,561 | INFO | Main page URL: https://fjdefile.phila.gov/efsfjd/zk_fjd_public_qry_00.zp_main_idx
2026-06-23 17:10:42,964 | INFO | Search page URL: https://fjdefile.phila.gov/efsfjd/zk_fjd_public_qry_03.zp_dktrpt_setup_idx?uid=A8jTHowOvIolqsSYDxam&o=Gap7BYmeP!rzHdb
2026-06-23 17:10:42,964 | INFO | Filling Case ID: 2510T0005
2026-06-23 17:10:43,093 | INFO | Submitting search...
2026-06-23 17:10:44,814 | INFO | Result URL: https://fjdefile.phila.gov/efsfjd/zk_fjd_public_qry_03.zp_dktrpt_search
2026-06-23 17:10:44,883 | INFO | Progress saved to: data\output\cases_results.xlsx
2026-06-23 17:10:44,883 | INFO | Waiting 2s before next case...
2026-06-23 17:10:46,884 | INFO | 
===== 6/1213 =====
2026-06-23 17:10:46,885 | INFO | 
Scraping Case ID: 2510T0006
2026-06-23 17:10:46,885 | INFO | Attempt 1/2
2026-06-23 17:10:46,885 | INFO | Opening main page...
2026-06-23 17:10:48,213 | INFO | Main page URL: https://fjdefile.phila.gov/efsfjd/zk_fjd_public_qry_00.zp_main_idx
2026-06-23 17:10:48,685 | INFO | Search page URL: https://fjdefile.phila.gov/efsfjd/zk_fjd_public_qry_03.zp_dktrpt_setup_idx?uid=A8jTHowOvIolqsSYDxam&o=Gap7BYmeP!rzHdb
2026-06-23 17:10:48,686 | INFO | Filling Case ID: 2510T0006
2026-06-23 17:10:48,818 | INFO | Submitting search...
2026-06-23 17:10:51,270 | INFO | Result URL: https://fjdefile.phila.gov/efsfjd/zk_fjd_public_qry_03.zp_dktrpt_search
2026-06-23 17:10:51,407 | INFO | Progress saved to: data\output\cases_results.xlsx
2026-06-23 17:10:51,408 | INFO | Waiting 2s before next case...
2026-06-23 17:10:53,409 | INFO | 
===== 7/1213 =====
2026-06-23 17:10:53,409 | INFO | 
Scraping Case ID: 2510T0007
2026-06-23 17:10:53,410 | INFO | Attempt 1/2
2026-06-23 17:10:53,410 | INFO | Opening main page...
2026-06-23 17:10:54,728 | INFO | Main page URL: https://fjdefile.phila.gov/efsfjd/zk_fjd_public_qry_00.zp_main_idx
2026-06-23 17:10:55,197 | INFO | Search page URL: https://fjdefile.phila.gov/efsfjd/zk_fjd_public_qry_03.zp_dktrpt_setup_idx?uid=A8jTHowOvIolqsSYDxam&o=Gap7BYmeP!rzHdb
2026-06-23 17:10:55,198 | INFO | Filling Case ID: 2510T0007
2026-06-23 17:10:55,334 | INFO | Submitting search...
2026-06-23 17:10:57,433 | INFO | Result URL: https://fjdefile.phila.gov/efsfjd/zk_fjd_public_qry_03.zp_dktrpt_search
2026-06-23 17:10:57,499 | INFO | Progress saved to: data\output\cases_results.xlsx
2026-06-23 17:10:57,499 | INFO | Waiting 2s before next case...
2026-06-23 17:10:59,500 | INFO | 
===== 8/1213 =====
2026-06-23 17:10:59,500 | INFO | 
Scraping Case ID: 2510T0008
2026-06-23 17:10:59,500 | INFO | Attempt 1/2
2026-06-23 17:10:59,500 | INFO | Opening main page...
2026-06-23 17:11:00,841 | INFO | Main page URL: https://fjdefile.phila.gov/efsfjd/zk_fjd_public_qry_00.zp_main_idx
2026-06-23 17:11:01,268 | INFO | Search page URL: https://fjdefile.phila.gov/efsfjd/zk_fjd_public_qry_03.zp_dktrpt_setup_idx?uid=A8jTHowOvIolqsSYDxam&o=Gap7BYmeP!rzHdb
2026-06-23 17:11:01,268 | INFO | Filling Case ID: 2510T0008
2026-06-23 17:11:01,390 | INFO | Submitting search...
2026-06-23 17:11:03,086 | INFO | Result URL: https://fjdefile.phila.gov/efsfjd/zk_fjd_public_qry_03.zp_dktrpt_search
2026-06-23 17:11:03,170 | INFO | Progress saved to: data\output\cases_results.xlsx
2026-06-23 17:11:03,171 | INFO | Waiting 2s before next case...
2026-06-23 17:11:05,171 | INFO | 
===== 9/1213 =====
2026-06-23 17:11:05,172 | INFO | 
Scraping Case ID: 2510T0009
2026-06-23 17:11:05,172 | INFO | Attempt 1/2
2026-06-23 17:11:05,172 | INFO | Opening main page...
2026-06-23 17:11:06,515 | INFO | Main page URL: https://fjdefile.phila.gov/efsfjd/zk_fjd_public_qry_00.zp_main_idx
2026-06-23 17:11:06,911 | INFO | Search page URL: https://fjdefile.phila.gov/efsfjd/zk_fjd_public_qry_03.zp_dktrpt_setup_idx?uid=A8jTHowOvIolqsSYDxam&o=Gap7BYmeP!rzHdb
2026-06-23 17:11:06,911 | INFO | Filling Case ID: 2510T0009
2026-06-23 17:11:07,024 | INFO | Submitting search...
2026-06-23 17:11:08,794 | INFO | Result URL: https://fjdefile.phila.gov/efsfjd/zk_fjd_public_qry_03.zp_dktrpt_search
2026-06-23 17:11:08,856 | INFO | Progress saved to: data\output\cases_results.xlsx
2026-06-23 17:11:08,856 | INFO | Waiting 2s before next case...
2026-06-23 17:11:10,857 | INFO | 
===== 10/1213 =====
2026-06-23 17:11:10,858 | INFO | 
Scraping Case ID: 2510T0010
2026-06-23 17:11:10,858 | INFO | Attempt 1/2
2026-06-23 17:11:10,858 | INFO | Opening main page...
2026-06-23 17:11:12,211 | INFO | Main page URL: https://fjdefile.phila.gov/efsfjd/zk_fjd_public_qry_00.zp_main_idx
2026-06-23 17:11:12,684 | INFO | Search page URL: https://fjdefile.phila.gov/efsfjd/zk_fjd_public_qry_03.zp_dktrpt_setup_idx?uid=A8jTHowOvIolqsSYDxam&o=Gap7BYmeP!rzHdb
2026-06-23 17:11:12,685 | INFO | Filling Case ID: 2510T0010
2026-06-23 17:11:12,826 | INFO | Submitting search...
2026-06-23 17:11:14,988 | INFO | Result URL: https://fjdefile.phila.gov/efsfjd/zk_fjd_public_qry_03.zp_dktrpt_search
2026-06-23 17:11:15,126 | INFO | Progress saved to: data\output\cases_results.xlsx
2026-06-23 17:11:15,127 | INFO | Waiting 2s before next case...
2026-06-23 17:11:17,128 | INFO | 
===== 11/1213 =====
2026-06-23 17:11:17,128 | INFO | 
Scraping Case ID: 2510T0011
2026-06-23 17:11:17,129 | INFO | Attempt 1/2
2026-06-23 17:11:17,129 | INFO | Opening main page...
2026-06-23 17:11:18,471 | INFO | Main page URL: https://fjdefile.phila.gov/efsfjd/zk_fjd_public_qry_00.zp_main_idx
2026-06-23 17:11:18,864 | INFO | Search page URL: https://fjdefile.phila.gov/efsfjd/zk_fjd_public_qry_03.zp_dktrpt_setup_idx?uid=A8jTHowOvIolqsSYDxam&o=Gap7BYmeP!rzHdb
2026-06-23 17:11:18,864 | INFO | Filling Case ID: 2510T0011
2026-06-23 17:11:19,002 | INFO | Submitting search...
2026-06-23 17:11:20,751 | INFO | Result URL: https://fjdefile.phila.gov/efsfjd/zk_fjd_public_qry_03.zp_dktrpt_search
2026-06-23 17:11:20,825 | INFO | Progress saved to: data\output\cases_results.xlsx
2026-06-23 17:11:20,825 | INFO | Waiting 2s before next case...
2026-06-23 17:11:22,826 | INFO | 
===== 12/1213 =====
2026-06-23 17:11:22,826 | INFO | 
Scraping Case ID: 2510T0012
2026-06-23 17:11:22,826 | INFO | Attempt 1/2
2026-06-23 17:11:22,827 | INFO | Opening main page...
2026-06-23 17:11:24,174 | INFO | Main page URL: https://fjdefile.phila.gov/efsfjd/zk_fjd_public_qry_00.zp_main_idx
2026-06-23 17:11:24,581 | INFO | Search page URL: https://fjdefile.phila.gov/efsfjd/zk_fjd_public_qry_03.zp_dktrpt_setup_idx?uid=A8jTHowOvIolqsSYDxam&o=Gap7BYmeP!rzHdb
2026-06-23 17:11:24,581 | INFO | Filling Case ID: 2510T0012
2026-06-23 17:11:24,702 | INFO | Submitting search...
2026-06-23 17:11:26,886 | INFO | Result URL: https://fjdefile.phila.gov/efsfjd/zk_fjd_public_qry_03.zp_dktrpt_search
2026-06-23 17:11:26,948 | INFO | Progress saved to: data\output\cases_results.xlsx
2026-06-23 17:11:26,948 | INFO | Waiting 2s before next case...
2026-06-23 17:11:28,950 | INFO | 
===== 13/1213 =====
2026-06-23 17:11:28,950 | INFO | 
Scraping Case ID: 2510T0013
2026-06-23 17:11:28,950 | INFO | Attempt 1/2
2026-06-23 17:11:28,951 | INFO | Opening main page...
2026-06-23 17:11:30,269 | INFO | Main page URL: https://fjdefile.phila.gov/efsfjd/zk_fjd_public_qry_00.zp_main_idx
2026-06-23 17:11:30,754 | INFO | Search page URL: https://fjdefile.phila.gov/efsfjd/zk_fjd_public_qry_03.zp_dktrpt_setup_idx?uid=A8jTHowOvIolqsSYDxam&o=Gap7BYmeP!rzHdb
2026-06-23 17:11:30,754 | INFO | Filling Case ID: 2510T0013
2026-06-23 17:11:30,871 | INFO | Submitting search...
2026-06-23 17:11:33,284 | INFO | Result URL: https://fjdefile.phila.gov/efsfjd/zk_fjd_public_qry_03.zp_dktrpt_search
2026-06-23 17:11:33,384 | INFO | Progress saved to: data\output\cases_results.xlsx
2026-06-23 17:11:33,384 | INFO | Waiting 2s before next case...
2026-06-23 17:11:35,386 | INFO | 
===== 14/1213 =====
2026-06-23 17:11:35,386 | INFO | 
Scraping Case ID: 2510T0014
2026-06-23 17:11:35,387 | INFO | Attempt 1/2
2026-06-23 17:11:35,387 | INFO | Opening main page...
2026-06-23 17:11:36,728 | INFO | Main page URL: https://fjdefile.phila.gov/efsfjd/zk_fjd_public_qry_00.zp_main_idx
2026-06-23 17:11:37,150 | INFO | Search page URL: https://fjdefile.phila.gov/efsfjd/zk_fjd_public_qry_03.zp_dktrpt_setup_idx?uid=A8jTHowOvIolqsSYDxam&o=Gap7BYmeP!rzHdb
2026-06-23 17:11:37,151 | INFO | Filling Case ID: 2510T0014
2026-06-23 17:11:37,293 | INFO | Submitting search...
2026-06-23 17:11:38,991 | INFO | Result URL: https://fjdefile.phila.gov/efsfjd/zk_fjd_public_qry_03.zp_dktrpt_search
2026-06-23 17:11:39,050 | INFO | Progress saved to: data\output\cases_results.xlsx
2026-06-23 17:11:39,050 | INFO | Waiting 2s before next case...
2026-06-23 17:11:41,051 | INFO | 
===== 15/1213 =====
2026-06-23 17:11:41,052 | INFO | 
Scraping Case ID: 2510T0015
2026-06-23 17:11:41,052 | INFO | Attempt 1/2
2026-06-23 17:11:41,052 | INFO | Opening main page...
2026-06-23 17:11:42,392 | INFO | Main page URL: https://fjdefile.phila.gov/efsfjd/zk_fjd_public_qry_00.zp_main_idx
2026-06-23 17:11:42,884 | INFO | Search page URL: https://fjdefile.phila.gov/efsfjd/zk_fjd_public_qry_03.zp_dktrpt_setup_idx?uid=A8jTHowOvIolqsSYDxam&o=Gap7BYmeP!rzHdb
2026-06-23 17:11:42,890 | INFO | Filling Case ID: 2510T0015
2026-06-23 17:11:43,052 | INFO | Submitting search...
2026-06-23 17:11:45,206 | INFO | Result URL: https://fjdefile.phila.gov/efsfjd/zk_fjd_public_qry_03.zp_dktrpt_search
2026-06-23 17:11:45,284 | INFO | Progress saved to: data\output\cases_results.xlsx
2026-06-23 17:11:45,284 | INFO | Waiting 2s before next case...
2026-06-23 17:11:47,285 | INFO | 
===== 16/1213 =====
2026-06-23 17:11:47,285 | INFO | 
Scraping Case ID: 2510T0016
2026-06-23 17:11:47,286 | INFO | Attempt 1/2
2026-06-23 17:11:47,286 | INFO | Opening main page...
2026-06-23 17:11:48,726 | INFO | Main page URL: https://fjdefile.phila.gov/efsfjd/zk_fjd_public_qry_00.zp_main_idx
2026-06-23 17:11:49,178 | INFO | Search page URL: https://fjdefile.phila.gov/efsfjd/zk_fjd_public_qry_03.zp_dktrpt_setup_idx?uid=A8jTHowOvIolqsSYDxam&o=Gap7BYmeP!rzHdb
2026-06-23 17:11:49,178 | INFO | Filling Case ID: 2510T0016
2026-06-23 17:11:49,321 | INFO | Submitting search...
2026-06-23 17:11:51,149 | INFO | Result URL: https://fjdefile.phila.gov/efsfjd/zk_fjd_public_qry_03.zp_dktrpt_search
2026-06-23 17:11:51,216 | INFO | Progress saved to: data\output\cases_results.xlsx
2026-06-23 17:11:51,216 | INFO | Waiting 2s before next case...
2026-06-23 17:11:53,217 | INFO | 
===== 17/1213 =====
2026-06-23 17:11:53,218 | INFO | 
Scraping Case ID: 2510T0017
2026-06-23 17:11:53,218 | INFO | Attempt 1/2
2026-06-23 17:11:53,218 | INFO | Opening main page...
2026-06-23 17:11:54,654 | INFO | Main page URL: https://fjdefile.phila.gov/efsfjd/zk_fjd_public_qry_00.zp_main_idx
2026-06-23 17:11:55,191 | INFO | Search page URL: https://fjdefile.phila.gov/efsfjd/zk_fjd_public_qry_03.zp_dktrpt_setup_idx?uid=A8jTHowOvIolqsSYDxam&o=Gap7BYmeP!rzHdb
2026-06-23 17:11:55,192 | INFO | Filling Case ID: 2510T0017
2026-06-23 17:11:55,347 | INFO | Submitting search...
2026-06-23 17:12:40,537 | INFO | Timeout waiting for result. Current URL: https://fjdefile.phila.gov/efsfjd/zk_fjd_public_qry_00.zp_main_idx?uid=A8jTHowOvIolqsSYDxam&o=Jdp4!YphPxozKg8
2026-06-23 17:12:40,784 | INFO | Debug saved: screenshots\redirected_main_page_2510T0017_20260623_171240.png
2026-06-23 17:12:40,784 | INFO | HTML saved: screenshots\redirected_main_page_2510T0017_20260623_171240.html
2026-06-23 17:12:40,785 | INFO | Attempt failed: Redirected to main page instead of result page
2026-06-23 17:12:40,785 | INFO | Waiting 2s before retry...
2026-06-23 17:12:42,785 | INFO | Attempt 2/2
2026-06-23 17:12:42,786 | INFO | Opening main page...
2026-06-23 17:12:44,499 | INFO | Main page URL: https://fjdefile.phila.gov/efsfjd/zk_fjd_public_qry_00.zp_main_idx
2026-06-23 17:12:45,039 | INFO | Search page URL: https://fjdefile.phila.gov/efsfjd/zk_fjd_public_qry_03.zp_dktrpt_setup_idx?uid=A8jTHowOvIolqsSYDxam&o=Gap7BYmeP!rzHdb
2026-06-23 17:12:45,040 | INFO | Filling Case ID: 2510T0017
2026-06-23 17:12:45,210 | INFO | Submitting search...
2026-06-23 17:12:58,472 | INFO | Attempt failed: Page.wait_for_selector: Target page, context or browser has been closed
Call log:
  - waiting for locator("a[name=\"description\"]") to be visible
    - waiting for" https://fjdefile.phila.gov/efsfjd/zk_fjd_public_qry_03.zp_dktrpt_search" navigation to finish...
    - navigated to "https://fjdefile.phila.gov/efsfjd/zk_fjd_public_qry_00.zp_main_idx?uid=A8jTHowOvIolqsSYDxam&o=Jdp4!YphPxozKg8"

2026-06-23 17:12:58,474 | INFO | Failed after 2 attempts. Moving to next case.
2026-06-23 17:12:58,565 | INFO | Progress saved to: data\output\cases_results.xlsx
2026-06-23 17:12:58,565 | INFO | Waiting 2s before next case...
2026-06-23 17:13:00,566 | INFO | 
===== 18/1213 =====
2026-06-23 17:13:00,566 | INFO | 
Scraping Case ID: 2510T0018
2026-06-23 17:13:00,567 | INFO | Attempt 1/2
2026-06-23 17:13:00,567 | INFO | Opening main page...
2026-06-23 17:13:00,569 | INFO | Attempt failed: Page.goto: Target page, context or browser has been closed
2026-06-23 17:13:00,570 | INFO | Waiting 2s before retry...
2026-06-23 17:13:39,432 | INFO | Columns found: ['Case ID']
2026-06-23 17:13:39,434 | INFO | Loaded 1197 Case IDs from data\input\case_ids.xlsx
2026-06-23 17:13:42,480 | INFO | 
===== 1/1197 =====
2026-06-23 17:13:42,481 | INFO | 
Scraping Case ID: 2510T0017
2026-06-23 17:13:42,481 | INFO | Attempt 1/2
2026-06-23 17:13:42,481 | INFO | Opening main page...
2026-06-23 17:13:46,296 | INFO | Main page URL: https://fjdefile.phila.gov/efsfjd/zk_fjd_public_qry_00.zp_main_idx?uid=_bnUEk!LxIolqsSYDxam&o=Igt5xUteRxozKg8
2026-06-23 17:13:47,963 | INFO | Search page URL: https://fjdefile.phila.gov/efsfjd/zk_fjd_public_qry_03.zp_dktrpt_setup_idx?uid=_bnUEk!LxIolqsSYDxam&o=Fdt8!UqbR!rzHdb
2026-06-23 17:13:47,963 | INFO | Filling Case ID: 2510T0017
2026-06-23 17:13:48,165 | INFO | Submitting search...
2026-06-23 17:13:51,098 | INFO | Result URL: https://fjdefile.phila.gov/efsfjd/zk_fjd_public_qry_03.zp_dktrpt_search
2026-06-23 17:13:51,202 | INFO | Progress saved to: data\output\cases_results.xlsx
2026-06-23 17:13:51,202 | INFO | Waiting 2s before next case...
2026-06-23 17:13:53,203 | INFO | 
===== 2/1197 =====
2026-06-23 17:13:53,203 | INFO | 
Scraping Case ID: 2510T0018
2026-06-23 17:13:53,203 | INFO | Attempt 1/2
2026-06-23 17:13:53,203 | INFO | Opening main page...
2026-06-23 17:13:55,328 | INFO | Main page URL: https://fjdefile.phila.gov/efsfjd/zk_fjd_public_qry_00.zp_main_idx
2026-06-23 17:13:55,902 | INFO | Search page URL: https://fjdefile.phila.gov/efsfjd/zk_fjd_public_qry_03.zp_dktrpt_setup_idx?uid=_bnUEk!LxIolqsSYDxam&o=Fdt8!UqbR!rzHdb
2026-06-23 17:13:55,903 | INFO | Filling Case ID: 2510T0018
2026-06-23 17:13:56,033 | INFO | Submitting search...
2026-06-23 17:13:58,850 | INFO | Result URL: https://fjdefile.phila.gov/efsfjd/zk_fjd_public_qry_03.zp_dktrpt_search
2026-06-23 17:13:58,950 | INFO | Progress saved to: data\output\cases_results.xlsx
2026-06-23 17:13:58,950 | INFO | Waiting 2s before next case...
2026-06-23 17:14:00,951 | INFO | 
===== 3/1197 =====
2026-06-23 17:14:00,952 | INFO | 
Scraping Case ID: 2510T0019
2026-06-23 17:14:00,952 | INFO | Attempt 1/2
2026-06-23 17:14:00,952 | INFO | Opening main page...
2026-06-23 17:14:02,263 | INFO | Main page URL: https://fjdefile.phila.gov/efsfjd/zk_fjd_public_qry_00.zp_main_idx
2026-06-23 17:14:02,792 | INFO | Search page URL: https://fjdefile.phila.gov/efsfjd/zk_fjd_public_qry_03.zp_dktrpt_setup_idx?uid=_bnUEk!LxIolqsSYDxam&o=Fdt8!UqbR!rzHdb
2026-06-23 17:14:02,793 | INFO | Filling Case ID: 2510T0019
2026-06-23 17:14:02,950 | INFO | Submitting search...
2026-06-23 17:14:05,281 | INFO | Result URL: https://fjdefile.phila.gov/efsfjd/zk_fjd_public_qry_03.zp_dktrpt_search
2026-06-23 17:14:05,338 | INFO | Progress saved to: data\output\cases_results.xlsx
2026-06-23 17:14:05,338 | INFO | Waiting 2s before next case...
2026-06-23 17:14:07,339 | INFO | 
===== 4/1197 =====
2026-06-23 17:14:07,339 | INFO | 
Scraping Case ID: 2510T0020
2026-06-23 17:14:07,340 | INFO | Attempt 1/2
2026-06-23 17:14:07,340 | INFO | Opening main page...
2026-06-23 17:14:08,787 | INFO | Main page URL: https://fjdefile.phila.gov/efsfjd/zk_fjd_public_qry_00.zp_main_idx
2026-06-23 17:14:09,330 | INFO | Search page URL: https://fjdefile.phila.gov/efsfjd/zk_fjd_public_qry_03.zp_dktrpt_setup_idx?uid=_bnUEk!LxIolqsSYDxam&o=Fdt8!UqbR!rzHdb
2026-06-23 17:14:09,330 | INFO | Filling Case ID: 2510T0020
2026-06-23 17:14:09,480 | INFO | Submitting search...
2026-06-23 17:14:11,785 | INFO | Result URL: https://fjdefile.phila.gov/efsfjd/zk_fjd_public_qry_03.zp_dktrpt_search
2026-06-23 17:14:11,861 | INFO | Progress saved to: data\output\cases_results.xlsx
2026-06-23 17:14:11,861 | INFO | Waiting 2s before next case...
2026-06-23 17:14:13,862 | INFO | 
===== 5/1197 =====
2026-06-23 17:14:13,862 | INFO | 
Scraping Case ID: 2510T0021
2026-06-23 17:14:13,862 | INFO | Attempt 1/2
2026-06-23 17:14:13,862 | INFO | Opening main page...
2026-06-23 17:14:15,357 | INFO | Main page URL: https://fjdefile.phila.gov/efsfjd/zk_fjd_public_qry_00.zp_main_idx
2026-06-23 17:14:15,878 | INFO | Search page URL: https://fjdefile.phila.gov/efsfjd/zk_fjd_public_qry_03.zp_dktrpt_setup_idx?uid=_bnUEk!LxIolqsSYDxam&o=Fdt8!UqbR!rzHdb
2026-06-23 17:14:15,880 | INFO | Filling Case ID: 2510T0021
2026-06-23 17:14:16,030 | INFO | Submitting search...
2026-06-23 17:14:19,016 | INFO | Result URL: https://fjdefile.phila.gov/efsfjd/zk_fjd_public_qry_03.zp_dktrpt_search
2026-06-23 17:14:19,121 | INFO | Progress saved to: data\output\cases_results.xlsx
2026-06-23 17:14:19,121 | INFO | Waiting 2s before next case...
2026-06-23 17:14:21,123 | INFO | 
===== 6/1197 =====
2026-06-23 17:14:21,123 | INFO | 
Scraping Case ID: 2510T0022
2026-06-23 17:14:21,123 | INFO | Attempt 1/2
2026-06-23 17:14:21,124 | INFO | Opening main page...
2026-06-23 17:14:22,447 | INFO | Main page URL: https://fjdefile.phila.gov/efsfjd/zk_fjd_public_qry_00.zp_main_idx
2026-06-23 17:14:22,932 | INFO | Search page URL: https://fjdefile.phila.gov/efsfjd/zk_fjd_public_qry_03.zp_dktrpt_setup_idx?uid=_bnUEk!LxIolqsSYDxam&o=Fdt8!UqbR!rzHdb
2026-06-23 17:14:22,933 | INFO | Filling Case ID: 2510T0022
2026-06-23 17:14:23,077 | INFO | Submitting search...
2026-06-23 17:14:25,366 | INFO | Result URL: https://fjdefile.phila.gov/efsfjd/zk_fjd_public_qry_03.zp_dktrpt_search
2026-06-23 17:14:25,496 | INFO | Progress saved to: data\output\cases_results.xlsx
2026-06-23 17:14:25,496 | INFO | Waiting 2s before next case...
2026-06-23 17:14:27,497 | INFO | 
===== 7/1197 =====
2026-06-23 17:14:27,498 | INFO | 
Scraping Case ID: 2510T0023
2026-06-23 17:14:27,498 | INFO | Attempt 1/2
2026-06-23 17:14:27,499 | INFO | Opening main page...
2026-06-23 17:14:28,826 | INFO | Main page URL: https://fjdefile.phila.gov/efsfjd/zk_fjd_public_qry_00.zp_main_idx
2026-06-23 17:14:29,328 | INFO | Search page URL: https://fjdefile.phila.gov/efsfjd/zk_fjd_public_qry_03.zp_dktrpt_setup_idx?uid=_bnUEk!LxIolqsSYDxam&o=Fdt8!UqbR!rzHdb
2026-06-23 17:14:29,329 | INFO | Filling Case ID: 2510T0023
2026-06-23 17:14:29,438 | INFO | Submitting search...
2026-06-23 17:14:31,713 | INFO | Result URL: https://fjdefile.phila.gov/efsfjd/zk_fjd_public_qry_03.zp_dktrpt_search
2026-06-23 17:14:31,786 | INFO | Progress saved to: data\output\cases_results.xlsx
2026-06-23 17:14:31,786 | INFO | Waiting 2s before next case...
2026-06-23 17:14:33,787 | INFO | 
===== 8/1197 =====
2026-06-23 17:14:33,787 | INFO | 
Scraping Case ID: 2510T0024
2026-06-23 17:14:33,788 | INFO | Attempt 1/2
2026-06-23 17:14:33,788 | INFO | Opening main page...
2026-06-23 17:14:35,116 | INFO | Main page URL: https://fjdefile.phila.gov/efsfjd/zk_fjd_public_qry_00.zp_main_idx
2026-06-23 17:14:35,656 | INFO | Search page URL: https://fjdefile.phila.gov/efsfjd/zk_fjd_public_qry_03.zp_dktrpt_setup_idx?uid=_bnUEk!LxIolqsSYDxam&o=Fdt8!UqbR!rzHdb
2026-06-23 17:14:35,657 | INFO | Filling Case ID: 2510T0024
2026-06-23 17:14:35,819 | INFO | Submitting search...
2026-06-23 17:14:37,638 | INFO | Result URL: https://fjdefile.phila.gov/efsfjd/zk_fjd_public_qry_03.zp_dktrpt_search
2026-06-23 17:14:37,716 | INFO | Progress saved to: data\output\cases_results.xlsx
2026-06-23 17:14:37,717 | INFO | Waiting 2s before next case...
2026-06-23 17:14:39,718 | INFO | 
===== 9/1197 =====
2026-06-23 17:14:39,718 | INFO | 
Scraping Case ID: 2510T0025
2026-06-23 17:14:39,718 | INFO | Attempt 1/2
2026-06-23 17:14:39,718 | INFO | Opening main page...
2026-06-23 17:14:41,054 | INFO | Main page URL: https://fjdefile.phila.gov/efsfjd/zk_fjd_public_qry_00.zp_main_idx
2026-06-23 17:14:41,569 | INFO | Search page URL: https://fjdefile.phila.gov/efsfjd/zk_fjd_public_qry_03.zp_dktrpt_setup_idx?uid=_bnUEk!LxIolqsSYDxam&o=Fdt8!UqbR!rzHdb
2026-06-23 17:14:41,569 | INFO | Filling Case ID: 2510T0025
2026-06-23 17:14:41,687 | INFO | Submitting search...
2026-06-23 17:14:43,699 | INFO | Result URL: https://fjdefile.phila.gov/efsfjd/zk_fjd_public_qry_03.zp_dktrpt_search
2026-06-23 17:14:43,759 | INFO | Progress saved to: data\output\cases_results.xlsx
2026-06-23 17:14:43,759 | INFO | Waiting 2s before next case...
2026-06-23 17:14:45,760 | INFO | 
===== 10/1197 =====
2026-06-23 17:14:45,761 | INFO | 
Scraping Case ID: 2510T0026
2026-06-23 17:14:45,761 | INFO | Attempt 1/2
2026-06-23 17:14:45,761 | INFO | Opening main page...
2026-06-23 17:14:47,092 | INFO | Main page URL: https://fjdefile.phila.gov/efsfjd/zk_fjd_public_qry_00.zp_main_idx
2026-06-23 17:14:47,478 | INFO | Search page URL: https://fjdefile.phila.gov/efsfjd/zk_fjd_public_qry_03.zp_dktrpt_setup_idx?uid=_bnUEk!LxIolqsSYDxam&o=Fdt8!UqbR!rzHdb
2026-06-23 17:14:47,479 | INFO | Filling Case ID: 2510T0026
2026-06-23 17:14:47,639 | INFO | Submitting search...
2026-06-23 17:14:50,266 | INFO | Result URL: https://fjdefile.phila.gov/efsfjd/zk_fjd_public_qry_03.zp_dktrpt_search
2026-06-23 17:14:50,353 | INFO | Progress saved to: data\output\cases_results.xlsx
2026-06-23 17:14:50,354 | INFO | Waiting 2s before next case...
2026-06-23 17:14:52,355 | INFO | 
===== 11/1197 =====
2026-06-23 17:14:52,355 | INFO | 
Scraping Case ID: 2510T0027
2026-06-23 17:14:52,355 | INFO | Attempt 1/2
2026-06-23 17:14:52,356 | INFO | Opening main page...
2026-06-23 17:14:53,794 | INFO | Main page URL: https://fjdefile.phila.gov/efsfjd/zk_fjd_public_qry_00.zp_main_idx
2026-06-23 17:14:54,284 | INFO | Search page URL: https://fjdefile.phila.gov/efsfjd/zk_fjd_public_qry_03.zp_dktrpt_setup_idx?uid=_bnUEk!LxIolqsSYDxam&o=Fdt8!UqbR!rzHdb
2026-06-23 17:14:54,284 | INFO | Filling Case ID: 2510T0027
2026-06-23 17:14:54,404 | INFO | Submitting search...
2026-06-23 17:14:56,532 | INFO | Result URL: https://fjdefile.phila.gov/efsfjd/zk_fjd_public_qry_03.zp_dktrpt_search
2026-06-23 17:14:56,644 | INFO | Progress saved to: data\output\cases_results.xlsx
2026-06-23 17:14:56,644 | INFO | Waiting 2s before next case...
2026-06-23 17:14:58,645 | INFO | 
===== 12/1197 =====
2026-06-23 17:14:58,646 | INFO | 
Scraping Case ID: 2510T0028
2026-06-23 17:14:58,646 | INFO | Attempt 1/2
2026-06-23 17:14:58,646 | INFO | Opening main page...
2026-06-23 17:14:59,969 | INFO | Main page URL: https://fjdefile.phila.gov/efsfjd/zk_fjd_public_qry_00.zp_main_idx
2026-06-23 17:15:00,437 | INFO | Search page URL: https://fjdefile.phila.gov/efsfjd/zk_fjd_public_qry_03.zp_dktrpt_setup_idx?uid=_bnUEk!LxIolqsSYDxam&o=Fdt8!UqbR!rzHdb
2026-06-23 17:15:00,438 | INFO | Filling Case ID: 2510T0028
2026-06-23 17:15:00,615 | INFO | Submitting search...
2026-06-23 17:15:02,430 | INFO | Result URL: https://fjdefile.phila.gov/efsfjd/zk_fjd_public_qry_03.zp_dktrpt_search
2026-06-23 17:15:02,491 | INFO | Progress saved to: data\output\cases_results.xlsx
2026-06-23 17:15:02,492 | INFO | Waiting 2s before next case...
2026-06-23 17:15:04,493 | INFO | 
===== 13/1197 =====
2026-06-23 17:15:04,494 | INFO | 
Scraping Case ID: 2510T0029
2026-06-23 17:15:04,494 | INFO | Attempt 1/2
2026-06-23 17:15:04,494 | INFO | Opening main page...
2026-06-23 17:15:05,817 | INFO | Main page URL: https://fjdefile.phila.gov/efsfjd/zk_fjd_public_qry_00.zp_main_idx
2026-06-23 17:15:06,311 | INFO | Search page URL: https://fjdefile.phila.gov/efsfjd/zk_fjd_public_qry_03.zp_dktrpt_setup_idx?uid=_bnUEk!LxIolqsSYDxam&o=Fdt8!UqbR!rzHdb
2026-06-23 17:15:06,311 | INFO | Filling Case ID: 2510T0029
2026-06-23 17:15:06,467 | INFO | Submitting search...
2026-06-23 17:15:08,960 | INFO | Result URL: https://fjdefile.phila.gov/efsfjd/zk_fjd_public_qry_03.zp_dktrpt_search
2026-06-23 17:15:09,038 | INFO | Progress saved to: data\output\cases_results.xlsx
2026-06-23 17:15:09,039 | INFO | Waiting 2s before next case...
2026-06-23 17:15:11,040 | INFO | 
===== 14/1197 =====
2026-06-23 17:15:11,041 | INFO | 
Scraping Case ID: 2510T0030
2026-06-23 17:15:11,041 | INFO | Attempt 1/2
2026-06-23 17:15:11,041 | INFO | Opening main page...
2026-06-23 17:15:12,360 | INFO | Main page URL: https://fjdefile.phila.gov/efsfjd/zk_fjd_public_qry_00.zp_main_idx
2026-06-23 17:15:12,746 | INFO | Search page URL: https://fjdefile.phila.gov/efsfjd/zk_fjd_public_qry_03.zp_dktrpt_setup_idx?uid=_bnUEk!LxIolqsSYDxam&o=Fdt8!UqbR!rzHdb
2026-06-23 17:15:12,746 | INFO | Filling Case ID: 2510T0030
2026-06-23 17:15:12,878 | INFO | Submitting search...
2026-06-23 17:15:15,013 | INFO | Result URL: https://fjdefile.phila.gov/efsfjd/zk_fjd_public_qry_03.zp_dktrpt_search
2026-06-23 17:15:15,089 | INFO | Progress saved to: data\output\cases_results.xlsx
2026-06-23 17:15:15,090 | INFO | Waiting 2s before next case...
2026-06-23 17:15:17,091 | INFO | 
===== 15/1197 =====
2026-06-23 17:15:17,091 | INFO | 
Scraping Case ID: 2510T0031
2026-06-23 17:15:17,092 | INFO | Attempt 1/2
2026-06-23 17:15:17,092 | INFO | Opening main page...
2026-06-23 17:15:18,420 | INFO | Main page URL: https://fjdefile.phila.gov/efsfjd/zk_fjd_public_qry_00.zp_main_idx
2026-06-23 17:15:18,913 | INFO | Search page URL: https://fjdefile.phila.gov/efsfjd/zk_fjd_public_qry_03.zp_dktrpt_setup_idx?uid=_bnUEk!LxIolqsSYDxam&o=Fdt8!UqbR!rzHdb
2026-06-23 17:15:18,913 | INFO | Filling Case ID: 2510T0031
2026-06-23 17:15:19,076 | INFO | Submitting search...
2026-06-23 17:15:21,578 | INFO | Result URL: https://fjdefile.phila.gov/efsfjd/zk_fjd_public_qry_03.zp_dktrpt_search
2026-06-23 17:15:21,691 | INFO | Progress saved to: data\output\cases_results.xlsx
2026-06-23 17:15:21,691 | INFO | Waiting 2s before next case...
2026-06-23 17:15:23,692 | INFO | 
===== 16/1197 =====
2026-06-23 17:15:23,692 | INFO | 
Scraping Case ID: 2510T0032
2026-06-23 17:15:23,692 | INFO | Attempt 1/2
2026-06-23 17:15:23,692 | INFO | Opening main page...
2026-06-23 17:15:25,005 | INFO | Main page URL: https://fjdefile.phila.gov/efsfjd/zk_fjd_public_qry_00.zp_main_idx
2026-06-23 17:15:25,386 | INFO | Search page URL: https://fjdefile.phila.gov/efsfjd/zk_fjd_public_qry_03.zp_dktrpt_setup_idx?uid=_bnUEk!LxIolqsSYDxam&o=Fdt8!UqbR!rzHdb
2026-06-23 17:15:25,387 | INFO | Filling Case ID: 2510T0032
2026-06-23 17:15:25,516 | INFO | Submitting search...
2026-06-23 17:15:27,231 | INFO | Result URL: https://fjdefile.phila.gov/efsfjd/zk_fjd_public_qry_03.zp_dktrpt_search
2026-06-23 17:15:27,301 | INFO | Progress saved to: data\output\cases_results.xlsx
2026-06-23 17:15:27,301 | INFO | Waiting 2s before next case...
2026-06-23 17:15:29,302 | INFO | 
===== 17/1197 =====
2026-06-23 17:15:29,303 | INFO | 
Scraping Case ID: 2510T0033
2026-06-23 17:15:29,303 | INFO | Attempt 1/2
2026-06-23 17:15:29,303 | INFO | Opening main page...
2026-06-23 17:15:30,677 | INFO | Main page URL: https://fjdefile.phila.gov/efsfjd/zk_fjd_public_qry_00.zp_main_idx
2026-06-23 17:15:31,093 | INFO | Search page URL: https://fjdefile.phila.gov/efsfjd/zk_fjd_public_qry_03.zp_dktrpt_setup_idx?uid=_bnUEk!LxIolqsSYDxam&o=Fdt8!UqbR!rzHdb
2026-06-23 17:15:31,093 | INFO | Filling Case ID: 2510T0033
2026-06-23 17:15:31,233 | INFO | Submitting search...
2026-06-23 17:16:16,445 | INFO | Timeout waiting for result. Current URL: https://fjdefile.phila.gov/efsfjd/zk_fjd_public_qry_00.zp_main_idx?uid=_bnUEk!LxIolqsSYDxam&o=Igt5xUteRxozKg8
2026-06-23 17:16:16,678 | INFO | Debug saved: screenshots\redirected_main_page_2510T0033_20260623_171616.png
2026-06-23 17:16:16,678 | INFO | HTML saved: screenshots\redirected_main_page_2510T0033_20260623_171616.html
2026-06-23 17:16:16,678 | INFO | Attempt failed: Redirected to main page instead of result page
2026-06-23 17:16:16,678 | INFO | Waiting 2s before retry...
2026-06-23 17:16:18,679 | INFO | Attempt 2/2
2026-06-23 17:16:18,679 | INFO | Opening main page...
2026-06-23 17:16:20,396 | INFO | Main page URL: https://fjdefile.phila.gov/efsfjd/zk_fjd_public_qry_00.zp_main_idx
2026-06-23 17:16:20,934 | INFO | Search page URL: https://fjdefile.phila.gov/efsfjd/zk_fjd_public_qry_03.zp_dktrpt_setup_idx?uid=_bnUEk!LxIolqsSYDxam&o=Fdt8!UqbR!rzHdb
2026-06-23 17:16:20,934 | INFO | Filling Case ID: 2510T0033
2026-06-23 17:16:21,082 | INFO | Submitting search...
2026-06-23 17:17:06,275 | INFO | Timeout waiting for result. Current URL: https://fjdefile.phila.gov/efsfjd/zk_fjd_public_qry_00.zp_main_idx?uid=_bnUEk!LxIolqsSYDxam&o=Igt5xUteRxozKg8
2026-06-23 17:17:06,428 | INFO | Debug saved: screenshots\redirected_main_page_2510T0033_20260623_171706.png
2026-06-23 17:17:06,428 | INFO | HTML saved: screenshots\redirected_main_page_2510T0033_20260623_171706.html
2026-06-23 17:17:06,428 | INFO | Attempt failed: Redirected to main page instead of result page
2026-06-23 17:17:06,428 | INFO | Failed after 2 attempts. Moving to next case.
2026-06-23 17:17:06,465 | INFO | Progress saved to: data\output\cases_results.xlsx
2026-06-23 17:17:06,465 | INFO | Waiting 2s before next case...
2026-06-23 17:17:08,466 | INFO | 
===== 18/1197 =====
2026-06-23 17:17:08,466 | INFO | 
Scraping Case ID: 2510T0034
2026-06-23 17:17:08,467 | INFO | Attempt 1/2
2026-06-23 17:17:08,467 | INFO | Opening main page...
2026-06-23 17:17:10,075 | INFO | Main page URL: https://fjdefile.phila.gov/efsfjd/zk_fjd_public_qry_00.zp_main_idx
2026-06-23 17:17:10,553 | INFO | Search page URL: https://fjdefile.phila.gov/efsfjd/zk_fjd_public_qry_03.zp_dktrpt_setup_idx?uid=_bnUEk!LxIolqsSYDxam&o=Fdt8!UqbR!rzHdb
2026-06-23 17:17:10,553 | INFO | Filling Case ID: 2510T0034
2026-06-23 17:17:10,674 | INFO | Submitting search...
2026-06-23 17:17:33,759 | INFO | Attempt failed: Page.wait_for_selector: Target page, context or browser has been closed
Call log:
  - waiting for locator("a[name=\"description\"]") to be visible
    - waiting for" https://fjdefile.phila.gov/efsfjd/zk_fjd_public_qry_03.zp_dktrpt_search" navigation to finish...
    - navigated to "https://fjdefile.phila.gov/efsfjd/zk_fjd_public_qry_00.zp_main_idx?uid=_bnUEk!LxIolqsSYDxam&o=Igt5xUteRxozKg8"

2026-06-23 17:17:33,760 | INFO | Waiting 2s before retry...
2026-06-23 17:17:35,761 | INFO | Attempt 2/2
2026-06-23 17:17:35,761 | INFO | Opening main page...
2026-06-23 17:17:35,765 | INFO | Attempt failed: Page.goto: Target page, context or browser has been closed
2026-06-23 17:17:35,765 | INFO | Failed after 2 attempts. Moving to next case.
2026-06-23 17:17:35,805 | INFO | Progress saved to: data\output\cases_results.xlsx
2026-06-23 17:17:35,805 | INFO | Waiting 2s before next case...
2026-06-23 17:17:42,348 | ERROR | Task was destroyed but it is pending!
task: <Task pending name='Task-3' coro=<Connection.run.<locals>.init() running at C:\Users\thinkpad\Desktop\steven-automation-scripts\venv\Lib\site-packages\playwright\_impl\_connection.py:310> wait_for=<Future pending cb=[Task.task_wakeup()]> cb=[ProtocolCallback.__init__.<locals>.cb() at C:\Users\thinkpad\Desktop\steven-automation-scripts\venv\Lib\site-packages\playwright\_impl\_connection.py:230]>
2026-06-23 17:17:50,230 | INFO | Columns found: ['Case ID']
2026-06-23 17:17:50,232 | INFO | Loaded 1197 Case IDs from data\input\case_ids.xlsx
2026-06-23 17:17:51,449 | INFO | 
===== 1/1197 =====
2026-06-23 17:17:51,450 | INFO | 
Scraping Case ID: 2510T0017
2026-06-23 17:17:51,452 | INFO | Attempt 1/2
2026-06-23 17:17:51,453 | INFO | Opening main page...
2026-06-23 17:17:55,287 | INFO | Main page URL: https://fjdefile.phila.gov/efsfjd/zk_fjd_public_qry_00.zp_main_idx?uid=v7p0IjpQyIolqsSYDxam&o=Ccvb_TijSxozKg8
2026-06-23 17:17:56,062 | INFO | Search page URL: https://fjdefile.phila.gov/efsfjd/zk_fjd_public_qry_03.zp_dktrpt_setup_idx?uid=v7p0IjpQyIolqsSYDxam&o=_9veCTfgS!rzHdb
2026-06-23 17:17:56,062 | INFO | Filling Case ID: 2510T0017
2026-06-23 17:17:56,208 | INFO | Submitting search...
2026-06-23 17:17:59,221 | INFO | Result URL: https://fjdefile.phila.gov/efsfjd/zk_fjd_public_qry_03.zp_dktrpt_search
2026-06-23 17:17:59,321 | INFO | Progress saved to: data\output\cases_results.xlsx
2026-06-23 17:17:59,321 | INFO | Waiting 2s before next case...
2026-06-23 17:18:01,323 | INFO | 
===== 2/1197 =====
2026-06-23 17:18:01,323 | INFO | 
Scraping Case ID: 2510T0018
2026-06-23 17:18:01,324 | INFO | Attempt 1/2
2026-06-23 17:18:01,324 | INFO | Opening main page...
2026-06-23 17:18:02,795 | INFO | Main page URL: https://fjdefile.phila.gov/efsfjd/zk_fjd_public_qry_00.zp_main_idx
2026-06-23 17:18:03,368 | INFO | Search page URL: https://fjdefile.phila.gov/efsfjd/zk_fjd_public_qry_03.zp_dktrpt_setup_idx?uid=v7p0IjpQyIolqsSYDxam&o=_9veCTfgS!rzHdb
2026-06-23 17:18:03,369 | INFO | Filling Case ID: 2510T0018
2026-06-23 17:18:03,517 | INFO | Submitting search...
2026-06-23 17:18:05,934 | INFO | Result URL: https://fjdefile.phila.gov/efsfjd/zk_fjd_public_qry_03.zp_dktrpt_search
2026-06-23 17:18:06,023 | INFO | Progress saved to: data\output\cases_results.xlsx
2026-06-23 17:18:06,023 | INFO | Waiting 2s before next case...
2026-06-23 17:18:08,024 | INFO | 
===== 3/1197 =====
2026-06-23 17:18:08,025 | INFO | 
Scraping Case ID: 2510T0019
2026-06-23 17:18:08,025 | INFO | Attempt 1/2
2026-06-23 17:18:08,025 | INFO | Opening main page...
2026-06-23 17:18:09,357 | INFO | Main page URL: https://fjdefile.phila.gov/efsfjd/zk_fjd_public_qry_00.zp_main_idx
2026-06-23 17:18:09,760 | INFO | Search page URL: https://fjdefile.phila.gov/efsfjd/zk_fjd_public_qry_03.zp_dktrpt_setup_idx?uid=v7p0IjpQyIolqsSYDxam&o=_9veCTfgS!rzHdb
2026-06-23 17:18:09,761 | INFO | Filling Case ID: 2510T0019
2026-06-23 17:18:09,939 | INFO | Submitting search...
2026-06-23 17:18:12,420 | INFO | Result URL: https://fjdefile.phila.gov/efsfjd/zk_fjd_public_qry_03.zp_dktrpt_search
2026-06-23 17:18:12,531 | INFO | Progress saved to: data\output\cases_results.xlsx
2026-06-23 17:18:12,532 | INFO | Waiting 2s before next case...
2026-06-23 17:18:14,532 | INFO | 
===== 4/1197 =====
2026-06-23 17:18:14,533 | INFO | 
Scraping Case ID: 2510T0020
2026-06-23 17:18:14,533 | INFO | Attempt 1/2
2026-06-23 17:18:14,534 | INFO | Opening main page...
2026-06-23 17:18:15,884 | INFO | Main page URL: https://fjdefile.phila.gov/efsfjd/zk_fjd_public_qry_00.zp_main_idx
2026-06-23 17:18:16,363 | INFO | Search page URL: https://fjdefile.phila.gov/efsfjd/zk_fjd_public_qry_03.zp_dktrpt_setup_idx?uid=v7p0IjpQyIolqsSYDxam&o=_9veCTfgS!rzHdb
2026-06-23 17:18:16,363 | INFO | Filling Case ID: 2510T0020
2026-06-23 17:18:16,493 | INFO | Submitting search...
2026-06-23 17:18:18,417 | INFO | Result URL: https://fjdefile.phila.gov/efsfjd/zk_fjd_public_qry_03.zp_dktrpt_search
2026-06-23 17:18:18,489 | INFO | Progress saved to: data\output\cases_results.xlsx
2026-06-23 17:18:18,489 | INFO | Waiting 2s before next case...
2026-06-23 17:18:20,491 | INFO | 
===== 5/1197 =====
2026-06-23 17:18:20,492 | INFO | 
Scraping Case ID: 2510T0021
2026-06-23 17:18:20,492 | INFO | Attempt 1/2
2026-06-23 17:18:20,492 | INFO | Opening main page...
2026-06-23 17:18:21,850 | INFO | Main page URL: https://fjdefile.phila.gov/efsfjd/zk_fjd_public_qry_00.zp_main_idx
2026-06-23 17:18:22,504 | INFO | Search page URL: https://fjdefile.phila.gov/efsfjd/zk_fjd_public_qry_03.zp_dktrpt_setup_idx?uid=v7p0IjpQyIolqsSYDxam&o=_9veCTfgS!rzHdb
2026-06-23 17:18:22,505 | INFO | Filling Case ID: 2510T0021
2026-06-23 17:18:22,620 | INFO | Submitting search...
2026-06-23 17:18:24,816 | INFO | Result URL: https://fjdefile.phila.gov/efsfjd/zk_fjd_public_qry_03.zp_dktrpt_search
2026-06-23 17:18:24,887 | INFO | Progress saved to: data\output\cases_results.xlsx
2026-06-23 17:18:24,887 | INFO | Waiting 2s before next case...
2026-06-23 17:18:26,889 | INFO | 
===== 6/1197 =====
2026-06-23 17:18:26,889 | INFO | 
Scraping Case ID: 2510T0022
2026-06-23 17:18:26,889 | INFO | Attempt 1/2
2026-06-23 17:18:26,890 | INFO | Opening main page...
2026-06-23 17:18:28,247 | INFO | Main page URL: https://fjdefile.phila.gov/efsfjd/zk_fjd_public_qry_00.zp_main_idx
2026-06-23 17:18:28,733 | INFO | Search page URL: https://fjdefile.phila.gov/efsfjd/zk_fjd_public_qry_03.zp_dktrpt_setup_idx?uid=v7p0IjpQyIolqsSYDxam&o=_9veCTfgS!rzHdb
2026-06-23 17:18:28,734 | INFO | Filling Case ID: 2510T0022
2026-06-23 17:18:28,871 | INFO | Submitting search...
2026-06-23 17:18:31,154 | INFO | Result URL: https://fjdefile.phila.gov/efsfjd/zk_fjd_public_qry_03.zp_dktrpt_search
2026-06-23 17:18:31,212 | INFO | Progress saved to: data\output\cases_results.xlsx
2026-06-23 17:18:31,213 | INFO | Waiting 2s before next case...
2026-06-23 17:18:33,214 | INFO | 
===== 7/1197 =====
2026-06-23 17:18:33,215 | INFO | 
Scraping Case ID: 2510T0023
2026-06-23 17:18:33,215 | INFO | Attempt 1/2
2026-06-23 17:18:33,215 | INFO | Opening main page...
2026-06-23 17:18:34,570 | INFO | Main page URL: https://fjdefile.phila.gov/efsfjd/zk_fjd_public_qry_00.zp_main_idx
2026-06-23 17:18:35,038 | INFO | Search page URL: https://fjdefile.phila.gov/efsfjd/zk_fjd_public_qry_03.zp_dktrpt_setup_idx?uid=v7p0IjpQyIolqsSYDxam&o=_9veCTfgS!rzHdb
2026-06-23 17:18:35,038 | INFO | Filling Case ID: 2510T0023
2026-06-23 17:18:35,215 | INFO | Submitting search...
2026-06-23 17:18:36,978 | INFO | Result URL: https://fjdefile.phila.gov/efsfjd/zk_fjd_public_qry_03.zp_dktrpt_search
2026-06-23 17:18:37,035 | INFO | Progress saved to: data\output\cases_results.xlsx
2026-06-23 17:18:37,035 | INFO | Waiting 2s before next case...
2026-06-23 17:18:39,036 | INFO | 
===== 8/1197 =====
2026-06-23 17:18:39,037 | INFO | 
Scraping Case ID: 2510T0024
2026-06-23 17:18:39,037 | INFO | Attempt 1/2
2026-06-23 17:18:39,037 | INFO | Opening main page...
2026-06-23 17:18:40,367 | INFO | Main page URL: https://fjdefile.phila.gov/efsfjd/zk_fjd_public_qry_00.zp_main_idx
2026-06-23 17:18:40,809 | INFO | Search page URL: https://fjdefile.phila.gov/efsfjd/zk_fjd_public_qry_03.zp_dktrpt_setup_idx?uid=v7p0IjpQyIolqsSYDxam&o=_9veCTfgS!rzHdb
2026-06-23 17:18:40,810 | INFO | Filling Case ID: 2510T0024
2026-06-23 17:18:40,931 | INFO | Submitting search...
2026-06-23 17:18:43,248 | INFO | Result URL: https://fjdefile.phila.gov/efsfjd/zk_fjd_public_qry_03.zp_dktrpt_search
2026-06-23 17:18:43,350 | INFO | Progress saved to: data\output\cases_results.xlsx
2026-06-23 17:18:43,351 | INFO | Waiting 2s before next case...
2026-06-23 17:18:45,353 | INFO | 
===== 9/1197 =====
2026-06-23 17:18:45,354 | INFO | 
Scraping Case ID: 2510T0025
2026-06-23 17:18:45,354 | INFO | Attempt 1/2
2026-06-23 17:18:45,354 | INFO | Opening main page...
2026-06-23 17:18:46,686 | INFO | Main page URL: https://fjdefile.phila.gov/efsfjd/zk_fjd_public_qry_00.zp_main_idx
2026-06-23 17:18:47,075 | INFO | Search page URL: https://fjdefile.phila.gov/efsfjd/zk_fjd_public_qry_03.zp_dktrpt_setup_idx?uid=v7p0IjpQyIolqsSYDxam&o=_9veCTfgS!rzHdb
2026-06-23 17:18:47,075 | INFO | Filling Case ID: 2510T0025
2026-06-23 17:18:47,201 | INFO | Submitting search...
2026-06-23 17:18:48,943 | INFO | Result URL: https://fjdefile.phila.gov/efsfjd/zk_fjd_public_qry_03.zp_dktrpt_search
2026-06-23 17:18:49,021 | INFO | Progress saved to: data\output\cases_results.xlsx
2026-06-23 17:18:49,021 | INFO | Waiting 2s before next case...
2026-06-23 17:18:51,023 | INFO | 
===== 10/1197 =====
2026-06-23 17:18:51,024 | INFO | 
Scraping Case ID: 2510T0026
2026-06-23 17:18:51,024 | INFO | Attempt 1/2
2026-06-23 17:18:51,024 | INFO | Opening main page...
2026-06-23 17:18:52,376 | INFO | Main page URL: https://fjdefile.phila.gov/efsfjd/zk_fjd_public_qry_00.zp_main_idx
2026-06-23 17:18:52,802 | INFO | Search page URL: https://fjdefile.phila.gov/efsfjd/zk_fjd_public_qry_03.zp_dktrpt_setup_idx?uid=v7p0IjpQyIolqsSYDxam&o=_9veCTfgS!rzHdb
2026-06-23 17:18:52,802 | INFO | Filling Case ID: 2510T0026
2026-06-23 17:18:52,946 | INFO | Submitting search...
2026-06-23 17:18:55,115 | INFO | Result URL: https://fjdefile.phila.gov/efsfjd/zk_fjd_public_qry_03.zp_dktrpt_search
2026-06-23 17:18:55,188 | INFO | Progress saved to: data\output\cases_results.xlsx
2026-06-23 17:18:55,189 | INFO | Waiting 2s before next case...
2026-06-23 17:18:57,190 | INFO | 
===== 11/1197 =====
2026-06-23 17:18:57,190 | INFO | 
Scraping Case ID: 2510T0027
2026-06-23 17:18:57,190 | INFO | Attempt 1/2
2026-06-23 17:18:57,191 | INFO | Opening main page...
2026-06-23 17:18:58,588 | INFO | Main page URL: https://fjdefile.phila.gov/efsfjd/zk_fjd_public_qry_00.zp_main_idx
2026-06-23 17:18:59,035 | INFO | Search page URL: https://fjdefile.phila.gov/efsfjd/zk_fjd_public_qry_03.zp_dktrpt_setup_idx?uid=v7p0IjpQyIolqsSYDxam&o=_9veCTfgS!rzHdb
2026-06-23 17:18:59,035 | INFO | Filling Case ID: 2510T0027
2026-06-23 17:18:59,168 | INFO | Submitting search...
2026-06-23 17:19:01,301 | INFO | Result URL: https://fjdefile.phila.gov/efsfjd/zk_fjd_public_qry_03.zp_dktrpt_search
2026-06-23 17:19:01,414 | INFO | Progress saved to: data\output\cases_results.xlsx
2026-06-23 17:19:01,417 | INFO | Waiting 2s before next case...
2026-06-23 17:19:03,419 | INFO | 
===== 12/1197 =====
2026-06-23 17:19:03,419 | INFO | 
Scraping Case ID: 2510T0028
2026-06-23 17:19:03,419 | INFO | Attempt 1/2
2026-06-23 17:19:03,419 | INFO | Opening main page...
2026-06-23 17:19:04,768 | INFO | Main page URL: https://fjdefile.phila.gov/efsfjd/zk_fjd_public_qry_00.zp_main_idx
2026-06-23 17:19:05,229 | INFO | Search page URL: https://fjdefile.phila.gov/efsfjd/zk_fjd_public_qry_03.zp_dktrpt_setup_idx?uid=v7p0IjpQyIolqsSYDxam&o=_9veCTfgS!rzHdb
2026-06-23 17:19:05,229 | INFO | Filling Case ID: 2510T0028
2026-06-23 17:19:05,391 | INFO | Submitting search...
2026-06-23 17:19:07,282 | INFO | Result URL: https://fjdefile.phila.gov/efsfjd/zk_fjd_public_qry_03.zp_dktrpt_search
2026-06-23 17:19:07,336 | INFO | Progress saved to: data\output\cases_results.xlsx
2026-06-23 17:19:07,336 | INFO | Waiting 2s before next case...
2026-06-23 17:19:09,336 | INFO | 
===== 13/1197 =====
2026-06-23 17:19:09,337 | INFO | 
Scraping Case ID: 2510T0029
2026-06-23 17:19:09,337 | INFO | Attempt 1/2
2026-06-23 17:19:09,337 | INFO | Opening main page...
2026-06-23 17:19:10,685 | INFO | Main page URL: https://fjdefile.phila.gov/efsfjd/zk_fjd_public_qry_00.zp_main_idx
2026-06-23 17:19:11,122 | INFO | Search page URL: https://fjdefile.phila.gov/efsfjd/zk_fjd_public_qry_03.zp_dktrpt_setup_idx?uid=v7p0IjpQyIolqsSYDxam&o=_9veCTfgS!rzHdb
2026-06-23 17:19:11,122 | INFO | Filling Case ID: 2510T0029
2026-06-23 17:19:11,235 | INFO | Submitting search...
2026-06-23 17:19:13,436 | INFO | Result URL: https://fjdefile.phila.gov/efsfjd/zk_fjd_public_qry_03.zp_dktrpt_search
2026-06-23 17:19:13,518 | INFO | Progress saved to: data\output\cases_results.xlsx
2026-06-23 17:19:13,519 | INFO | Waiting 2s before next case...
2026-06-23 17:19:15,519 | INFO | 
===== 14/1197 =====
2026-06-23 17:19:15,520 | INFO | 
Scraping Case ID: 2510T0030
2026-06-23 17:19:15,520 | INFO | Attempt 1/2
2026-06-23 17:19:15,520 | INFO | Opening main page...
2026-06-23 17:19:16,855 | INFO | Main page URL: https://fjdefile.phila.gov/efsfjd/zk_fjd_public_qry_00.zp_main_idx
2026-06-23 17:19:17,294 | INFO | Search page URL: https://fjdefile.phila.gov/efsfjd/zk_fjd_public_qry_03.zp_dktrpt_setup_idx?uid=v7p0IjpQyIolqsSYDxam&o=_9veCTfgS!rzHdb
2026-06-23 17:19:17,295 | INFO | Filling Case ID: 2510T0030
2026-06-23 17:19:17,434 | INFO | Submitting search...
2026-06-23 17:19:19,167 | INFO | Result URL: https://fjdefile.phila.gov/efsfjd/zk_fjd_public_qry_03.zp_dktrpt_search
2026-06-23 17:19:19,262 | INFO | Progress saved to: data\output\cases_results.xlsx
2026-06-23 17:19:19,263 | INFO | Waiting 2s before next case...
2026-06-23 17:19:21,263 | INFO | 
===== 15/1197 =====
2026-06-23 17:19:21,264 | INFO | 
Scraping Case ID: 2510T0031
2026-06-23 17:19:21,264 | INFO | Attempt 1/2
2026-06-23 17:19:21,264 | INFO | Opening main page...
2026-06-23 17:19:22,616 | INFO | Main page URL: https://fjdefile.phila.gov/efsfjd/zk_fjd_public_qry_00.zp_main_idx
2026-06-23 17:19:23,137 | INFO | Search page URL: https://fjdefile.phila.gov/efsfjd/zk_fjd_public_qry_03.zp_dktrpt_setup_idx?uid=v7p0IjpQyIolqsSYDxam&o=_9veCTfgS!rzHdb
2026-06-23 17:19:23,139 | INFO | Filling Case ID: 2510T0031
2026-06-23 17:19:23,304 | INFO | Submitting search...
2026-06-23 17:20:08,567 | INFO | Timeout waiting for result. Current URL: https://fjdefile.phila.gov/efsfjd/zk_fjd_public_qry_00.zp_main_idx?uid=v7p0IjpQyIolqsSYDxam&o=Ccvb_TijSxozKg8
2026-06-23 17:20:08,864 | INFO | Debug saved: screenshots\redirected_main_page_2510T0031_20260623_172008.png
2026-06-23 17:20:08,864 | INFO | HTML saved: screenshots\redirected_main_page_2510T0031_20260623_172008.html
2026-06-23 17:20:08,865 | INFO | Attempt failed: Redirected to main page instead of result page
2026-06-23 17:20:08,865 | INFO | Waiting 2s before retry...
2026-06-23 17:20:10,866 | INFO | Attempt 2/2
2026-06-23 17:20:10,866 | INFO | Opening main page...
2026-06-23 17:20:12,583 | INFO | Main page URL: https://fjdefile.phila.gov/efsfjd/zk_fjd_public_qry_00.zp_main_idx
2026-06-23 17:20:13,237 | INFO | Search page URL: https://fjdefile.phila.gov/efsfjd/zk_fjd_public_qry_03.zp_dktrpt_setup_idx?uid=v7p0IjpQyIolqsSYDxam&o=_9veCTfgS!rzHdb
2026-06-23 17:20:13,237 | INFO | Filling Case ID: 2510T0031
2026-06-23 17:20:13,402 | INFO | Submitting search...
2026-06-23 17:20:19,469 | INFO | Attempt failed: Page.wait_for_selector: Target page, context or browser has been closed
Call log:
  - waiting for locator("a[name=\"description\"]") to be visible
    - waiting for" https://fjdefile.phila.gov/efsfjd/zk_fjd_public_qry_03.zp_dktrpt_search" navigation to finish...
    - navigated to "https://fjdefile.phila.gov/efsfjd/zk_fjd_public_qry_00.zp_main_idx?uid=v7p0IjpQyIolqsSYDxam&o=Ccvb_TijSxozKg8"

2026-06-23 17:20:19,469 | INFO | Failed after 2 attempts. Moving to next case.
2026-06-23 17:20:19,593 | INFO | Progress saved to: data\output\cases_results.xlsx
2026-06-23 17:20:19,594 | INFO | Waiting 2s before next case...
2026-06-23 17:52:52,521 | INFO | Columns found: ['Case ID']
2026-06-23 17:52:52,532 | INFO | Loaded 1197 Case IDs from data\input\case_ids.xlsx
2026-06-23 17:52:54,404 | INFO | 
===== 1/1197 =====
2026-06-23 17:52:54,404 | INFO | 
Scraping Case ID: 2510T0017
2026-06-23 17:52:54,404 | INFO | Attempt 1/2
2026-06-23 17:52:54,405 | INFO | Opening main page...
2026-06-23 17:52:58,116 | INFO | Main page URL: https://fjdefile.phila.gov/efsfjd/zk_fjd_public_qry_00.zp_main_idx?uid=uZi1RmqFBIolqsSYDxam&o=B4ocIWj8XxozKg8
2026-06-23 17:52:59,264 | INFO | Search page URL: https://fjdefile.phila.gov/efsfjd/zk_fjd_public_qry_03.zp_dktrpt_setup_idx?uid=uZi1RmqFBIolqsSYDxam&o=!1ofLWg5X!rzHdb
2026-06-23 17:52:59,265 | INFO | Filling Case ID: 2510T0017
2026-06-23 17:52:59,453 | INFO | Submitting search...
2026-06-23 17:53:03,092 | INFO | Result URL: https://fjdefile.phila.gov/efsfjd/zk_fjd_public_qry_03.zp_dktrpt_search
2026-06-23 17:53:03,353 | INFO | Progress saved to: data\output\cases_results.xlsx
2026-06-23 17:53:03,354 | INFO | Waiting 2s before next case...
2026-06-23 17:53:05,356 | INFO | 
===== 2/1197 =====
2026-06-23 17:53:05,356 | INFO | 
Scraping Case ID: 2510T0018
2026-06-23 17:53:05,356 | INFO | Attempt 1/2
2026-06-23 17:53:05,356 | INFO | Opening main page...
2026-06-23 17:53:06,714 | INFO | Main page URL: https://fjdefile.phila.gov/efsfjd/zk_fjd_public_qry_00.zp_main_idx
2026-06-23 17:53:07,388 | INFO | Search page URL: https://fjdefile.phila.gov/efsfjd/zk_fjd_public_qry_03.zp_dktrpt_setup_idx?uid=uZi1RmqFBIolqsSYDxam&o=!1ofLWg5X!rzHdb
2026-06-23 17:53:07,389 | INFO | Filling Case ID: 2510T0018
2026-06-23 17:53:07,619 | INFO | Submitting search...
2026-06-23 17:53:10,365 | INFO | Result URL: https://fjdefile.phila.gov/efsfjd/zk_fjd_public_qry_03.zp_dktrpt_search
2026-06-23 17:53:10,422 | INFO | Progress saved to: data\output\cases_results.xlsx
2026-06-23 17:53:10,422 | INFO | Waiting 2s before next case...
2026-06-23 17:53:12,423 | INFO | 
===== 3/1197 =====
2026-06-23 17:53:12,424 | INFO | 
Scraping Case ID: 2510T0019
2026-06-23 17:53:12,424 | INFO | Attempt 1/2
2026-06-23 17:53:12,424 | INFO | Opening main page...
2026-06-23 17:53:13,763 | INFO | Main page URL: https://fjdefile.phila.gov/efsfjd/zk_fjd_public_qry_00.zp_main_idx
2026-06-23 17:53:14,235 | INFO | Search page URL: https://fjdefile.phila.gov/efsfjd/zk_fjd_public_qry_03.zp_dktrpt_setup_idx?uid=uZi1RmqFBIolqsSYDxam&o=!1ofLWg5X!rzHdb
2026-06-23 17:53:14,236 | INFO | Filling Case ID: 2510T0019
2026-06-23 17:53:14,371 | INFO | Submitting search...
2026-06-23 17:53:16,618 | INFO | Result URL: https://fjdefile.phila.gov/efsfjd/zk_fjd_public_qry_03.zp_dktrpt_search
2026-06-23 17:53:16,687 | INFO | Progress saved to: data\output\cases_results.xlsx
2026-06-23 17:53:16,688 | INFO | Waiting 2s before next case...
2026-06-23 17:53:18,688 | INFO | 
===== 4/1197 =====
2026-06-23 17:53:18,689 | INFO | 
Scraping Case ID: 2510T0020
2026-06-23 17:53:18,689 | INFO | Attempt 1/2
2026-06-23 17:53:18,689 | INFO | Opening main page...
2026-06-23 17:53:20,018 | INFO | Main page URL: https://fjdefile.phila.gov/efsfjd/zk_fjd_public_qry_00.zp_main_idx
2026-06-23 17:53:20,505 | INFO | Search page URL: https://fjdefile.phila.gov/efsfjd/zk_fjd_public_qry_03.zp_dktrpt_setup_idx?uid=uZi1RmqFBIolqsSYDxam&o=!1ofLWg5X!rzHdb
2026-06-23 17:53:20,505 | INFO | Filling Case ID: 2510T0020
2026-06-23 17:53:20,652 | INFO | Submitting search...
2026-06-23 17:53:22,981 | INFO | Result URL: https://fjdefile.phila.gov/efsfjd/zk_fjd_public_qry_03.zp_dktrpt_search
2026-06-23 17:53:23,123 | INFO | Progress saved to: data\output\cases_results.xlsx
2026-06-23 17:53:23,124 | INFO | Waiting 2s before next case...
2026-06-23 17:53:25,124 | INFO | 
===== 5/1197 =====
2026-06-23 17:53:25,125 | INFO | 
Scraping Case ID: 2510T0021
2026-06-23 17:53:25,125 | INFO | Attempt 1/2
2026-06-23 17:53:25,126 | INFO | Opening main page...
2026-06-23 17:53:26,438 | INFO | Main page URL: https://fjdefile.phila.gov/efsfjd/zk_fjd_public_qry_00.zp_main_idx
2026-06-23 17:53:26,837 | INFO | Search page URL: https://fjdefile.phila.gov/efsfjd/zk_fjd_public_qry_03.zp_dktrpt_setup_idx?uid=uZi1RmqFBIolqsSYDxam&o=!1ofLWg5X!rzHdb
2026-06-23 17:53:26,837 | INFO | Filling Case ID: 2510T0021
2026-06-23 17:53:26,964 | INFO | Submitting search...
2026-06-23 17:53:29,779 | INFO | Result URL: https://fjdefile.phila.gov/efsfjd/zk_fjd_public_qry_03.zp_dktrpt_search
2026-06-23 17:53:29,923 | INFO | Progress saved to: data\output\cases_results.xlsx
2026-06-23 17:53:29,925 | INFO | Waiting 2s before next case...
2026-06-23 17:53:31,927 | INFO | 
===== 6/1197 =====
2026-06-23 17:53:31,927 | INFO | 
Scraping Case ID: 2510T0022
2026-06-23 17:53:31,927 | INFO | Attempt 1/2
2026-06-23 17:53:31,928 | INFO | Opening main page...
2026-06-23 17:53:33,259 | INFO | Main page URL: https://fjdefile.phila.gov/efsfjd/zk_fjd_public_qry_00.zp_main_idx
2026-06-23 17:53:33,627 | INFO | Search page URL: https://fjdefile.phila.gov/efsfjd/zk_fjd_public_qry_03.zp_dktrpt_setup_idx?uid=uZi1RmqFBIolqsSYDxam&o=!1ofLWg5X!rzHdb
2026-06-23 17:53:33,627 | INFO | Filling Case ID: 2510T0022
2026-06-23 17:53:33,747 | INFO | Submitting search...
2026-06-23 17:53:35,868 | INFO | Result URL: https://fjdefile.phila.gov/efsfjd/zk_fjd_public_qry_03.zp_dktrpt_search
2026-06-23 17:53:35,926 | INFO | Progress saved to: data\output\cases_results.xlsx
2026-06-23 17:53:35,926 | INFO | Waiting 2s before next case...
2026-06-23 17:53:37,927 | INFO | 
===== 7/1197 =====
2026-06-23 17:53:37,928 | INFO | 
Scraping Case ID: 2510T0023
2026-06-23 17:53:37,928 | INFO | Attempt 1/2
2026-06-23 17:53:37,928 | INFO | Opening main page...
2026-06-23 17:53:39,278 | INFO | Main page URL: https://fjdefile.phila.gov/efsfjd/zk_fjd_public_qry_00.zp_main_idx
2026-06-23 17:53:39,694 | INFO | Search page URL: https://fjdefile.phila.gov/efsfjd/zk_fjd_public_qry_03.zp_dktrpt_setup_idx?uid=uZi1RmqFBIolqsSYDxam&o=!1ofLWg5X!rzHdb
2026-06-23 17:53:39,695 | INFO | Filling Case ID: 2510T0023
2026-06-23 17:53:39,811 | INFO | Submitting search...
2026-06-23 17:53:42,328 | INFO | Result URL: https://fjdefile.phila.gov/efsfjd/zk_fjd_public_qry_03.zp_dktrpt_search
2026-06-23 17:53:42,388 | INFO | Progress saved to: data\output\cases_results.xlsx
2026-06-23 17:53:42,389 | INFO | Waiting 2s before next case...
2026-06-23 17:53:44,390 | INFO | 
===== 8/1197 =====
2026-06-23 17:53:44,390 | INFO | 
Scraping Case ID: 2510T0024
2026-06-23 17:53:44,390 | INFO | Attempt 1/2
2026-06-23 17:53:44,390 | INFO | Opening main page...
2026-06-23 17:53:45,727 | INFO | Main page URL: https://fjdefile.phila.gov/efsfjd/zk_fjd_public_qry_00.zp_main_idx
2026-06-23 17:53:46,098 | INFO | Search page URL: https://fjdefile.phila.gov/efsfjd/zk_fjd_public_qry_03.zp_dktrpt_setup_idx?uid=uZi1RmqFBIolqsSYDxam&o=!1ofLWg5X!rzHdb
2026-06-23 17:53:46,098 | INFO | Filling Case ID: 2510T0024
2026-06-23 17:53:46,214 | INFO | Submitting search...
2026-06-23 17:53:49,507 | INFO | Result URL: https://fjdefile.phila.gov/efsfjd/zk_fjd_public_qry_03.zp_dktrpt_search
2026-06-23 17:53:49,623 | INFO | Progress saved to: data\output\cases_results.xlsx
2026-06-23 17:53:49,624 | INFO | Waiting 2s before next case...
2026-06-23 17:53:51,624 | INFO | 
===== 9/1197 =====
2026-06-23 17:53:51,626 | INFO | 
Scraping Case ID: 2510T0025
2026-06-23 17:53:51,627 | INFO | Attempt 1/2
2026-06-23 17:53:51,627 | INFO | Opening main page...
2026-06-23 17:53:52,952 | INFO | Main page URL: https://fjdefile.phila.gov/efsfjd/zk_fjd_public_qry_00.zp_main_idx
2026-06-23 17:53:53,340 | INFO | Search page URL: https://fjdefile.phila.gov/efsfjd/zk_fjd_public_qry_03.zp_dktrpt_setup_idx?uid=uZi1RmqFBIolqsSYDxam&o=!1ofLWg5X!rzHdb
2026-06-23 17:53:53,341 | INFO | Filling Case ID: 2510T0025
2026-06-23 17:53:53,486 | INFO | Submitting search...
2026-06-23 17:53:56,135 | INFO | Result URL: https://fjdefile.phila.gov/efsfjd/zk_fjd_public_qry_03.zp_dktrpt_search
2026-06-23 17:53:56,268 | INFO | Progress saved to: data\output\cases_results.xlsx
2026-06-23 17:53:56,268 | INFO | Waiting 2s before next case...
2026-06-23 17:53:58,269 | INFO | 
===== 10/1197 =====
2026-06-23 17:53:58,269 | INFO | 
Scraping Case ID: 2510T0026
2026-06-23 17:53:58,270 | INFO | Attempt 1/2
2026-06-23 17:53:58,270 | INFO | Opening main page...
2026-06-23 17:53:59,588 | INFO | Main page URL: https://fjdefile.phila.gov/efsfjd/zk_fjd_public_qry_00.zp_main_idx
2026-06-23 17:53:59,958 | INFO | Search page URL: https://fjdefile.phila.gov/efsfjd/zk_fjd_public_qry_03.zp_dktrpt_setup_idx?uid=uZi1RmqFBIolqsSYDxam&o=!1ofLWg5X!rzHdb
2026-06-23 17:53:59,958 | INFO | Filling Case ID: 2510T0026
2026-06-23 17:54:00,075 | INFO | Submitting search...
2026-06-23 17:54:01,702 | INFO | Result URL: https://fjdefile.phila.gov/efsfjd/zk_fjd_public_qry_03.zp_dktrpt_search
2026-06-23 17:54:01,773 | INFO | Progress saved to: data\output\cases_results.xlsx
2026-06-23 17:54:01,773 | INFO | Waiting 2s before next case...
2026-06-23 17:54:03,774 | INFO | 
===== 11/1197 =====
2026-06-23 17:54:03,775 | INFO | 
Scraping Case ID: 2510T0027
2026-06-23 17:54:03,775 | INFO | Attempt 1/2
2026-06-23 17:54:03,775 | INFO | Opening main page...
2026-06-23 17:54:05,112 | INFO | Main page URL: https://fjdefile.phila.gov/efsfjd/zk_fjd_public_qry_00.zp_main_idx
2026-06-23 17:54:05,467 | INFO | Search page URL: https://fjdefile.phila.gov/efsfjd/zk_fjd_public_qry_03.zp_dktrpt_setup_idx?uid=uZi1RmqFBIolqsSYDxam&o=!1ofLWg5X!rzHdb
2026-06-23 17:54:05,467 | INFO | Filling Case ID: 2510T0027
2026-06-23 17:54:05,592 | INFO | Submitting search...
2026-06-23 17:54:07,721 | INFO | Result URL: https://fjdefile.phila.gov/efsfjd/zk_fjd_public_qry_03.zp_dktrpt_search
2026-06-23 17:54:07,802 | INFO | Progress saved to: data\output\cases_results.xlsx
2026-06-23 17:54:07,802 | INFO | Waiting 2s before next case...
2026-06-23 17:54:09,803 | INFO | 
===== 12/1197 =====
2026-06-23 17:54:09,803 | INFO | 
Scraping Case ID: 2510T0028
2026-06-23 17:54:09,804 | INFO | Attempt 1/2
2026-06-23 17:54:09,804 | INFO | Opening main page...
2026-06-23 17:54:11,131 | INFO | Main page URL: https://fjdefile.phila.gov/efsfjd/zk_fjd_public_qry_00.zp_main_idx
2026-06-23 17:54:11,593 | INFO | Search page URL: https://fjdefile.phila.gov/efsfjd/zk_fjd_public_qry_03.zp_dktrpt_setup_idx?uid=uZi1RmqFBIolqsSYDxam&o=!1ofLWg5X!rzHdb
2026-06-23 17:54:11,593 | INFO | Filling Case ID: 2510T0028
2026-06-23 17:54:11,715 | INFO | Submitting search...
2026-06-23 17:54:14,158 | INFO | Result URL: https://fjdefile.phila.gov/efsfjd/zk_fjd_public_qry_03.zp_dktrpt_search
2026-06-23 17:54:14,228 | INFO | Progress saved to: data\output\cases_results.xlsx
2026-06-23 17:54:14,229 | INFO | Waiting 2s before next case...
2026-06-23 17:54:16,230 | INFO | 
===== 13/1197 =====
2026-06-23 17:54:16,230 | INFO | 
Scraping Case ID: 2510T0029
2026-06-23 17:54:16,230 | INFO | Attempt 1/2
2026-06-23 17:54:16,230 | INFO | Opening main page...
2026-06-23 17:54:17,577 | INFO | Main page URL: https://fjdefile.phila.gov/efsfjd/zk_fjd_public_qry_00.zp_main_idx
2026-06-23 17:54:17,956 | INFO | Search page URL: https://fjdefile.phila.gov/efsfjd/zk_fjd_public_qry_03.zp_dktrpt_setup_idx?uid=uZi1RmqFBIolqsSYDxam&o=!1ofLWg5X!rzHdb
2026-06-23 17:54:17,956 | INFO | Filling Case ID: 2510T0029
2026-06-23 17:54:18,096 | INFO | Submitting search...
2026-06-23 17:54:20,232 | INFO | Result URL: https://fjdefile.phila.gov/efsfjd/zk_fjd_public_qry_03.zp_dktrpt_search
2026-06-23 17:54:20,333 | INFO | Progress saved to: data\output\cases_results.xlsx
2026-06-23 17:54:20,334 | INFO | Waiting 2s before next case...
2026-06-23 17:54:22,334 | INFO | 
===== 14/1197 =====
2026-06-23 17:54:22,335 | INFO | 
Scraping Case ID: 2510T0030
2026-06-23 17:54:22,335 | INFO | Attempt 1/2
2026-06-23 17:54:22,335 | INFO | Opening main page...
2026-06-23 17:54:23,686 | INFO | Main page URL: https://fjdefile.phila.gov/efsfjd/zk_fjd_public_qry_00.zp_main_idx
2026-06-23 17:54:24,091 | INFO | Search page URL: https://fjdefile.phila.gov/efsfjd/zk_fjd_public_qry_03.zp_dktrpt_setup_idx?uid=uZi1RmqFBIolqsSYDxam&o=!1ofLWg5X!rzHdb
2026-06-23 17:54:24,092 | INFO | Filling Case ID: 2510T0030
2026-06-23 17:54:24,228 | INFO | Submitting search...
2026-06-23 17:54:26,614 | INFO | Result URL: https://fjdefile.phila.gov/efsfjd/zk_fjd_public_qry_03.zp_dktrpt_search
2026-06-23 17:54:26,691 | INFO | Progress saved to: data\output\cases_results.xlsx
2026-06-23 17:54:26,692 | INFO | Waiting 2s before next case...
2026-06-23 17:54:28,694 | INFO | 
===== 15/1197 =====
2026-06-23 17:54:28,694 | INFO | 
Scraping Case ID: 2510T0031
2026-06-23 17:54:28,695 | INFO | Attempt 1/2
2026-06-23 17:54:28,695 | INFO | Opening main page...
2026-06-23 17:54:30,025 | INFO | Main page URL: https://fjdefile.phila.gov/efsfjd/zk_fjd_public_qry_00.zp_main_idx
2026-06-23 17:54:30,466 | INFO | Search page URL: https://fjdefile.phila.gov/efsfjd/zk_fjd_public_qry_03.zp_dktrpt_setup_idx?uid=uZi1RmqFBIolqsSYDxam&o=!1ofLWg5X!rzHdb
2026-06-23 17:54:30,467 | INFO | Filling Case ID: 2510T0031
2026-06-23 17:54:30,592 | INFO | Submitting search...
2026-06-23 17:54:32,753 | INFO | Result URL: https://fjdefile.phila.gov/efsfjd/zk_fjd_public_qry_03.zp_dktrpt_search
2026-06-23 17:54:32,829 | INFO | Progress saved to: data\output\cases_results.xlsx
2026-06-23 17:54:32,829 | INFO | Waiting 2s before next case...
2026-06-23 17:54:34,830 | INFO | 
===== 16/1197 =====
2026-06-23 17:54:34,831 | INFO | 
Scraping Case ID: 2510T0032
2026-06-23 17:54:34,831 | INFO | Attempt 1/2
2026-06-23 17:54:34,832 | INFO | Opening main page...
2026-06-23 17:54:36,207 | INFO | Main page URL: https://fjdefile.phila.gov/efsfjd/zk_fjd_public_qry_00.zp_main_idx
2026-06-23 17:54:36,658 | INFO | Search page URL: https://fjdefile.phila.gov/efsfjd/zk_fjd_public_qry_03.zp_dktrpt_setup_idx?uid=uZi1RmqFBIolqsSYDxam&o=!1ofLWg5X!rzHdb
2026-06-23 17:54:36,658 | INFO | Filling Case ID: 2510T0032
2026-06-23 17:54:36,801 | INFO | Submitting search...
2026-06-23 17:54:38,994 | INFO | Result URL: https://fjdefile.phila.gov/efsfjd/zk_fjd_public_qry_03.zp_dktrpt_search
2026-06-23 17:54:39,062 | INFO | Progress saved to: data\output\cases_results.xlsx
2026-06-23 17:54:39,063 | INFO | Waiting 2s before next case...
2026-06-23 17:54:41,063 | INFO | 
===== 17/1197 =====
2026-06-23 17:54:41,064 | INFO | 
Scraping Case ID: 2510T0033
2026-06-23 17:54:41,064 | INFO | Attempt 1/2
2026-06-23 17:54:41,064 | INFO | Opening main page...
2026-06-23 17:54:42,389 | INFO | Main page URL: https://fjdefile.phila.gov/efsfjd/zk_fjd_public_qry_00.zp_main_idx
2026-06-23 17:54:42,752 | INFO | Search page URL: https://fjdefile.phila.gov/efsfjd/zk_fjd_public_qry_03.zp_dktrpt_setup_idx?uid=uZi1RmqFBIolqsSYDxam&o=!1ofLWg5X!rzHdb
2026-06-23 17:54:42,752 | INFO | Filling Case ID: 2510T0033
2026-06-23 17:54:42,876 | INFO | Submitting search...
2026-06-23 17:55:28,061 | INFO | Timeout waiting for result. Current URL: https://fjdefile.phila.gov/efsfjd/zk_fjd_public_qry_00.zp_main_idx?uid=uZi1RmqFBIolqsSYDxam&o=B4ocIWj8XxozKg8
2026-06-23 17:55:28,303 | INFO | Debug saved: screenshots\redirected_main_page_2510T0033_20260623_175528.png
2026-06-23 17:55:28,303 | INFO | HTML saved: screenshots\redirected_main_page_2510T0033_20260623_175528.html
2026-06-23 17:55:28,303 | INFO | Attempt failed: Redirected to main page instead of result page
2026-06-23 17:55:28,303 | INFO | Waiting 2s before retry...
2026-06-23 17:55:30,304 | INFO | Attempt 2/2
2026-06-23 17:55:30,305 | INFO | Opening main page...
2026-06-23 17:55:32,007 | INFO | Main page URL: https://fjdefile.phila.gov/efsfjd/zk_fjd_public_qry_00.zp_main_idx
2026-06-23 17:55:32,388 | INFO | Search page URL: https://fjdefile.phila.gov/efsfjd/zk_fjd_public_qry_03.zp_dktrpt_setup_idx?uid=uZi1RmqFBIolqsSYDxam&o=!1ofLWg5X!rzHdb
2026-06-23 17:55:32,388 | INFO | Filling Case ID: 2510T0033
2026-06-23 17:55:32,511 | INFO | Submitting search...
2026-06-23 17:55:37,345 | ERROR | Future exception was never retrieved
future: <Future finished exception=TargetClosedError('Target page, context or browser has been closed')>
playwright._impl._errors.TargetClosedError: Target page, context or browser has been closed
2026-06-23 17:55:37,345 | ERROR | Future exception was never retrieved
future: <Future finished exception=TargetClosedError('Target page, context or browser has been closed')>
playwright._impl._errors.TargetClosedError: Target page, context or browser has been closed
2026-06-23 18:03:37,674 | INFO | Columns found: ['Case ID']
2026-06-23 18:03:37,680 | INFO | Loaded 1197 Case IDs from data\input\case_ids.xlsx
2026-06-23 18:03:38,663 | INFO | 
===== 1/1197 =====
2026-06-23 18:03:38,664 | INFO | 
Scraping Case ID: 2510T0017
2026-06-23 18:03:38,664 | INFO | Attempt 1/2
2026-06-23 18:03:38,665 | INFO | Opening main page...
2026-06-23 18:03:42,330 | INFO | Main page URL: https://fjdefile.phila.gov/efsfjd/zk_fjd_public_qry_00.zp_main_idx?uid=y6lXKltLzIolqsSYDxam&o=Fbr8BVmeTxozKg8
2026-06-23 18:03:42,795 | INFO | Search page URL: https://fjdefile.phila.gov/efsfjd/zk_fjd_public_qry_03.zp_dktrpt_setup_idx?uid=y6lXKltLzIolqsSYDxam&o=C8rbEVjbT!rzHdb
2026-06-23 18:03:42,796 | INFO | Filling Case ID: 2510T0017
2026-06-23 18:03:42,938 | INFO | Submitting search...
2026-06-23 18:03:45,620 | INFO | Result URL: https://fjdefile.phila.gov/efsfjd/zk_fjd_public_qry_03.zp_dktrpt_search
2026-06-23 18:03:45,732 | INFO | Progress saved to: data\output\cases_results.xlsx
2026-06-23 18:03:45,733 | INFO | Waiting 2s before next case...
2026-06-23 18:03:47,734 | INFO | 
===== 2/1197 =====
2026-06-23 18:03:47,734 | INFO | 
Scraping Case ID: 2510T0018
2026-06-23 18:03:47,735 | INFO | Attempt 1/2
2026-06-23 18:03:47,735 | INFO | Opening main page...
2026-06-23 18:03:49,065 | INFO | Main page URL: https://fjdefile.phila.gov/efsfjd/zk_fjd_public_qry_00.zp_main_idx
2026-06-23 18:03:49,501 | INFO | Search page URL: https://fjdefile.phila.gov/efsfjd/zk_fjd_public_qry_03.zp_dktrpt_setup_idx?uid=y6lXKltLzIolqsSYDxam&o=C8rbEVjbT!rzHdb
2026-06-23 18:03:49,501 | INFO | Filling Case ID: 2510T0018
2026-06-23 18:03:49,627 | INFO | Submitting search...
2026-06-23 18:03:51,216 | INFO | Result URL: https://fjdefile.phila.gov/efsfjd/zk_fjd_public_qry_03.zp_dktrpt_search
2026-06-23 18:03:51,269 | INFO | Progress saved to: data\output\cases_results.xlsx
2026-06-23 18:03:51,269 | INFO | Waiting 2s before next case...
2026-06-23 18:03:53,270 | INFO | 
===== 3/1197 =====
2026-06-23 18:03:53,271 | INFO | 
Scraping Case ID: 2510T0019
2026-06-23 18:03:53,271 | INFO | Attempt 1/2
2026-06-23 18:03:53,271 | INFO | Opening main page...
2026-06-23 18:03:54,595 | INFO | Main page URL: https://fjdefile.phila.gov/efsfjd/zk_fjd_public_qry_00.zp_main_idx
2026-06-23 18:03:55,042 | INFO | Search page URL: https://fjdefile.phila.gov/efsfjd/zk_fjd_public_qry_03.zp_dktrpt_setup_idx?uid=y6lXKltLzIolqsSYDxam&o=C8rbEVjbT!rzHdb
2026-06-23 18:03:55,044 | INFO | Filling Case ID: 2510T0019
2026-06-23 18:03:55,237 | INFO | Submitting search...
2026-06-23 18:03:57,007 | INFO | Result URL: https://fjdefile.phila.gov/efsfjd/zk_fjd_public_qry_03.zp_dktrpt_search
2026-06-23 18:03:57,057 | INFO | Progress saved to: data\output\cases_results.xlsx
2026-06-23 18:03:57,058 | INFO | Waiting 2s before next case...
2026-06-23 18:03:59,059 | INFO | 
===== 4/1197 =====
2026-06-23 18:03:59,059 | INFO | 
Scraping Case ID: 2510T0020
2026-06-23 18:03:59,060 | INFO | Attempt 1/2
2026-06-23 18:03:59,060 | INFO | Opening main page...
2026-06-23 18:04:00,374 | INFO | Main page URL: https://fjdefile.phila.gov/efsfjd/zk_fjd_public_qry_00.zp_main_idx
2026-06-23 18:04:00,736 | INFO | Search page URL: https://fjdefile.phila.gov/efsfjd/zk_fjd_public_qry_03.zp_dktrpt_setup_idx?uid=y6lXKltLzIolqsSYDxam&o=C8rbEVjbT!rzHdb
2026-06-23 18:04:00,736 | INFO | Filling Case ID: 2510T0020
2026-06-23 18:04:00,857 | INFO | Submitting search...
2026-06-23 18:04:02,493 | INFO | Result URL: https://fjdefile.phila.gov/efsfjd/zk_fjd_public_qry_03.zp_dktrpt_search
2026-06-23 18:04:02,541 | INFO | Progress saved to: data\output\cases_results.xlsx
2026-06-23 18:04:02,541 | INFO | Waiting 2s before next case...
2026-06-23 18:04:04,542 | INFO | 
===== 5/1197 =====
2026-06-23 18:04:04,542 | INFO | 
Scraping Case ID: 2510T0021
2026-06-23 18:04:04,543 | INFO | Attempt 1/2
2026-06-23 18:04:04,543 | INFO | Opening main page...
2026-06-23 18:04:05,868 | INFO | Main page URL: https://fjdefile.phila.gov/efsfjd/zk_fjd_public_qry_00.zp_main_idx
2026-06-23 18:04:06,233 | INFO | Search page URL: https://fjdefile.phila.gov/efsfjd/zk_fjd_public_qry_03.zp_dktrpt_setup_idx?uid=y6lXKltLzIolqsSYDxam&o=C8rbEVjbT!rzHdb
2026-06-23 18:04:06,234 | INFO | Filling Case ID: 2510T0021
2026-06-23 18:04:06,352 | INFO | Submitting search...
2026-06-23 18:04:08,066 | INFO | Result URL: https://fjdefile.phila.gov/efsfjd/zk_fjd_public_qry_03.zp_dktrpt_search
2026-06-23 18:04:08,130 | INFO | Progress saved to: data\output\cases_results.xlsx
2026-06-23 18:04:08,131 | INFO | Waiting 2s before next case...
2026-06-23 18:04:10,131 | INFO | 
===== 6/1197 =====
2026-06-23 18:04:10,132 | INFO | 
Scraping Case ID: 2510T0022
2026-06-23 18:04:10,132 | INFO | Attempt 1/2
2026-06-23 18:04:10,132 | INFO | Opening main page...
2026-06-23 18:04:11,463 | INFO | Main page URL: https://fjdefile.phila.gov/efsfjd/zk_fjd_public_qry_00.zp_main_idx
2026-06-23 18:04:11,825 | INFO | Search page URL: https://fjdefile.phila.gov/efsfjd/zk_fjd_public_qry_03.zp_dktrpt_setup_idx?uid=y6lXKltLzIolqsSYDxam&o=C8rbEVjbT!rzHdb
2026-06-23 18:04:11,826 | INFO | Filling Case ID: 2510T0022
2026-06-23 18:04:11,950 | INFO | Submitting search...
2026-06-23 18:04:14,034 | INFO | Result URL: https://fjdefile.phila.gov/efsfjd/zk_fjd_public_qry_03.zp_dktrpt_search
2026-06-23 18:04:14,127 | INFO | Progress saved to: data\output\cases_results.xlsx
2026-06-23 18:04:14,127 | INFO | Waiting 2s before next case...
2026-06-23 18:04:16,128 | INFO | 
===== 7/1197 =====
2026-06-23 18:04:16,128 | INFO | 
Scraping Case ID: 2510T0023
2026-06-23 18:04:16,129 | INFO | Attempt 1/2
2026-06-23 18:04:16,129 | INFO | Opening main page...
2026-06-23 18:04:17,553 | INFO | Main page URL: https://fjdefile.phila.gov/efsfjd/zk_fjd_public_qry_00.zp_main_idx
2026-06-23 18:04:17,906 | INFO | Search page URL: https://fjdefile.phila.gov/efsfjd/zk_fjd_public_qry_03.zp_dktrpt_setup_idx?uid=y6lXKltLzIolqsSYDxam&o=C8rbEVjbT!rzHdb
2026-06-23 18:04:17,906 | INFO | Filling Case ID: 2510T0023
2026-06-23 18:04:18,022 | INFO | Submitting search...
2026-06-23 18:04:20,185 | INFO | Result URL: https://fjdefile.phila.gov/efsfjd/zk_fjd_public_qry_03.zp_dktrpt_search
2026-06-23 18:04:20,253 | INFO | Progress saved to: data\output\cases_results.xlsx
2026-06-23 18:04:20,253 | INFO | Waiting 2s before next case...
2026-06-23 18:04:22,253 | INFO | 
===== 8/1197 =====
2026-06-23 18:04:22,254 | INFO | 
Scraping Case ID: 2510T0024
2026-06-23 18:04:22,254 | INFO | Attempt 1/2
2026-06-23 18:04:22,255 | INFO | Opening main page...
2026-06-23 18:04:23,588 | INFO | Main page URL: https://fjdefile.phila.gov/efsfjd/zk_fjd_public_qry_00.zp_main_idx
2026-06-23 18:04:23,965 | INFO | Search page URL: https://fjdefile.phila.gov/efsfjd/zk_fjd_public_qry_03.zp_dktrpt_setup_idx?uid=y6lXKltLzIolqsSYDxam&o=C8rbEVjbT!rzHdb
2026-06-23 18:04:23,965 | INFO | Filling Case ID: 2510T0024
2026-06-23 18:04:24,089 | INFO | Submitting search...
2026-06-23 18:04:26,189 | INFO | Result URL: https://fjdefile.phila.gov/efsfjd/zk_fjd_public_qry_03.zp_dktrpt_search
2026-06-23 18:04:26,248 | INFO | Progress saved to: data\output\cases_results.xlsx
2026-06-23 18:04:26,248 | INFO | Waiting 2s before next case...
2026-06-23 18:04:28,249 | INFO | 
===== 9/1197 =====
2026-06-23 18:04:28,250 | INFO | 
Scraping Case ID: 2510T0025
2026-06-23 18:04:28,250 | INFO | Attempt 1/2
2026-06-23 18:04:28,250 | INFO | Opening main page...
2026-06-23 18:04:29,671 | INFO | Main page URL: https://fjdefile.phila.gov/efsfjd/zk_fjd_public_qry_00.zp_main_idx
2026-06-23 18:04:30,108 | INFO | Search page URL: https://fjdefile.phila.gov/efsfjd/zk_fjd_public_qry_03.zp_dktrpt_setup_idx?uid=y6lXKltLzIolqsSYDxam&o=C8rbEVjbT!rzHdb
2026-06-23 18:04:30,108 | INFO | Filling Case ID: 2510T0025
2026-06-23 18:04:30,248 | INFO | Submitting search...
2026-06-23 18:04:32,339 | INFO | Result URL: https://fjdefile.phila.gov/efsfjd/zk_fjd_public_qry_03.zp_dktrpt_search
2026-06-23 18:04:32,429 | INFO | Progress saved to: data\output\cases_results.xlsx
2026-06-23 18:04:32,429 | INFO | Waiting 2s before next case...
2026-06-23 18:04:34,430 | INFO | 
===== 10/1197 =====
2026-06-23 18:04:34,431 | INFO | 
Scraping Case ID: 2510T0026
2026-06-23 18:04:34,431 | INFO | Attempt 1/2
2026-06-23 18:04:34,431 | INFO | Opening main page...
2026-06-23 18:04:35,751 | INFO | Main page URL: https://fjdefile.phila.gov/efsfjd/zk_fjd_public_qry_00.zp_main_idx
2026-06-23 18:04:36,134 | INFO | Search page URL: https://fjdefile.phila.gov/efsfjd/zk_fjd_public_qry_03.zp_dktrpt_setup_idx?uid=y6lXKltLzIolqsSYDxam&o=C8rbEVjbT!rzHdb
2026-06-23 18:04:36,134 | INFO | Filling Case ID: 2510T0026
2026-06-23 18:04:36,284 | INFO | Submitting search...
2026-06-23 18:04:38,364 | INFO | Result URL: https://fjdefile.phila.gov/efsfjd/zk_fjd_public_qry_03.zp_dktrpt_search
2026-06-23 18:04:38,443 | INFO | Progress saved to: data\output\cases_results.xlsx
2026-06-23 18:04:38,443 | INFO | Waiting 2s before next case...
2026-06-23 18:04:40,444 | INFO | 
Done. Final Excel saved to: data\output\cases_results.xlsx
2026-06-23 18:04:40,444 | INFO | Batch complete. Closing browser...
2026-06-23 18:04:52,759 | INFO | Columns found: ['Case ID']
2026-06-23 18:04:52,762 | INFO | Loaded 1197 Case IDs from data\input\case_ids.xlsx
2026-06-23 18:04:53,552 | INFO | 
===== 1/1197 =====
2026-06-23 18:04:53,553 | INFO | 
Scraping Case ID: 2510T0017
2026-06-23 18:04:53,553 | INFO | Attempt 1/2
2026-06-23 18:04:53,553 | INFO | Opening main page...
2026-06-23 18:04:57,250 | INFO | Main page URL: https://fjdefile.phila.gov/efsfjd/zk_fjd_public_qry_00.zp_main_idx?uid=z8mWIkxI!IolqsSYDxam&o=Gds7_UqbUxozKg8
2026-06-23 18:04:57,740 | INFO | Search page URL: https://fjdefile.phila.gov/efsfjd/zk_fjd_public_qry_03.zp_dktrpt_setup_idx?uid=z8mWIkxI!IolqsSYDxam&o=DasaCUn8U!rzHdb
2026-06-23 18:04:57,741 | INFO | Filling Case ID: 2510T0017
2026-06-23 18:04:57,876 | INFO | Submitting search...
2026-06-23 18:05:00,793 | INFO | Result URL: https://fjdefile.phila.gov/efsfjd/zk_fjd_public_qry_03.zp_dktrpt_search
2026-06-23 18:05:00,867 | INFO | Progress saved to: data\output\cases_results.xlsx
2026-06-23 18:05:00,867 | INFO | Waiting 2s before next case...
2026-06-23 18:05:02,869 | INFO | 
===== 2/1197 =====
2026-06-23 18:05:02,869 | INFO | 
Scraping Case ID: 2510T0018
2026-06-23 18:05:02,869 | INFO | Attempt 1/2
2026-06-23 18:05:02,870 | INFO | Opening main page...
2026-06-23 18:05:04,326 | INFO | Main page URL: https://fjdefile.phila.gov/efsfjd/zk_fjd_public_qry_00.zp_main_idx
2026-06-23 18:05:04,784 | INFO | Search page URL: https://fjdefile.phila.gov/efsfjd/zk_fjd_public_qry_03.zp_dktrpt_setup_idx?uid=z8mWIkxI!IolqsSYDxam&o=DasaCUn8U!rzHdb
2026-06-23 18:05:04,784 | INFO | Filling Case ID: 2510T0018
2026-06-23 18:05:04,900 | INFO | Submitting search...
2026-06-23 18:05:06,797 | INFO | Result URL: https://fjdefile.phila.gov/efsfjd/zk_fjd_public_qry_03.zp_dktrpt_search
2026-06-23 18:05:06,863 | INFO | Progress saved to: data\output\cases_results.xlsx
2026-06-23 18:05:06,863 | INFO | Waiting 2s before next case...
2026-06-23 18:05:08,864 | INFO | 
===== 3/1197 =====
2026-06-23 18:05:08,865 | INFO | 
Scraping Case ID: 2510T0019
2026-06-23 18:05:08,865 | INFO | Attempt 1/2
2026-06-23 18:05:08,865 | INFO | Opening main page...
2026-06-23 18:05:10,172 | INFO | Main page URL: https://fjdefile.phila.gov/efsfjd/zk_fjd_public_qry_00.zp_main_idx
2026-06-23 18:05:10,546 | INFO | Search page URL: https://fjdefile.phila.gov/efsfjd/zk_fjd_public_qry_03.zp_dktrpt_setup_idx?uid=z8mWIkxI!IolqsSYDxam&o=DasaCUn8U!rzHdb
2026-06-23 18:05:10,546 | INFO | Filling Case ID: 2510T0019
2026-06-23 18:05:10,656 | INFO | Submitting search...
2026-06-23 18:05:12,835 | INFO | Result URL: https://fjdefile.phila.gov/efsfjd/zk_fjd_public_qry_03.zp_dktrpt_search
2026-06-23 18:05:12,900 | INFO | Progress saved to: data\output\cases_results.xlsx
2026-06-23 18:05:12,901 | INFO | Waiting 2s before next case...
2026-06-23 18:05:14,901 | INFO | 
===== 4/1197 =====
2026-06-23 18:05:14,902 | INFO | 
Scraping Case ID: 2510T0020
2026-06-23 18:05:14,902 | INFO | Attempt 1/2
2026-06-23 18:05:14,902 | INFO | Opening main page...
2026-06-23 18:05:16,221 | INFO | Main page URL: https://fjdefile.phila.gov/efsfjd/zk_fjd_public_qry_00.zp_main_idx
2026-06-23 18:05:16,619 | INFO | Search page URL: https://fjdefile.phila.gov/efsfjd/zk_fjd_public_qry_03.zp_dktrpt_setup_idx?uid=z8mWIkxI!IolqsSYDxam&o=DasaCUn8U!rzHdb
2026-06-23 18:05:16,620 | INFO | Filling Case ID: 2510T0020
2026-06-23 18:05:16,737 | INFO | Submitting search...
2026-06-23 18:05:18,862 | INFO | Result URL: https://fjdefile.phila.gov/efsfjd/zk_fjd_public_qry_03.zp_dktrpt_search
2026-06-23 18:05:18,926 | INFO | Progress saved to: data\output\cases_results.xlsx
2026-06-23 18:05:18,927 | INFO | Waiting 2s before next case...
2026-06-23 18:05:20,927 | INFO | 
===== 5/1197 =====
2026-06-23 18:05:20,928 | INFO | 
Scraping Case ID: 2510T0021
2026-06-23 18:05:20,928 | INFO | Attempt 1/2
2026-06-23 18:05:20,928 | INFO | Opening main page...
2026-06-23 18:05:22,235 | INFO | Main page URL: https://fjdefile.phila.gov/efsfjd/zk_fjd_public_qry_00.zp_main_idx
2026-06-23 18:05:22,612 | INFO | Search page URL: https://fjdefile.phila.gov/efsfjd/zk_fjd_public_qry_03.zp_dktrpt_setup_idx?uid=z8mWIkxI!IolqsSYDxam&o=DasaCUn8U!rzHdb
2026-06-23 18:05:22,613 | INFO | Filling Case ID: 2510T0021
2026-06-23 18:05:22,734 | INFO | Submitting search...
2026-06-23 18:05:24,839 | INFO | Result URL: https://fjdefile.phila.gov/efsfjd/zk_fjd_public_qry_03.zp_dktrpt_search
2026-06-23 18:05:24,920 | INFO | Progress saved to: data\output\cases_results.xlsx
2026-06-23 18:05:24,920 | INFO | Waiting 2s before next case...
2026-06-23 18:05:26,921 | INFO | 
===== 6/1197 =====
2026-06-23 18:05:26,921 | INFO | 
Scraping Case ID: 2510T0022
2026-06-23 18:05:26,921 | INFO | Attempt 1/2
2026-06-23 18:05:26,922 | INFO | Opening main page...
2026-06-23 18:05:28,385 | INFO | Main page URL: https://fjdefile.phila.gov/efsfjd/zk_fjd_public_qry_00.zp_main_idx
2026-06-23 18:05:28,836 | INFO | Search page URL: https://fjdefile.phila.gov/efsfjd/zk_fjd_public_qry_03.zp_dktrpt_setup_idx?uid=z8mWIkxI!IolqsSYDxam&o=DasaCUn8U!rzHdb
2026-06-23 18:05:28,836 | INFO | Filling Case ID: 2510T0022
2026-06-23 18:05:28,977 | INFO | Submitting search...
2026-06-23 18:05:30,584 | INFO | Result URL: https://fjdefile.phila.gov/efsfjd/zk_fjd_public_qry_03.zp_dktrpt_search
2026-06-23 18:05:30,636 | INFO | Progress saved to: data\output\cases_results.xlsx
2026-06-23 18:05:30,636 | INFO | Waiting 2s before next case...
2026-06-23 18:05:32,638 | INFO | 
===== 7/1197 =====
2026-06-23 18:05:32,638 | INFO | 
Scraping Case ID: 2510T0023
2026-06-23 18:05:32,638 | INFO | Attempt 1/2
2026-06-23 18:05:32,638 | INFO | Opening main page...
2026-06-23 18:05:34,111 | INFO | Main page URL: https://fjdefile.phila.gov/efsfjd/zk_fjd_public_qry_00.zp_main_idx
2026-06-23 18:05:34,548 | INFO | Search page URL: https://fjdefile.phila.gov/efsfjd/zk_fjd_public_qry_03.zp_dktrpt_setup_idx?uid=z8mWIkxI!IolqsSYDxam&o=DasaCUn8U!rzHdb
2026-06-23 18:05:34,548 | INFO | Filling Case ID: 2510T0023
2026-06-23 18:05:34,663 | INFO | Submitting search...
2026-06-23 18:05:36,599 | INFO | Result URL: https://fjdefile.phila.gov/efsfjd/zk_fjd_public_qry_03.zp_dktrpt_search
2026-06-23 18:05:36,663 | INFO | Progress saved to: data\output\cases_results.xlsx
2026-06-23 18:05:36,663 | INFO | Waiting 2s before next case...
2026-06-23 18:05:38,665 | INFO | 
===== 8/1197 =====
2026-06-23 18:05:38,665 | INFO | 
Scraping Case ID: 2510T0024
2026-06-23 18:05:38,666 | INFO | Attempt 1/2
2026-06-23 18:05:38,666 | INFO | Opening main page...
2026-06-23 18:05:41,502 | INFO | Main page URL: https://fjdefile.phila.gov/efsfjd/zk_fjd_public_qry_00.zp_main_idx
2026-06-23 18:05:42,195 | INFO | Search page URL: https://fjdefile.phila.gov/efsfjd/zk_fjd_public_qry_03.zp_dktrpt_setup_idx?uid=z8mWIkxI!IolqsSYDxam&o=DasaCUn8U!rzHdb
2026-06-23 18:05:42,196 | INFO | Filling Case ID: 2510T0024
2026-06-23 18:05:42,313 | INFO | Submitting search...
2026-06-23 18:05:44,382 | INFO | Result URL: https://fjdefile.phila.gov/efsfjd/zk_fjd_public_qry_03.zp_dktrpt_search
2026-06-23 18:05:44,432 | INFO | Progress saved to: data\output\cases_results.xlsx
2026-06-23 18:05:44,433 | INFO | Waiting 2s before next case...
2026-06-23 18:05:46,433 | INFO | 
===== 9/1197 =====
2026-06-23 18:05:46,434 | INFO | 
Scraping Case ID: 2510T0025
2026-06-23 18:05:46,434 | INFO | Attempt 1/2
2026-06-23 18:05:46,434 | INFO | Opening main page...
2026-06-23 18:05:47,775 | INFO | Main page URL: https://fjdefile.phila.gov/efsfjd/zk_fjd_public_qry_00.zp_main_idx
2026-06-23 18:05:48,235 | INFO | Search page URL: https://fjdefile.phila.gov/efsfjd/zk_fjd_public_qry_03.zp_dktrpt_setup_idx?uid=z8mWIkxI!IolqsSYDxam&o=DasaCUn8U!rzHdb
2026-06-23 18:05:48,235 | INFO | Filling Case ID: 2510T0025
2026-06-23 18:05:48,350 | INFO | Submitting search...
2026-06-23 18:05:50,223 | INFO | Result URL: https://fjdefile.phila.gov/efsfjd/zk_fjd_public_qry_03.zp_dktrpt_search
2026-06-23 18:05:50,332 | INFO | Progress saved to: data\output\cases_results.xlsx
2026-06-23 18:05:50,333 | INFO | Waiting 2s before next case...
2026-06-23 18:05:52,335 | INFO | 
===== 10/1197 =====
2026-06-23 18:05:52,335 | INFO | 
Scraping Case ID: 2510T0026
2026-06-23 18:05:52,336 | INFO | Attempt 1/2
2026-06-23 18:05:52,336 | INFO | Opening main page...
2026-06-23 18:05:53,658 | INFO | Main page URL: https://fjdefile.phila.gov/efsfjd/zk_fjd_public_qry_00.zp_main_idx
2026-06-23 18:05:54,125 | INFO | Search page URL: https://fjdefile.phila.gov/efsfjd/zk_fjd_public_qry_03.zp_dktrpt_setup_idx?uid=z8mWIkxI!IolqsSYDxam&o=DasaCUn8U!rzHdb
2026-06-23 18:05:54,125 | INFO | Filling Case ID: 2510T0026
2026-06-23 18:05:54,240 | INFO | Submitting search...
2026-06-23 18:05:56,924 | INFO | Result URL: https://fjdefile.phila.gov/efsfjd/zk_fjd_public_qry_03.zp_dktrpt_search
2026-06-23 18:05:57,019 | INFO | Progress saved to: data\output\cases_results.xlsx
2026-06-23 18:05:57,020 | INFO | Waiting 2s before next case...
2026-06-23 18:05:59,021 | INFO | 
Done. Final Excel saved to: data\output\cases_results.xlsx
2026-06-23 18:05:59,021 | INFO | Batch complete. Closing browser...
2026-06-23 18:06:11,232 | INFO | Columns found: ['Case ID']
2026-06-23 18:06:11,234 | INFO | Loaded 1197 Case IDs from data\input\case_ids.xlsx
2026-06-23 18:06:11,851 | INFO | 
===== 1/1197 =====
2026-06-23 18:06:11,853 | INFO | 
Scraping Case ID: 2510T0017
2026-06-23 18:06:11,853 | INFO | Attempt 1/2
2026-06-23 18:06:11,854 | INFO | Opening main page...
2026-06-23 18:06:15,352 | INFO | Main page URL: https://fjdefile.phila.gov/efsfjd/zk_fjd_public_qry_00.zp_main_idx?uid=w3kZNnnM!IolqsSYDxam&o=D8qaEXgfUxozKg8
2026-06-23 18:06:16,689 | INFO | Search page URL: https://fjdefile.phila.gov/efsfjd/zk_fjd_public_qry_03.zp_dktrpt_setup_idx?uid=w3kZNnnM!IolqsSYDxam&o=A5qdHXdcU!rzHdb
2026-06-23 18:06:16,689 | INFO | Filling Case ID: 2510T0017
2026-06-23 18:06:16,824 | INFO | Submitting search...
2026-06-23 18:06:19,671 | INFO | Result URL: https://fjdefile.phila.gov/efsfjd/zk_fjd_public_qry_03.zp_dktrpt_search
2026-06-23 18:06:19,744 | INFO | Progress saved to: data\output\cases_results.xlsx
2026-06-23 18:06:19,745 | INFO | Waiting 2s before next case...
2026-06-23 18:06:21,745 | INFO | 
===== 2/1197 =====
2026-06-23 18:06:21,746 | INFO | 
Scraping Case ID: 2510T0018
2026-06-23 18:06:21,746 | INFO | Attempt 1/2
2026-06-23 18:06:21,746 | INFO | Opening main page...
2026-06-23 18:06:23,122 | INFO | Main page URL: https://fjdefile.phila.gov/efsfjd/zk_fjd_public_qry_00.zp_main_idx
2026-06-23 18:06:23,488 | INFO | Search page URL: https://fjdefile.phila.gov/efsfjd/zk_fjd_public_qry_03.zp_dktrpt_setup_idx?uid=w3kZNnnM!IolqsSYDxam&o=A5qdHXdcU!rzHdb
2026-06-23 18:06:23,488 | INFO | Filling Case ID: 2510T0018
2026-06-23 18:06:23,624 | INFO | Submitting search...
2026-06-23 18:06:25,491 | INFO | Result URL: https://fjdefile.phila.gov/efsfjd/zk_fjd_public_qry_03.zp_dktrpt_search
2026-06-23 18:06:25,533 | INFO | Progress saved to: data\output\cases_results.xlsx
2026-06-23 18:06:25,533 | INFO | Waiting 2s before next case...
2026-06-23 18:06:27,534 | INFO | 
===== 3/1197 =====
2026-06-23 18:06:27,534 | INFO | 
Scraping Case ID: 2510T0019
2026-06-23 18:06:27,534 | INFO | Attempt 1/2
2026-06-23 18:06:27,534 | INFO | Opening main page...
2026-06-23 18:06:28,871 | INFO | Main page URL: https://fjdefile.phila.gov/efsfjd/zk_fjd_public_qry_00.zp_main_idx
2026-06-23 18:06:29,324 | INFO | Search page URL: https://fjdefile.phila.gov/efsfjd/zk_fjd_public_qry_03.zp_dktrpt_setup_idx?uid=w3kZNnnM!IolqsSYDxam&o=A5qdHXdcU!rzHdb
2026-06-23 18:06:29,324 | INFO | Filling Case ID: 2510T0019
2026-06-23 18:06:29,437 | INFO | Submitting search...
2026-06-23 18:06:31,317 | INFO | Result URL: https://fjdefile.phila.gov/efsfjd/zk_fjd_public_qry_03.zp_dktrpt_search
2026-06-23 18:06:31,352 | INFO | Progress saved to: data\output\cases_results.xlsx
2026-06-23 18:06:31,352 | INFO | Waiting 2s before next case...
2026-06-23 18:06:33,353 | INFO | 
===== 4/1197 =====
2026-06-23 18:06:33,354 | INFO | 
Scraping Case ID: 2510T0020
2026-06-23 18:06:33,354 | INFO | Attempt 1/2
2026-06-23 18:06:33,354 | INFO | Opening main page...
2026-06-23 18:06:34,947 | INFO | Main page URL: https://fjdefile.phila.gov/efsfjd/zk_fjd_public_qry_00.zp_main_idx
2026-06-23 18:06:35,371 | INFO | Search page URL: https://fjdefile.phila.gov/efsfjd/zk_fjd_public_qry_03.zp_dktrpt_setup_idx?uid=w3kZNnnM!IolqsSYDxam&o=A5qdHXdcU!rzHdb
2026-06-23 18:06:35,372 | INFO | Filling Case ID: 2510T0020
2026-06-23 18:06:35,499 | INFO | Submitting search...
2026-06-23 18:06:37,370 | INFO | Result URL: https://fjdefile.phila.gov/efsfjd/zk_fjd_public_qry_03.zp_dktrpt_search
2026-06-23 18:06:37,434 | INFO | Progress saved to: data\output\cases_results.xlsx
2026-06-23 18:06:37,435 | INFO | Waiting 2s before next case...
2026-06-23 18:06:39,436 | INFO | 
===== 5/1197 =====
2026-06-23 18:06:39,436 | INFO | 
Scraping Case ID: 2510T0021
2026-06-23 18:06:39,436 | INFO | Attempt 1/2
2026-06-23 18:06:39,436 | INFO | Opening main page...
2026-06-23 18:06:40,757 | INFO | Main page URL: https://fjdefile.phila.gov/efsfjd/zk_fjd_public_qry_00.zp_main_idx
2026-06-23 18:06:41,210 | INFO | Search page URL: https://fjdefile.phila.gov/efsfjd/zk_fjd_public_qry_03.zp_dktrpt_setup_idx?uid=w3kZNnnM!IolqsSYDxam&o=A5qdHXdcU!rzHdb
2026-06-23 18:06:41,210 | INFO | Filling Case ID: 2510T0021
2026-06-23 18:06:41,335 | INFO | Submitting search...
2026-06-23 18:06:43,189 | INFO | Result URL: https://fjdefile.phila.gov/efsfjd/zk_fjd_public_qry_03.zp_dktrpt_search
2026-06-23 18:06:43,262 | INFO | Progress saved to: data\output\cases_results.xlsx
2026-06-23 18:06:43,262 | INFO | Waiting 2s before next case...
2026-06-23 18:06:45,263 | INFO | 
===== 6/1197 =====
2026-06-23 18:06:45,263 | INFO | 
Scraping Case ID: 2510T0022
2026-06-23 18:06:45,264 | INFO | Attempt 1/2
2026-06-23 18:06:45,264 | INFO | Opening main page...
2026-06-23 18:06:46,588 | INFO | Main page URL: https://fjdefile.phila.gov/efsfjd/zk_fjd_public_qry_00.zp_main_idx
2026-06-23 18:06:46,959 | INFO | Search page URL: https://fjdefile.phila.gov/efsfjd/zk_fjd_public_qry_03.zp_dktrpt_setup_idx?uid=w3kZNnnM!IolqsSYDxam&o=A5qdHXdcU!rzHdb
2026-06-23 18:06:46,960 | INFO | Filling Case ID: 2510T0022
2026-06-23 18:06:47,088 | INFO | Submitting search...
2026-06-23 18:06:48,975 | INFO | Result URL: https://fjdefile.phila.gov/efsfjd/zk_fjd_public_qry_03.zp_dktrpt_search
2026-06-23 18:06:49,064 | INFO | Progress saved to: data\output\cases_results.xlsx
2026-06-23 18:06:49,065 | INFO | Waiting 2s before next case...
2026-06-23 18:06:51,066 | INFO | 
===== 7/1197 =====
2026-06-23 18:06:51,066 | INFO | 
Scraping Case ID: 2510T0023
2026-06-23 18:06:51,066 | INFO | Attempt 1/2
2026-06-23 18:06:51,067 | INFO | Opening main page...
2026-06-23 18:06:52,389 | INFO | Main page URL: https://fjdefile.phila.gov/efsfjd/zk_fjd_public_qry_00.zp_main_idx
2026-06-23 18:06:52,765 | INFO | Search page URL: https://fjdefile.phila.gov/efsfjd/zk_fjd_public_qry_03.zp_dktrpt_setup_idx?uid=w3kZNnnM!IolqsSYDxam&o=A5qdHXdcU!rzHdb
2026-06-23 18:06:52,765 | INFO | Filling Case ID: 2510T0023
2026-06-23 18:06:52,895 | INFO | Submitting search...
2026-06-23 18:06:54,443 | INFO | Result URL: https://fjdefile.phila.gov/efsfjd/zk_fjd_public_qry_03.zp_dktrpt_search
2026-06-23 18:06:54,487 | INFO | Progress saved to: data\output\cases_results.xlsx
2026-06-23 18:06:54,487 | INFO | Waiting 2s before next case...
2026-06-23 18:06:56,488 | INFO | 
===== 8/1197 =====
2026-06-23 18:06:56,488 | INFO | 
Scraping Case ID: 2510T0024
2026-06-23 18:06:56,488 | INFO | Attempt 1/2
2026-06-23 18:06:56,489 | INFO | Opening main page...
2026-06-23 18:06:57,813 | INFO | Main page URL: https://fjdefile.phila.gov/efsfjd/zk_fjd_public_qry_00.zp_main_idx
2026-06-23 18:06:58,242 | INFO | Search page URL: https://fjdefile.phila.gov/efsfjd/zk_fjd_public_qry_03.zp_dktrpt_setup_idx?uid=w3kZNnnM!IolqsSYDxam&o=A5qdHXdcU!rzHdb
2026-06-23 18:06:58,242 | INFO | Filling Case ID: 2510T0024
2026-06-23 18:06:58,365 | INFO | Submitting search...
2026-06-23 18:06:59,930 | INFO | Result URL: https://fjdefile.phila.gov/efsfjd/zk_fjd_public_qry_03.zp_dktrpt_search
2026-06-23 18:06:59,976 | INFO | Progress saved to: data\output\cases_results.xlsx
2026-06-23 18:06:59,976 | INFO | Waiting 2s before next case...
2026-06-23 18:07:01,977 | INFO | 
===== 9/1197 =====
2026-06-23 18:07:01,977 | INFO | 
Scraping Case ID: 2510T0025
2026-06-23 18:07:01,977 | INFO | Attempt 1/2
2026-06-23 18:07:01,978 | INFO | Opening main page...
2026-06-23 18:07:03,323 | INFO | Main page URL: https://fjdefile.phila.gov/efsfjd/zk_fjd_public_qry_00.zp_main_idx
2026-06-23 18:07:03,749 | INFO | Search page URL: https://fjdefile.phila.gov/efsfjd/zk_fjd_public_qry_03.zp_dktrpt_setup_idx?uid=w3kZNnnM!IolqsSYDxam&o=A5qdHXdcU!rzHdb
2026-06-23 18:07:03,749 | INFO | Filling Case ID: 2510T0025
2026-06-23 18:07:03,863 | INFO | Submitting search...
2026-06-23 18:07:06,491 | INFO | Result URL: https://fjdefile.phila.gov/efsfjd/zk_fjd_public_qry_03.zp_dktrpt_search
2026-06-23 18:07:06,553 | INFO | Progress saved to: data\output\cases_results.xlsx
2026-06-23 18:07:06,553 | INFO | Waiting 2s before next case...
2026-06-23 18:07:08,554 | INFO | 
===== 10/1197 =====
2026-06-23 18:07:08,555 | INFO | 
Scraping Case ID: 2510T0026
2026-06-23 18:07:08,555 | INFO | Attempt 1/2
2026-06-23 18:07:08,555 | INFO | Opening main page...
2026-06-23 18:07:09,870 | INFO | Main page URL: https://fjdefile.phila.gov/efsfjd/zk_fjd_public_qry_00.zp_main_idx
2026-06-23 18:07:10,330 | INFO | Search page URL: https://fjdefile.phila.gov/efsfjd/zk_fjd_public_qry_03.zp_dktrpt_setup_idx?uid=w3kZNnnM!IolqsSYDxam&o=A5qdHXdcU!rzHdb
2026-06-23 18:07:10,330 | INFO | Filling Case ID: 2510T0026
2026-06-23 18:07:10,473 | INFO | Submitting search...
2026-06-23 18:07:12,431 | INFO | Result URL: https://fjdefile.phila.gov/efsfjd/zk_fjd_public_qry_03.zp_dktrpt_search
2026-06-23 18:07:12,524 | INFO | Progress saved to: data\output\cases_results.xlsx
2026-06-23 18:07:12,524 | INFO | Waiting 2s before next case...
2026-06-23 18:07:14,525 | INFO | 
Done. Final Excel saved to: data\output\cases_results.xlsx
2026-06-23 18:07:14,525 | INFO | Batch complete. Closing browser...
2026-06-23 18:07:26,640 | INFO | Columns found: ['Case ID']
2026-06-23 18:07:26,642 | INFO | Loaded 1197 Case IDs from data\input\case_ids.xlsx
2026-06-23 18:07:27,177 | INFO | 
===== 1/1197 =====
2026-06-23 18:07:27,178 | INFO | 
Scraping Case ID: 2510T0017
2026-06-23 18:07:27,178 | INFO | Attempt 1/2
2026-06-23 18:07:27,179 | INFO | Opening main page...
2026-06-23 18:07:30,682 | INFO | Main page URL: https://fjdefile.phila.gov/efsfjd/zk_fjd_public_qry_00.zp_main_idx?uid=A8jTIowKyIolqsSYDxam&o=Jdp4_YpdSxozKg8
2026-06-23 18:07:31,133 | INFO | Search page URL: https://fjdefile.phila.gov/efsfjd/zk_fjd_public_qry_03.zp_dktrpt_setup_idx?uid=A8jTIowKyIolqsSYDxam&o=Gap7CYmaS!rzHdb
2026-06-23 18:07:31,133 | INFO | Filling Case ID: 2510T0017
2026-06-23 18:07:31,264 | INFO | Submitting search...
2026-06-23 18:07:34,142 | INFO | Result URL: https://fjdefile.phila.gov/efsfjd/zk_fjd_public_qry_03.zp_dktrpt_search
2026-06-23 18:07:34,221 | INFO | Progress saved to: data\output\cases_results.xlsx
2026-06-23 18:07:34,222 | INFO | Waiting 2s before next case...
2026-06-23 18:07:36,222 | INFO | 
===== 2/1197 =====
2026-06-23 18:07:36,223 | INFO | 
Scraping Case ID: 2510T0018
2026-06-23 18:07:36,223 | INFO | Attempt 1/2
2026-06-23 18:07:36,223 | INFO | Opening main page...
2026-06-23 18:07:37,541 | INFO | Main page URL: https://fjdefile.phila.gov/efsfjd/zk_fjd_public_qry_00.zp_main_idx
2026-06-23 18:07:37,898 | INFO | Search page URL: https://fjdefile.phila.gov/efsfjd/zk_fjd_public_qry_03.zp_dktrpt_setup_idx?uid=A8jTIowKyIolqsSYDxam&o=Gap7CYmaS!rzHdb
2026-06-23 18:07:37,898 | INFO | Filling Case ID: 2510T0018
2026-06-23 18:07:38,019 | INFO | Submitting search...
2026-06-23 18:07:39,449 | INFO | Result URL: https://fjdefile.phila.gov/efsfjd/zk_fjd_public_qry_03.zp_dktrpt_search
2026-06-23 18:07:39,514 | INFO | Progress saved to: data\output\cases_results.xlsx
2026-06-23 18:07:39,514 | INFO | Waiting 2s before next case...
2026-06-23 18:07:41,515 | INFO | 
===== 3/1197 =====
2026-06-23 18:07:41,515 | INFO | 
Scraping Case ID: 2510T0019
2026-06-23 18:07:41,515 | INFO | Attempt 1/2
2026-06-23 18:07:41,516 | INFO | Opening main page...
2026-06-23 18:07:42,851 | INFO | Main page URL: https://fjdefile.phila.gov/efsfjd/zk_fjd_public_qry_00.zp_main_idx
2026-06-23 18:07:43,231 | INFO | Search page URL: https://fjdefile.phila.gov/efsfjd/zk_fjd_public_qry_03.zp_dktrpt_setup_idx?uid=A8jTIowKyIolqsSYDxam&o=Gap7CYmaS!rzHdb
2026-06-23 18:07:43,232 | INFO | Filling Case ID: 2510T0019
2026-06-23 18:07:43,341 | INFO | Submitting search...
2026-06-23 18:07:45,153 | INFO | Result URL: https://fjdefile.phila.gov/efsfjd/zk_fjd_public_qry_03.zp_dktrpt_search
2026-06-23 18:07:45,215 | INFO | Progress saved to: data\output\cases_results.xlsx
2026-06-23 18:07:45,215 | INFO | Waiting 2s before next case...
2026-06-23 18:07:47,216 | INFO | 
===== 4/1197 =====
2026-06-23 18:07:47,216 | INFO | 
Scraping Case ID: 2510T0020
2026-06-23 18:07:47,216 | INFO | Attempt 1/2
2026-06-23 18:07:47,217 | INFO | Opening main page...
2026-06-23 18:07:48,550 | INFO | Main page URL: https://fjdefile.phila.gov/efsfjd/zk_fjd_public_qry_00.zp_main_idx
2026-06-23 18:07:49,004 | INFO | Search page URL: https://fjdefile.phila.gov/efsfjd/zk_fjd_public_qry_03.zp_dktrpt_setup_idx?uid=A8jTIowKyIolqsSYDxam&o=Gap7CYmaS!rzHdb
2026-06-23 18:07:49,004 | INFO | Filling Case ID: 2510T0020
2026-06-23 18:07:49,151 | INFO | Submitting search...
2026-06-23 18:07:51,236 | INFO | Result URL: https://fjdefile.phila.gov/efsfjd/zk_fjd_public_qry_03.zp_dktrpt_search
2026-06-23 18:07:51,287 | INFO | Progress saved to: data\output\cases_results.xlsx
2026-06-23 18:07:51,287 | INFO | Waiting 2s before next case...
2026-06-23 18:07:53,289 | INFO | 
===== 5/1197 =====
2026-06-23 18:07:53,289 | INFO | 
Scraping Case ID: 2510T0021
2026-06-23 18:07:53,290 | INFO | Attempt 1/2
2026-06-23 18:07:53,290 | INFO | Opening main page...
2026-06-23 18:07:54,749 | INFO | Main page URL: https://fjdefile.phila.gov/efsfjd/zk_fjd_public_qry_00.zp_main_idx
2026-06-23 18:07:55,187 | INFO | Search page URL: https://fjdefile.phila.gov/efsfjd/zk_fjd_public_qry_03.zp_dktrpt_setup_idx?uid=A8jTIowKyIolqsSYDxam&o=Gap7CYmaS!rzHdb
2026-06-23 18:07:55,187 | INFO | Filling Case ID: 2510T0021
2026-06-23 18:07:55,328 | INFO | Submitting search...
2026-06-23 18:07:57,372 | INFO | Result URL: https://fjdefile.phila.gov/efsfjd/zk_fjd_public_qry_03.zp_dktrpt_search
2026-06-23 18:07:57,421 | INFO | Progress saved to: data\output\cases_results.xlsx
2026-06-23 18:07:57,421 | INFO | Waiting 2s before next case...
2026-06-23 18:07:59,422 | INFO | 
===== 6/1197 =====
2026-06-23 18:07:59,422 | INFO | 
Scraping Case ID: 2510T0022
2026-06-23 18:07:59,422 | INFO | Attempt 1/2
2026-06-23 18:07:59,423 | INFO | Opening main page...
2026-06-23 18:08:00,763 | INFO | Main page URL: https://fjdefile.phila.gov/efsfjd/zk_fjd_public_qry_00.zp_main_idx
2026-06-23 18:08:01,207 | INFO | Search page URL: https://fjdefile.phila.gov/efsfjd/zk_fjd_public_qry_03.zp_dktrpt_setup_idx?uid=A8jTIowKyIolqsSYDxam&o=Gap7CYmaS!rzHdb
2026-06-23 18:08:01,207 | INFO | Filling Case ID: 2510T0022
2026-06-23 18:08:01,321 | INFO | Submitting search...
2026-06-23 18:08:03,444 | INFO | Result URL: https://fjdefile.phila.gov/efsfjd/zk_fjd_public_qry_03.zp_dktrpt_search
2026-06-23 18:08:03,510 | INFO | Progress saved to: data\output\cases_results.xlsx
2026-06-23 18:08:03,510 | INFO | Waiting 2s before next case...
2026-06-23 18:08:05,511 | INFO | 
===== 7/1197 =====
2026-06-23 18:08:05,512 | INFO | 
Scraping Case ID: 2510T0023
2026-06-23 18:08:05,512 | INFO | Attempt 1/2
2026-06-23 18:08:05,512 | INFO | Opening main page...
2026-06-23 18:08:06,843 | INFO | Main page URL: https://fjdefile.phila.gov/efsfjd/zk_fjd_public_qry_00.zp_main_idx
2026-06-23 18:08:07,198 | INFO | Search page URL: https://fjdefile.phila.gov/efsfjd/zk_fjd_public_qry_03.zp_dktrpt_setup_idx?uid=A8jTIowKyIolqsSYDxam&o=Gap7CYmaS!rzHdb
2026-06-23 18:08:07,198 | INFO | Filling Case ID: 2510T0023
2026-06-23 18:08:07,328 | INFO | Submitting search...
2026-06-23 18:08:09,005 | INFO | Result URL: https://fjdefile.phila.gov/efsfjd/zk_fjd_public_qry_03.zp_dktrpt_search
2026-06-23 18:08:09,054 | INFO | Progress saved to: data\output\cases_results.xlsx
2026-06-23 18:08:09,054 | INFO | Waiting 2s before next case...
2026-06-23 18:08:11,055 | INFO | 
===== 8/1197 =====
2026-06-23 18:08:11,056 | INFO | 
Scraping Case ID: 2510T0024
2026-06-23 18:08:11,056 | INFO | Attempt 1/2
2026-06-23 18:08:11,056 | INFO | Opening main page...
2026-06-23 18:08:12,384 | INFO | Main page URL: https://fjdefile.phila.gov/efsfjd/zk_fjd_public_qry_00.zp_main_idx
2026-06-23 18:08:12,875 | INFO | Search page URL: https://fjdefile.phila.gov/efsfjd/zk_fjd_public_qry_03.zp_dktrpt_setup_idx?uid=A8jTIowKyIolqsSYDxam&o=Gap7CYmaS!rzHdb
2026-06-23 18:08:12,876 | INFO | Filling Case ID: 2510T0024
2026-06-23 18:08:13,004 | INFO | Submitting search...
2026-06-23 18:08:14,629 | INFO | Result URL: https://fjdefile.phila.gov/efsfjd/zk_fjd_public_qry_03.zp_dktrpt_search
2026-06-23 18:08:14,693 | INFO | Progress saved to: data\output\cases_results.xlsx
2026-06-23 18:08:14,695 | INFO | Waiting 2s before next case...
2026-06-23 18:08:16,696 | INFO | 
===== 9/1197 =====
2026-06-23 18:08:16,696 | INFO | 
Scraping Case ID: 2510T0025
2026-06-23 18:08:16,697 | INFO | Attempt 1/2
2026-06-23 18:08:16,697 | INFO | Opening main page...
2026-06-23 18:08:18,030 | INFO | Main page URL: https://fjdefile.phila.gov/efsfjd/zk_fjd_public_qry_00.zp_main_idx
2026-06-23 18:08:19,768 | INFO | Search page URL: https://fjdefile.phila.gov/efsfjd/zk_fjd_public_qry_03.zp_dktrpt_setup_idx?uid=A8jTIowKyIolqsSYDxam&o=Gap7CYmaS!rzHdb
2026-06-23 18:08:19,769 | INFO | Filling Case ID: 2510T0025
2026-06-23 18:08:19,891 | INFO | Submitting search...
2026-06-23 18:08:21,983 | INFO | Result URL: https://fjdefile.phila.gov/efsfjd/zk_fjd_public_qry_03.zp_dktrpt_search
2026-06-23 18:08:22,030 | INFO | Progress saved to: data\output\cases_results.xlsx
2026-06-23 18:08:22,030 | INFO | Waiting 2s before next case...
2026-06-23 18:08:24,031 | INFO | 
===== 10/1197 =====
2026-06-23 18:08:24,031 | INFO | 
Scraping Case ID: 2510T0026
2026-06-23 18:08:24,031 | INFO | Attempt 1/2
2026-06-23 18:08:24,032 | INFO | Opening main page...
2026-06-23 18:08:25,362 | INFO | Main page URL: https://fjdefile.phila.gov/efsfjd/zk_fjd_public_qry_00.zp_main_idx
2026-06-23 18:08:25,725 | INFO | Search page URL: https://fjdefile.phila.gov/efsfjd/zk_fjd_public_qry_03.zp_dktrpt_setup_idx?uid=A8jTIowKyIolqsSYDxam&o=Gap7CYmaS!rzHdb
2026-06-23 18:08:25,725 | INFO | Filling Case ID: 2510T0026
2026-06-23 18:08:25,852 | INFO | Submitting search...
2026-06-23 18:08:27,649 | INFO | Result URL: https://fjdefile.phila.gov/efsfjd/zk_fjd_public_qry_03.zp_dktrpt_search
2026-06-23 18:08:27,733 | INFO | Progress saved to: data\output\cases_results.xlsx
2026-06-23 18:08:27,733 | INFO | Waiting 2s before next case...
2026-06-23 18:08:29,734 | INFO | 
Done. Final Excel saved to: data\output\cases_results.xlsx
2026-06-23 18:08:29,735 | INFO | Batch complete. Closing browser...
2026-06-23 18:08:41,904 | INFO | Columns found: ['Case ID']
2026-06-23 18:08:41,906 | INFO | Loaded 1197 Case IDs from data\input\case_ids.xlsx
2026-06-23 18:08:42,449 | INFO | 
===== 1/1197 =====
2026-06-23 18:08:42,450 | INFO | 
Scraping Case ID: 2510T0017
2026-06-23 18:08:42,451 | INFO | Attempt 1/2
2026-06-23 18:08:42,451 | INFO | Opening main page...
2026-06-23 18:08:46,011 | INFO | Main page URL: https://fjdefile.phila.gov/efsfjd/zk_fjd_public_qry_00.zp_main_idx?uid=BblSFmzLxIolqsSYDxam&o=Kgr3yWseRxozKg8
2026-06-23 18:08:47,224 | INFO | Search page URL: https://fjdefile.phila.gov/efsfjd/zk_fjd_public_qry_03.zp_dktrpt_setup_idx?uid=BblSFmzLxIolqsSYDxam&o=Hdr6_WpbR!rzHdb
2026-06-23 18:08:47,224 | INFO | Filling Case ID: 2510T0017
2026-06-23 18:08:47,353 | INFO | Submitting search...
2026-06-23 18:08:49,489 | INFO | Result URL: https://fjdefile.phila.gov/efsfjd/zk_fjd_public_qry_03.zp_dktrpt_search
2026-06-23 18:08:49,559 | INFO | Progress saved to: data\output\cases_results.xlsx
2026-06-23 18:08:49,560 | INFO | Waiting 2s before next case...
2026-06-23 18:08:51,562 | INFO | 
===== 2/1197 =====
2026-06-23 18:08:51,562 | INFO | 
Scraping Case ID: 2510T0018
2026-06-23 18:08:51,562 | INFO | Attempt 1/2
2026-06-23 18:08:51,562 | INFO | Opening main page...
2026-06-23 18:08:52,891 | INFO | Main page URL: https://fjdefile.phila.gov/efsfjd/zk_fjd_public_qry_00.zp_main_idx
2026-06-23 18:08:53,248 | INFO | Search page URL: https://fjdefile.phila.gov/efsfjd/zk_fjd_public_qry_03.zp_dktrpt_setup_idx?uid=BblSFmzLxIolqsSYDxam&o=Hdr6_WpbR!rzHdb
2026-06-23 18:08:53,249 | INFO | Filling Case ID: 2510T0018
2026-06-23 18:08:53,368 | INFO | Submitting search...
2026-06-23 18:08:54,657 | INFO | Result URL: https://fjdefile.phila.gov/efsfjd/zk_fjd_public_qry_03.zp_dktrpt_search
2026-06-23 18:08:54,694 | INFO | Progress saved to: data\output\cases_results.xlsx
2026-06-23 18:08:54,694 | INFO | Waiting 2s before next case...
2026-06-23 18:08:56,697 | INFO | 
===== 3/1197 =====
2026-06-23 18:08:56,698 | INFO | 
Scraping Case ID: 2510T0019
2026-06-23 18:08:56,698 | INFO | Attempt 1/2
2026-06-23 18:08:56,699 | INFO | Opening main page...
2026-06-23 18:08:58,028 | INFO | Main page URL: https://fjdefile.phila.gov/efsfjd/zk_fjd_public_qry_00.zp_main_idx
2026-06-23 18:08:58,391 | INFO | Search page URL: https://fjdefile.phila.gov/efsfjd/zk_fjd_public_qry_03.zp_dktrpt_setup_idx?uid=BblSFmzLxIolqsSYDxam&o=Hdr6_WpbR!rzHdb
2026-06-23 18:08:58,393 | INFO | Filling Case ID: 2510T0019
2026-06-23 18:08:58,520 | INFO | Submitting search...
2026-06-23 18:08:59,779 | INFO | Result URL: https://fjdefile.phila.gov/efsfjd/zk_fjd_public_qry_03.zp_dktrpt_search
2026-06-23 18:08:59,830 | INFO | Progress saved to: data\output\cases_results.xlsx
2026-06-23 18:08:59,831 | INFO | Waiting 2s before next case...
2026-06-23 18:09:01,832 | INFO | 
===== 4/1197 =====
2026-06-23 18:09:01,832 | INFO | 
Scraping Case ID: 2510T0020
2026-06-23 18:09:01,832 | INFO | Attempt 1/2
2026-06-23 18:09:01,832 | INFO | Opening main page...
2026-06-23 18:09:03,164 | INFO | Main page URL: https://fjdefile.phila.gov/efsfjd/zk_fjd_public_qry_00.zp_main_idx
2026-06-23 18:09:03,608 | INFO | Search page URL: https://fjdefile.phila.gov/efsfjd/zk_fjd_public_qry_03.zp_dktrpt_setup_idx?uid=BblSFmzLxIolqsSYDxam&o=Hdr6_WpbR!rzHdb
2026-06-23 18:09:03,609 | INFO | Filling Case ID: 2510T0020
2026-06-23 18:09:03,760 | INFO | Submitting search...
2026-06-23 18:09:05,583 | INFO | Result URL: https://fjdefile.phila.gov/efsfjd/zk_fjd_public_qry_03.zp_dktrpt_search
2026-06-23 18:09:05,665 | INFO | Progress saved to: data\output\cases_results.xlsx
2026-06-23 18:09:05,666 | INFO | Waiting 2s before next case...
2026-06-23 18:09:07,667 | INFO | 
===== 5/1197 =====
2026-06-23 18:09:07,667 | INFO | 
Scraping Case ID: 2510T0021
2026-06-23 18:09:07,667 | INFO | Attempt 1/2
2026-06-23 18:09:07,667 | INFO | Opening main page...
2026-06-23 18:09:08,981 | INFO | Main page URL: https://fjdefile.phila.gov/efsfjd/zk_fjd_public_qry_00.zp_main_idx
2026-06-23 18:09:09,426 | INFO | Search page URL: https://fjdefile.phila.gov/efsfjd/zk_fjd_public_qry_03.zp_dktrpt_setup_idx?uid=BblSFmzLxIolqsSYDxam&o=Hdr6_WpbR!rzHdb
2026-06-23 18:09:09,426 | INFO | Filling Case ID: 2510T0021
2026-06-23 18:09:09,552 | INFO | Submitting search...
2026-06-23 18:09:11,399 | INFO | Result URL: https://fjdefile.phila.gov/efsfjd/zk_fjd_public_qry_03.zp_dktrpt_search
2026-06-23 18:09:11,486 | INFO | Progress saved to: data\output\cases_results.xlsx
2026-06-23 18:09:11,486 | INFO | Waiting 2s before next case...
2026-06-23 18:09:13,488 | INFO | 
===== 6/1197 =====
2026-06-23 18:09:13,488 | INFO | 
Scraping Case ID: 2510T0022
2026-06-23 18:09:13,488 | INFO | Attempt 1/2
2026-06-23 18:09:13,488 | INFO | Opening main page...
2026-06-23 18:09:14,801 | INFO | Main page URL: https://fjdefile.phila.gov/efsfjd/zk_fjd_public_qry_00.zp_main_idx
2026-06-23 18:09:15,189 | INFO | Search page URL: https://fjdefile.phila.gov/efsfjd/zk_fjd_public_qry_03.zp_dktrpt_setup_idx?uid=BblSFmzLxIolqsSYDxam&o=Hdr6_WpbR!rzHdb
2026-06-23 18:09:15,189 | INFO | Filling Case ID: 2510T0022
2026-06-23 18:09:15,319 | INFO | Submitting search...
2026-06-23 18:09:17,351 | INFO | Result URL: https://fjdefile.phila.gov/efsfjd/zk_fjd_public_qry_03.zp_dktrpt_search
2026-06-23 18:09:17,407 | INFO | Progress saved to: data\output\cases_results.xlsx
2026-06-23 18:09:17,407 | INFO | Waiting 2s before next case...
2026-06-23 18:09:19,408 | INFO | 
===== 7/1197 =====
2026-06-23 18:09:19,409 | INFO | 
Scraping Case ID: 2510T0023
2026-06-23 18:09:19,409 | INFO | Attempt 1/2
2026-06-23 18:09:19,409 | INFO | Opening main page...
2026-06-23 18:09:20,904 | INFO | Main page URL: https://fjdefile.phila.gov/efsfjd/zk_fjd_public_qry_00.zp_main_idx
2026-06-23 18:09:21,423 | INFO | Search page URL: https://fjdefile.phila.gov/efsfjd/zk_fjd_public_qry_03.zp_dktrpt_setup_idx?uid=BblSFmzLxIolqsSYDxam&o=Hdr6_WpbR!rzHdb
2026-06-23 18:09:21,424 | INFO | Filling Case ID: 2510T0023
2026-06-23 18:09:21,540 | INFO | Submitting search...
2026-06-23 18:09:23,371 | INFO | Result URL: https://fjdefile.phila.gov/efsfjd/zk_fjd_public_qry_03.zp_dktrpt_search
2026-06-23 18:09:23,426 | INFO | Progress saved to: data\output\cases_results.xlsx
2026-06-23 18:09:23,427 | INFO | Waiting 2s before next case...
2026-06-23 18:09:25,428 | INFO | 
===== 8/1197 =====
2026-06-23 18:09:25,428 | INFO | 
Scraping Case ID: 2510T0024
2026-06-23 18:09:25,429 | INFO | Attempt 1/2
2026-06-23 18:09:25,429 | INFO | Opening main page...
2026-06-23 18:09:27,050 | INFO | Main page URL: https://fjdefile.phila.gov/efsfjd/zk_fjd_public_qry_00.zp_main_idx
2026-06-23 18:09:27,503 | INFO | Search page URL: https://fjdefile.phila.gov/efsfjd/zk_fjd_public_qry_03.zp_dktrpt_setup_idx?uid=BblSFmzLxIolqsSYDxam&o=Hdr6_WpbR!rzHdb
2026-06-23 18:09:27,503 | INFO | Filling Case ID: 2510T0024
2026-06-23 18:09:27,616 | INFO | Submitting search...
2026-06-23 18:09:29,214 | INFO | Result URL: https://fjdefile.phila.gov/efsfjd/zk_fjd_public_qry_03.zp_dktrpt_search
2026-06-23 18:09:29,257 | INFO | Progress saved to: data\output\cases_results.xlsx
2026-06-23 18:09:29,257 | INFO | Waiting 2s before next case...
2026-06-23 18:09:31,258 | INFO | 
===== 9/1197 =====
2026-06-23 18:09:31,259 | INFO | 
Scraping Case ID: 2510T0025
2026-06-23 18:09:31,259 | INFO | Attempt 1/2
2026-06-23 18:09:31,259 | INFO | Opening main page...
2026-06-23 18:09:32,579 | INFO | Main page URL: https://fjdefile.phila.gov/efsfjd/zk_fjd_public_qry_00.zp_main_idx
2026-06-23 18:09:32,940 | INFO | Search page URL: https://fjdefile.phila.gov/efsfjd/zk_fjd_public_qry_03.zp_dktrpt_setup_idx?uid=BblSFmzLxIolqsSYDxam&o=Hdr6_WpbR!rzHdb
2026-06-23 18:09:32,940 | INFO | Filling Case ID: 2510T0025
2026-06-23 18:09:33,062 | INFO | Submitting search...
2026-06-23 18:09:35,140 | INFO | Result URL: https://fjdefile.phila.gov/efsfjd/zk_fjd_public_qry_03.zp_dktrpt_search
2026-06-23 18:09:35,217 | INFO | Progress saved to: data\output\cases_results.xlsx
2026-06-23 18:09:35,218 | INFO | Waiting 2s before next case...
2026-06-23 18:09:37,218 | INFO | 
===== 10/1197 =====
2026-06-23 18:09:37,219 | INFO | 
Scraping Case ID: 2510T0026
2026-06-23 18:09:37,219 | INFO | Attempt 1/2
2026-06-23 18:09:37,220 | INFO | Opening main page...
2026-06-23 18:09:38,530 | INFO | Main page URL: https://fjdefile.phila.gov/efsfjd/zk_fjd_public_qry_00.zp_main_idx
2026-06-23 18:09:38,974 | INFO | Search page URL: https://fjdefile.phila.gov/efsfjd/zk_fjd_public_qry_03.zp_dktrpt_setup_idx?uid=BblSFmzLxIolqsSYDxam&o=Hdr6_WpbR!rzHdb
2026-06-23 18:09:38,974 | INFO | Filling Case ID: 2510T0026
2026-06-23 18:09:39,109 | INFO | Submitting search...
2026-06-23 18:09:41,278 | INFO | Result URL: https://fjdefile.phila.gov/efsfjd/zk_fjd_public_qry_03.zp_dktrpt_search
2026-06-23 18:09:41,343 | INFO | Progress saved to: data\output\cases_results.xlsx
2026-06-23 18:09:41,343 | INFO | Waiting 2s before next case...
2026-06-23 18:09:43,344 | INFO | 
Done. Final Excel saved to: data\output\cases_results.xlsx
2026-06-23 18:09:43,344 | INFO | Batch complete. Closing browser...
2026-06-23 18:09:55,322 | INFO | Columns found: ['Case ID']
2026-06-23 18:09:55,324 | INFO | Loaded 1197 Case IDs from data\input\case_ids.xlsx
2026-06-23 18:09:55,915 | INFO | 
===== 1/1197 =====
2026-06-23 18:09:55,924 | INFO | 
Scraping Case ID: 2510T0017
2026-06-23 18:09:55,925 | INFO | Attempt 1/2
2026-06-23 18:09:55,926 | INFO | Opening main page...
2026-06-23 18:09:59,934 | INFO | Main page URL: https://fjdefile.phila.gov/efsfjd/zk_fjd_public_qry_00.zp_main_idx?uid=xeuYCduVvIolqsSYDxam&o=Ej!9vNnoPxozKg8
2026-06-23 18:10:00,335 | INFO | Search page URL: https://fjdefile.phila.gov/efsfjd/zk_fjd_public_qry_03.zp_dktrpt_setup_idx?uid=xeuYCduVvIolqsSYDxam&o=Bg!cyNklP!rzHdb
2026-06-23 18:10:00,336 | INFO | Filling Case ID: 2510T0017
2026-06-23 18:10:00,353 | INFO | Batch complete. Closing browser...
2026-06-23 18:10:00,819 | ERROR | Task was destroyed but it is pending!
task: <Task pending name='Task-12' coro=<Browser.close() done, defined at C:\Users\thinkpad\Desktop\steven-automation-scripts\venv\Lib\site-packages\playwright\_impl\_browser.py:235> wait_for=<Future pending cb=[Task.task_wakeup()]> cb=[SyncBase._sync.<locals>.<lambda>() at C:\Users\thinkpad\Desktop\steven-automation-scripts\venv\Lib\site-packages\playwright\_impl\_sync_base.py:111, ProtocolCallback.__init__.<locals>.cb() at C:\Users\thinkpad\Desktop\steven-automation-scripts\venv\Lib\site-packages\playwright\_impl\_connection.py:230]>
2026-06-23 18:10:00,820 | ERROR | Task was destroyed but it is pending!
task: <Task pending name='Task-11' coro=<Page.fill() running at C:\Users\thinkpad\Desktop\steven-automation-scripts\venv\Lib\site-packages\playwright\_impl\_page.py:917> wait_for=<Future pending cb=[Task.task_wakeup()]> cb=[SyncBase._sync.<locals>.<lambda>() at C:\Users\thinkpad\Desktop\steven-automation-scripts\venv\Lib\site-packages\playwright\_impl\_sync_base.py:111, ProtocolCallback.__init__.<locals>.cb() at C:\Users\thinkpad\Desktop\steven-automation-scripts\venv\Lib\site-packages\playwright\_impl\_connection.py:230]>
2026-06-23 18:18:27,313 | INFO | Columns found: ['Case ID']
2026-06-23 18:18:27,319 | INFO | Loaded 1197 Case IDs from data\input\case_ids.xlsx
2026-06-23 18:18:27,319 | INFO | Starting from index: 0
2026-06-23 18:18:27,319 | INFO | Processing this batch: 10 cases
2026-06-23 18:18:27,394 | INFO | Loaded existing output rows: 10
2026-06-23 18:18:28,842 | INFO | 
===== Batch item 1/10 =====
2026-06-23 18:18:28,845 | INFO | Real index: 1/1197
2026-06-23 18:18:28,847 | INFO | 
Scraping Case ID: 2510T0017
2026-06-23 18:18:28,852 | INFO | Attempt 1/2
2026-06-23 18:18:28,859 | INFO | Opening main page...
2026-06-23 18:18:32,515 | INFO | Main page URL: https://fjdefile.phila.gov/efsfjd/zk_fjd_public_qry_00.zp_main_idx?uid=t8s2IhmP_IolqsSYDxam&o=Adyd_RfiVxozKg8
2026-06-23 18:18:33,018 | INFO | Search page URL: https://fjdefile.phila.gov/efsfjd/zk_fjd_public_qry_03.zp_dktrpt_setup_idx?uid=t8s2IhmP_IolqsSYDxam&o=zaygCRcfV!rzHdb
2026-06-23 18:18:33,018 | INFO | Filling Case ID: 2510T0017
2026-06-23 18:18:33,145 | INFO | Submitting search...
2026-06-23 18:18:34,951 | INFO | Batch complete. Closing browser...
2026-06-23 18:18:35,675 | ERROR | Future exception was never retrieved
future: <Future finished exception=TargetClosedError('Target page, context or browser has been closed')>
playwright._impl._errors.TargetClosedError: Target page, context or browser has been closed
2026-06-23 18:18:35,676 | ERROR | Future exception was never retrieved
future: <Future finished exception=TargetClosedError('Target page, context or browser has been closed')>
playwright._impl._errors.TargetClosedError: Target page, context or browser has been closed
2026-06-23 18:20:03,594 | INFO | Columns found: ['Case ID']
2026-06-23 18:20:03,596 | INFO | Loaded 1213 Case IDs from data\input\case_ids.xlsx
2026-06-23 18:20:03,596 | INFO | Starting from index: 0
2026-06-23 18:20:03,596 | INFO | Processing this batch: 10 cases
2026-06-23 18:20:04,761 | INFO | 
===== Batch item 1/10 =====
2026-06-23 18:20:04,762 | INFO | Real index: 1/1213
2026-06-23 18:20:04,763 | INFO | 
Scraping Case ID: 2510T0001
2026-06-23 18:20:04,763 | INFO | Attempt 1/2
2026-06-23 18:20:04,764 | INFO | Opening main page...
2026-06-23 18:20:08,307 | INFO | Main page URL: https://fjdefile.phila.gov/efsfjd/zk_fjd_public_qry_00.zp_main_idx?uid=AhsT_hzQwIolqsSYDxam&o=Jmy4sRsjQxozKg8
2026-06-23 18:20:08,785 | INFO | Search page URL: https://fjdefile.phila.gov/efsfjd/zk_fjd_public_qry_03.zp_dktrpt_setup_idx?uid=AhsT_hzQwIolqsSYDxam&o=Gjy7vRpgQ!rzHdb
2026-06-23 18:20:08,785 | INFO | Filling Case ID: 2510T0001
2026-06-23 18:20:08,961 | INFO | Submitting search...
2026-06-23 18:20:11,944 | INFO | Result URL: https://fjdefile.phila.gov/efsfjd/zk_fjd_public_qry_03.zp_dktrpt_search
2026-06-23 18:20:12,017 | INFO | Progress saved to: data\output\cases_results.xlsx
2026-06-23 18:20:12,018 | INFO | Progress index saved: 1
2026-06-23 18:20:12,018 | INFO | Waiting 2s before next case...
2026-06-23 18:20:14,019 | INFO | 
===== Batch item 2/10 =====
2026-06-23 18:20:14,019 | INFO | Real index: 2/1213
2026-06-23 18:20:14,020 | INFO | 
Scraping Case ID: 2510T0002
2026-06-23 18:20:14,020 | INFO | Attempt 1/2
2026-06-23 18:20:14,020 | INFO | Opening main page...
2026-06-23 18:20:15,356 | INFO | Main page URL: https://fjdefile.phila.gov/efsfjd/zk_fjd_public_qry_00.zp_main_idx
2026-06-23 18:20:15,720 | INFO | Search page URL: https://fjdefile.phila.gov/efsfjd/zk_fjd_public_qry_03.zp_dktrpt_setup_idx?uid=AhsT_hzQwIolqsSYDxam&o=Gjy7vRpgQ!rzHdb
2026-06-23 18:20:15,720 | INFO | Filling Case ID: 2510T0002
2026-06-23 18:20:15,840 | INFO | Submitting search...
2026-06-23 18:20:17,215 | INFO | Result URL: https://fjdefile.phila.gov/efsfjd/zk_fjd_public_qry_03.zp_dktrpt_search
2026-06-23 18:20:17,348 | INFO | Progress saved to: data\output\cases_results.xlsx
2026-06-23 18:20:17,349 | INFO | Progress index saved: 2
2026-06-23 18:20:17,349 | INFO | Waiting 2s before next case...
2026-06-23 18:20:19,351 | INFO | 
===== Batch item 3/10 =====
2026-06-23 18:20:19,351 | INFO | Real index: 3/1213
2026-06-23 18:20:19,351 | INFO | 
Scraping Case ID: 2510T0003
2026-06-23 18:20:19,351 | INFO | Attempt 1/2
2026-06-23 18:20:19,351 | INFO | Opening main page...
2026-06-23 18:20:20,687 | INFO | Main page URL: https://fjdefile.phila.gov/efsfjd/zk_fjd_public_qry_00.zp_main_idx
2026-06-23 18:20:21,050 | INFO | Search page URL: https://fjdefile.phila.gov/efsfjd/zk_fjd_public_qry_03.zp_dktrpt_setup_idx?uid=AhsT_hzQwIolqsSYDxam&o=Gjy7vRpgQ!rzHdb
2026-06-23 18:20:21,051 | INFO | Filling Case ID: 2510T0003
2026-06-23 18:20:21,188 | INFO | Submitting search...
2026-06-23 18:20:23,243 | INFO | Result URL: https://fjdefile.phila.gov/efsfjd/zk_fjd_public_qry_03.zp_dktrpt_search
2026-06-23 18:20:23,301 | INFO | Progress saved to: data\output\cases_results.xlsx
2026-06-23 18:20:23,302 | INFO | Progress index saved: 3
2026-06-23 18:20:23,302 | INFO | Waiting 2s before next case...
2026-06-23 18:20:25,303 | INFO | 
===== Batch item 4/10 =====
2026-06-23 18:20:25,303 | INFO | Real index: 4/1213
2026-06-23 18:20:25,304 | INFO | 
Scraping Case ID: 2510T0004
2026-06-23 18:20:25,304 | INFO | Attempt 1/2
2026-06-23 18:20:25,304 | INFO | Opening main page...
2026-06-23 18:20:26,732 | INFO | Main page URL: https://fjdefile.phila.gov/efsfjd/zk_fjd_public_qry_00.zp_main_idx
2026-06-23 18:20:27,202 | INFO | Search page URL: https://fjdefile.phila.gov/efsfjd/zk_fjd_public_qry_03.zp_dktrpt_setup_idx?uid=AhsT_hzQwIolqsSYDxam&o=Gjy7vRpgQ!rzHdb
2026-06-23 18:20:27,203 | INFO | Filling Case ID: 2510T0004
2026-06-23 18:20:27,339 | INFO | Submitting search...
2026-06-23 18:20:29,564 | INFO | Result URL: https://fjdefile.phila.gov/efsfjd/zk_fjd_public_qry_03.zp_dktrpt_search
2026-06-23 18:20:29,697 | INFO | Progress saved to: data\output\cases_results.xlsx
2026-06-23 18:20:29,700 | INFO | Progress index saved: 4
2026-06-23 18:20:29,700 | INFO | Waiting 2s before next case...
2026-06-23 18:20:31,701 | INFO | 
===== Batch item 5/10 =====
2026-06-23 18:20:31,701 | INFO | Real index: 5/1213
2026-06-23 18:20:31,702 | INFO | 
Scraping Case ID: 2510T0005
2026-06-23 18:20:31,702 | INFO | Attempt 1/2
2026-06-23 18:20:31,702 | INFO | Opening main page...
2026-06-23 18:20:33,003 | INFO | Main page URL: https://fjdefile.phila.gov/efsfjd/zk_fjd_public_qry_00.zp_main_idx
2026-06-23 18:20:33,515 | INFO | Search page URL: https://fjdefile.phila.gov/efsfjd/zk_fjd_public_qry_03.zp_dktrpt_setup_idx?uid=AhsT_hzQwIolqsSYDxam&o=Gjy7vRpgQ!rzHdb
2026-06-23 18:20:33,516 | INFO | Filling Case ID: 2510T0005
2026-06-23 18:20:33,658 | INFO | Submitting search...
2026-06-23 18:20:35,815 | INFO | Result URL: https://fjdefile.phila.gov/efsfjd/zk_fjd_public_qry_03.zp_dktrpt_search
2026-06-23 18:20:35,881 | INFO | Progress saved to: data\output\cases_results.xlsx
2026-06-23 18:20:35,882 | INFO | Progress index saved: 5
2026-06-23 18:20:35,882 | INFO | Waiting 2s before next case...
2026-06-23 18:20:37,883 | INFO | 
===== Batch item 6/10 =====
2026-06-23 18:20:37,883 | INFO | Real index: 6/1213
2026-06-23 18:20:37,883 | INFO | 
Scraping Case ID: 2510T0006
2026-06-23 18:20:37,883 | INFO | Attempt 1/2
2026-06-23 18:20:37,883 | INFO | Opening main page...
2026-06-23 18:20:39,207 | INFO | Main page URL: https://fjdefile.phila.gov/efsfjd/zk_fjd_public_qry_00.zp_main_idx
2026-06-23 18:20:39,590 | INFO | Search page URL: https://fjdefile.phila.gov/efsfjd/zk_fjd_public_qry_03.zp_dktrpt_setup_idx?uid=AhsT_hzQwIolqsSYDxam&o=Gjy7vRpgQ!rzHdb
2026-06-23 18:20:39,590 | INFO | Filling Case ID: 2510T0006
2026-06-23 18:20:39,708 | INFO | Submitting search...
2026-06-23 18:20:41,535 | INFO | Result URL: https://fjdefile.phila.gov/efsfjd/zk_fjd_public_qry_03.zp_dktrpt_search
2026-06-23 18:20:41,597 | INFO | Progress saved to: data\output\cases_results.xlsx
2026-06-23 18:20:41,599 | INFO | Progress index saved: 6
2026-06-23 18:20:41,599 | INFO | Waiting 2s before next case...
2026-06-23 18:20:43,600 | INFO | 
===== Batch item 7/10 =====
2026-06-23 18:20:43,601 | INFO | Real index: 7/1213
2026-06-23 18:20:43,601 | INFO | 
Scraping Case ID: 2510T0007
2026-06-23 18:20:43,601 | INFO | Attempt 1/2
2026-06-23 18:20:43,602 | INFO | Opening main page...
2026-06-23 18:20:44,930 | INFO | Main page URL: https://fjdefile.phila.gov/efsfjd/zk_fjd_public_qry_00.zp_main_idx
2026-06-23 18:20:45,295 | INFO | Search page URL: https://fjdefile.phila.gov/efsfjd/zk_fjd_public_qry_03.zp_dktrpt_setup_idx?uid=AhsT_hzQwIolqsSYDxam&o=Gjy7vRpgQ!rzHdb
2026-06-23 18:20:45,295 | INFO | Filling Case ID: 2510T0007
2026-06-23 18:20:45,417 | INFO | Submitting search...
2026-06-23 18:20:46,753 | INFO | Result URL: https://fjdefile.phila.gov/efsfjd/zk_fjd_public_qry_03.zp_dktrpt_search
2026-06-23 18:20:46,808 | INFO | Progress saved to: data\output\cases_results.xlsx
2026-06-23 18:20:46,809 | INFO | Progress index saved: 7
2026-06-23 18:20:46,809 | INFO | Waiting 2s before next case...
2026-06-23 18:20:48,810 | INFO | 
===== Batch item 8/10 =====
2026-06-23 18:20:48,810 | INFO | Real index: 8/1213
2026-06-23 18:20:48,810 | INFO | 
Scraping Case ID: 2510T0008
2026-06-23 18:20:48,811 | INFO | Attempt 1/2
2026-06-23 18:20:48,811 | INFO | Opening main page...
2026-06-23 18:20:50,126 | INFO | Main page URL: https://fjdefile.phila.gov/efsfjd/zk_fjd_public_qry_00.zp_main_idx
2026-06-23 18:20:50,567 | INFO | Search page URL: https://fjdefile.phila.gov/efsfjd/zk_fjd_public_qry_03.zp_dktrpt_setup_idx?uid=AhsT_hzQwIolqsSYDxam&o=Gjy7vRpgQ!rzHdb
2026-06-23 18:20:50,567 | INFO | Filling Case ID: 2510T0008
2026-06-23 18:20:50,691 | INFO | Submitting search...
2026-06-23 18:20:52,513 | INFO | Result URL: https://fjdefile.phila.gov/efsfjd/zk_fjd_public_qry_03.zp_dktrpt_search
2026-06-23 18:20:52,585 | INFO | Progress saved to: data\output\cases_results.xlsx
2026-06-23 18:20:52,586 | INFO | Progress index saved: 8
2026-06-23 18:20:52,587 | INFO | Waiting 2s before next case...
2026-06-23 18:20:54,587 | INFO | 
===== Batch item 9/10 =====
2026-06-23 18:20:54,587 | INFO | Real index: 9/1213
2026-06-23 18:20:54,588 | INFO | 
Scraping Case ID: 2510T0009
2026-06-23 18:20:54,588 | INFO | Attempt 1/2
2026-06-23 18:20:54,588 | INFO | Opening main page...
2026-06-23 18:20:55,952 | INFO | Main page URL: https://fjdefile.phila.gov/efsfjd/zk_fjd_public_qry_00.zp_main_idx
2026-06-23 18:20:56,328 | INFO | Search page URL: https://fjdefile.phila.gov/efsfjd/zk_fjd_public_qry_03.zp_dktrpt_setup_idx?uid=AhsT_hzQwIolqsSYDxam&o=Gjy7vRpgQ!rzHdb
2026-06-23 18:20:56,328 | INFO | Filling Case ID: 2510T0009
2026-06-23 18:20:56,449 | INFO | Submitting search...
2026-06-23 18:20:58,508 | INFO | Result URL: https://fjdefile.phila.gov/efsfjd/zk_fjd_public_qry_03.zp_dktrpt_search
2026-06-23 18:20:58,581 | INFO | Progress saved to: data\output\cases_results.xlsx
2026-06-23 18:20:58,584 | INFO | Progress index saved: 9
2026-06-23 18:20:58,585 | INFO | Waiting 2s before next case...
2026-06-23 18:21:00,585 | INFO | 
===== Batch item 10/10 =====
2026-06-23 18:21:00,586 | INFO | Real index: 10/1213
2026-06-23 18:21:00,586 | INFO | 
Scraping Case ID: 2510T0010
2026-06-23 18:21:00,586 | INFO | Attempt 1/2
2026-06-23 18:21:00,586 | INFO | Opening main page...
2026-06-23 18:21:01,912 | INFO | Main page URL: https://fjdefile.phila.gov/efsfjd/zk_fjd_public_qry_00.zp_main_idx
2026-06-23 18:21:02,338 | INFO | Search page URL: https://fjdefile.phila.gov/efsfjd/zk_fjd_public_qry_03.zp_dktrpt_setup_idx?uid=AhsT_hzQwIolqsSYDxam&o=Gjy7vRpgQ!rzHdb
2026-06-23 18:21:02,339 | INFO | Filling Case ID: 2510T0010
2026-06-23 18:21:02,467 | INFO | Submitting search...
2026-06-23 18:21:04,019 | INFO | Result URL: https://fjdefile.phila.gov/efsfjd/zk_fjd_public_qry_03.zp_dktrpt_search
2026-06-23 18:21:04,068 | INFO | Progress saved to: data\output\cases_results.xlsx
2026-06-23 18:21:04,070 | INFO | Progress index saved: 10
2026-06-23 18:21:04,071 | INFO | Waiting 2s before next case...
2026-06-23 18:21:06,072 | INFO | 
Batch done. Output saved to: data\output\cases_results.xlsx
2026-06-23 18:21:06,072 | INFO | Batch complete. Closing browser...
2026-06-23 18:21:18,129 | INFO | Columns found: ['Case ID']
2026-06-23 18:21:18,132 | INFO | Loaded 1213 Case IDs from data\input\case_ids.xlsx
2026-06-23 18:21:18,132 | INFO | Starting from index: 10
2026-06-23 18:21:18,132 | INFO | Processing this batch: 10 cases
2026-06-23 18:21:18,174 | INFO | Loaded existing output rows: 10
2026-06-23 18:21:19,288 | INFO | 
===== Batch item 1/10 =====
2026-06-23 18:21:19,289 | INFO | Real index: 11/1213
2026-06-23 18:21:19,290 | INFO | 
Scraping Case ID: 2510T0011
2026-06-23 18:21:19,290 | INFO | Attempt 1/2
2026-06-23 18:21:19,290 | INFO | Opening main page...
2026-06-23 18:21:22,750 | INFO | Main page URL: https://fjdefile.phila.gov/efsfjd/zk_fjd_public_qry_00.zp_main_idx?uid=v2k0OqjICIolqsSYDxam&o=C7qbF0cbYxozKg8
2026-06-23 18:21:23,309 | INFO | Search page URL: https://fjdefile.phila.gov/efsfjd/zk_fjd_public_qry_03.zp_dktrpt_setup_idx?uid=v2k0OqjICIolqsSYDxam&o=_4qeI098Y!rzHdb
2026-06-23 18:21:23,309 | INFO | Filling Case ID: 2510T0011
2026-06-23 18:21:23,435 | INFO | Submitting search...
2026-06-23 18:21:26,894 | INFO | Result URL: https://fjdefile.phila.gov/efsfjd/zk_fjd_public_qry_03.zp_dktrpt_search
2026-06-23 18:21:26,994 | INFO | Progress saved to: data\output\cases_results.xlsx
2026-06-23 18:21:26,995 | INFO | Progress index saved: 11
2026-06-23 18:21:26,995 | INFO | Waiting 2s before next case...
2026-06-23 18:21:28,997 | INFO | 
===== Batch item 2/10 =====
2026-06-23 18:21:28,997 | INFO | Real index: 12/1213
2026-06-23 18:21:28,997 | INFO | 
Scraping Case ID: 2510T0012
2026-06-23 18:21:28,998 | INFO | Attempt 1/2
2026-06-23 18:21:28,998 | INFO | Opening main page...
2026-06-23 18:21:30,461 | INFO | Main page URL: https://fjdefile.phila.gov/efsfjd/zk_fjd_public_qry_00.zp_main_idx
2026-06-23 18:21:30,995 | INFO | Search page URL: https://fjdefile.phila.gov/efsfjd/zk_fjd_public_qry_03.zp_dktrpt_setup_idx?uid=v2k0OqjICIolqsSYDxam&o=_4qeI098Y!rzHdb
2026-06-23 18:21:30,995 | INFO | Filling Case ID: 2510T0012
2026-06-23 18:21:31,118 | INFO | Submitting search...
2026-06-23 18:21:33,041 | INFO | Result URL: https://fjdefile.phila.gov/efsfjd/zk_fjd_public_qry_03.zp_dktrpt_search
2026-06-23 18:21:33,133 | INFO | Progress saved to: data\output\cases_results.xlsx
2026-06-23 18:21:33,135 | INFO | Progress index saved: 12
2026-06-23 18:21:33,135 | INFO | Waiting 2s before next case...
2026-06-23 18:21:35,137 | INFO | 
===== Batch item 3/10 =====
2026-06-23 18:21:35,137 | INFO | Real index: 13/1213
2026-06-23 18:21:35,137 | INFO | 
Scraping Case ID: 2510T0013
2026-06-23 18:21:35,137 | INFO | Attempt 1/2
2026-06-23 18:21:35,138 | INFO | Opening main page...
2026-06-23 18:21:36,477 | INFO | Main page URL: https://fjdefile.phila.gov/efsfjd/zk_fjd_public_qry_00.zp_main_idx
2026-06-23 18:21:36,894 | INFO | Search page URL: https://fjdefile.phila.gov/efsfjd/zk_fjd_public_qry_03.zp_dktrpt_setup_idx?uid=v2k0OqjICIolqsSYDxam&o=_4qeI098Y!rzHdb
2026-06-23 18:21:36,895 | INFO | Filling Case ID: 2510T0013
2026-06-23 18:21:37,028 | INFO | Submitting search...
2026-06-23 18:21:38,848 | INFO | Result URL: https://fjdefile.phila.gov/efsfjd/zk_fjd_public_qry_03.zp_dktrpt_search
2026-06-23 18:21:38,949 | INFO | Progress saved to: data\output\cases_results.xlsx
2026-06-23 18:21:38,951 | INFO | Progress index saved: 13
2026-06-23 18:21:38,951 | INFO | Waiting 2s before next case...
2026-06-23 18:21:40,952 | INFO | 
===== Batch item 4/10 =====
2026-06-23 18:21:40,953 | INFO | Real index: 14/1213
2026-06-23 18:21:40,953 | INFO | 
Scraping Case ID: 2510T0014
2026-06-23 18:21:40,953 | INFO | Attempt 1/2
2026-06-23 18:21:40,954 | INFO | Opening main page...
2026-06-23 18:21:42,260 | INFO | Main page URL: https://fjdefile.phila.gov/efsfjd/zk_fjd_public_qry_00.zp_main_idx
2026-06-23 18:21:42,623 | INFO | Search page URL: https://fjdefile.phila.gov/efsfjd/zk_fjd_public_qry_03.zp_dktrpt_setup_idx?uid=v2k0OqjICIolqsSYDxam&o=_4qeI098Y!rzHdb
2026-06-23 18:21:42,623 | INFO | Filling Case ID: 2510T0014
2026-06-23 18:21:42,743 | INFO | Submitting search...
2026-06-23 18:22:27,969 | INFO | Timeout waiting for result. Current URL: https://fjdefile.phila.gov/efsfjd/zk_fjd_public_qry_00.zp_main_idx?uid=v2k0OqjICIolqsSYDxam&o=C7qbF0cbYxozKg8
2026-06-23 18:22:28,187 | INFO | Debug saved: screenshots\redirected_main_page_2510T0014_20260623_182227.png
2026-06-23 18:22:28,187 | INFO | HTML saved: screenshots\redirected_main_page_2510T0014_20260623_182227.html
2026-06-23 18:22:28,187 | INFO | Attempt failed: Redirected to main page instead of result page
2026-06-23 18:22:28,187 | INFO | Waiting 2s before retry...
2026-06-23 18:22:30,188 | INFO | Attempt 2/2
2026-06-23 18:22:30,189 | INFO | Opening main page...
2026-06-23 18:22:31,911 | INFO | Main page URL: https://fjdefile.phila.gov/efsfjd/zk_fjd_public_qry_00.zp_main_idx
2026-06-23 18:22:32,358 | INFO | Search page URL: https://fjdefile.phila.gov/efsfjd/zk_fjd_public_qry_03.zp_dktrpt_setup_idx?uid=v2k0OqjICIolqsSYDxam&o=_4qeI098Y!rzHdb
2026-06-23 18:22:32,358 | INFO | Filling Case ID: 2510T0014
2026-06-23 18:22:32,499 | INFO | Submitting search...
2026-06-23 18:22:34,335 | INFO | Result URL: https://fjdefile.phila.gov/efsfjd/zk_fjd_public_qry_03.zp_dktrpt_search
2026-06-23 18:22:34,392 | INFO | Progress saved to: data\output\cases_results.xlsx
2026-06-23 18:22:34,393 | INFO | Progress index saved: 14
2026-06-23 18:22:34,393 | INFO | Waiting 2s before next case...
2026-06-23 18:22:36,394 | INFO | 
===== Batch item 5/10 =====
2026-06-23 18:22:36,394 | INFO | Real index: 15/1213
2026-06-23 18:22:36,395 | INFO | 
Scraping Case ID: 2510T0015
2026-06-23 18:22:36,395 | INFO | Attempt 1/2
2026-06-23 18:22:36,395 | INFO | Opening main page...
2026-06-23 18:22:37,832 | INFO | Main page URL: https://fjdefile.phila.gov/efsfjd/zk_fjd_public_qry_00.zp_main_idx
2026-06-23 18:22:38,281 | INFO | Search page URL: https://fjdefile.phila.gov/efsfjd/zk_fjd_public_qry_03.zp_dktrpt_setup_idx?uid=v2k0OqjICIolqsSYDxam&o=_4qeI098Y!rzHdb
2026-06-23 18:22:38,281 | INFO | Filling Case ID: 2510T0015
2026-06-23 18:22:38,408 | INFO | Submitting search...
2026-06-23 18:22:40,274 | INFO | Result URL: https://fjdefile.phila.gov/efsfjd/zk_fjd_public_qry_03.zp_dktrpt_search
2026-06-23 18:22:40,387 | INFO | Progress saved to: data\output\cases_results.xlsx
2026-06-23 18:22:40,388 | INFO | Progress index saved: 15
2026-06-23 18:22:40,388 | INFO | Waiting 2s before next case...
2026-06-23 18:22:42,388 | INFO | 
===== Batch item 6/10 =====
2026-06-23 18:22:42,389 | INFO | Real index: 16/1213
2026-06-23 18:22:42,389 | INFO | 
Scraping Case ID: 2510T0016
2026-06-23 18:22:42,390 | INFO | Attempt 1/2
2026-06-23 18:22:42,390 | INFO | Opening main page...
2026-06-23 18:22:43,705 | INFO | Main page URL: https://fjdefile.phila.gov/efsfjd/zk_fjd_public_qry_00.zp_main_idx
2026-06-23 18:22:44,077 | INFO | Search page URL: https://fjdefile.phila.gov/efsfjd/zk_fjd_public_qry_03.zp_dktrpt_setup_idx?uid=v2k0OqjICIolqsSYDxam&o=_4qeI098Y!rzHdb
2026-06-23 18:22:44,078 | INFO | Filling Case ID: 2510T0016
2026-06-23 18:22:44,201 | INFO | Submitting search...
2026-06-23 18:22:46,301 | INFO | Result URL: https://fjdefile.phila.gov/efsfjd/zk_fjd_public_qry_03.zp_dktrpt_search
2026-06-23 18:22:46,375 | INFO | Progress saved to: data\output\cases_results.xlsx
2026-06-23 18:22:46,377 | INFO | Progress index saved: 16
2026-06-23 18:22:46,378 | INFO | Waiting 2s before next case...
2026-06-23 18:22:48,378 | INFO | 
===== Batch item 7/10 =====
2026-06-23 18:22:48,379 | INFO | Real index: 17/1213
2026-06-23 18:22:48,379 | INFO | 
Scraping Case ID: 2510T0017
2026-06-23 18:22:48,379 | INFO | Attempt 1/2
2026-06-23 18:22:48,380 | INFO | Opening main page...
2026-06-23 18:22:49,703 | INFO | Main page URL: https://fjdefile.phila.gov/efsfjd/zk_fjd_public_qry_00.zp_main_idx
2026-06-23 18:22:50,067 | INFO | Search page URL: https://fjdefile.phila.gov/efsfjd/zk_fjd_public_qry_03.zp_dktrpt_setup_idx?uid=v2k0OqjICIolqsSYDxam&o=_4qeI098Y!rzHdb
2026-06-23 18:22:50,067 | INFO | Filling Case ID: 2510T0017
2026-06-23 18:22:50,188 | INFO | Submitting search...
2026-06-23 18:22:52,281 | INFO | Result URL: https://fjdefile.phila.gov/efsfjd/zk_fjd_public_qry_03.zp_dktrpt_search
2026-06-23 18:22:52,348 | INFO | Progress saved to: data\output\cases_results.xlsx
2026-06-23 18:22:52,349 | INFO | Progress index saved: 17
2026-06-23 18:22:52,349 | INFO | Waiting 2s before next case...
2026-06-23 18:22:54,351 | INFO | 
===== Batch item 8/10 =====
2026-06-23 18:22:54,351 | INFO | Real index: 18/1213
2026-06-23 18:22:54,351 | INFO | 
Scraping Case ID: 2510T0018
2026-06-23 18:22:54,352 | INFO | Attempt 1/2
2026-06-23 18:22:54,352 | INFO | Opening main page...
2026-06-23 18:22:55,671 | INFO | Main page URL: https://fjdefile.phila.gov/efsfjd/zk_fjd_public_qry_00.zp_main_idx
2026-06-23 18:22:56,040 | INFO | Search page URL: https://fjdefile.phila.gov/efsfjd/zk_fjd_public_qry_03.zp_dktrpt_setup_idx?uid=v2k0OqjICIolqsSYDxam&o=_4qeI098Y!rzHdb
2026-06-23 18:22:56,040 | INFO | Filling Case ID: 2510T0018
2026-06-23 18:22:56,169 | INFO | Submitting search...
2026-06-23 18:22:57,796 | INFO | Result URL: https://fjdefile.phila.gov/efsfjd/zk_fjd_public_qry_03.zp_dktrpt_search
2026-06-23 18:22:57,858 | INFO | Progress saved to: data\output\cases_results.xlsx
2026-06-23 18:22:57,858 | INFO | Progress index saved: 18
2026-06-23 18:22:57,859 | INFO | Waiting 2s before next case...
2026-06-23 18:22:59,860 | INFO | 
===== Batch item 9/10 =====
2026-06-23 18:22:59,860 | INFO | Real index: 19/1213
2026-06-23 18:22:59,861 | INFO | 
Scraping Case ID: 2510T0019
2026-06-23 18:22:59,861 | INFO | Attempt 1/2
2026-06-23 18:22:59,861 | INFO | Opening main page...
2026-06-23 18:23:01,188 | INFO | Main page URL: https://fjdefile.phila.gov/efsfjd/zk_fjd_public_qry_00.zp_main_idx
2026-06-23 18:23:01,645 | INFO | Search page URL: https://fjdefile.phila.gov/efsfjd/zk_fjd_public_qry_03.zp_dktrpt_setup_idx?uid=v2k0OqjICIolqsSYDxam&o=_4qeI098Y!rzHdb
2026-06-23 18:23:01,645 | INFO | Filling Case ID: 2510T0019
2026-06-23 18:23:01,770 | INFO | Submitting search...
2026-06-23 18:23:03,896 | INFO | Result URL: https://fjdefile.phila.gov/efsfjd/zk_fjd_public_qry_03.zp_dktrpt_search
2026-06-23 18:23:03,966 | INFO | Progress saved to: data\output\cases_results.xlsx
2026-06-23 18:23:03,968 | INFO | Progress index saved: 19
2026-06-23 18:23:03,968 | INFO | Waiting 2s before next case...
2026-06-23 18:23:05,969 | INFO | 
===== Batch item 10/10 =====
2026-06-23 18:23:05,969 | INFO | Real index: 20/1213
2026-06-23 18:23:05,970 | INFO | 
Scraping Case ID: 2510T0020
2026-06-23 18:23:05,970 | INFO | Attempt 1/2
2026-06-23 18:23:05,970 | INFO | Opening main page...
2026-06-23 18:23:07,414 | INFO | Main page URL: https://fjdefile.phila.gov/efsfjd/zk_fjd_public_qry_00.zp_main_idx
2026-06-23 18:23:07,872 | INFO | Search page URL: https://fjdefile.phila.gov/efsfjd/zk_fjd_public_qry_03.zp_dktrpt_setup_idx?uid=v2k0OqjICIolqsSYDxam&o=_4qeI098Y!rzHdb
2026-06-23 18:23:07,872 | INFO | Filling Case ID: 2510T0020
2026-06-23 18:23:08,000 | INFO | Submitting search...
2026-06-23 18:23:10,096 | INFO | Result URL: https://fjdefile.phila.gov/efsfjd/zk_fjd_public_qry_03.zp_dktrpt_search
2026-06-23 18:23:10,189 | INFO | Progress saved to: data\output\cases_results.xlsx
2026-06-23 18:23:10,190 | INFO | Progress index saved: 20
2026-06-23 18:23:10,190 | INFO | Waiting 2s before next case...
2026-06-23 18:23:12,191 | INFO | 
Batch done. Output saved to: data\output\cases_results.xlsx
2026-06-23 18:23:12,191 | INFO | Batch complete. Closing browser...
2026-06-23 18:23:24,056 | INFO | Columns found: ['Case ID']
2026-06-23 18:23:24,058 | INFO | Loaded 1213 Case IDs from data\input\case_ids.xlsx
2026-06-23 18:23:24,058 | INFO | Starting from index: 20
2026-06-23 18:23:24,058 | INFO | Processing this batch: 10 cases
2026-06-23 18:23:24,095 | INFO | Loaded existing output rows: 20
2026-06-23 18:23:25,151 | INFO | 
===== Batch item 1/10 =====
2026-06-23 18:23:25,167 | INFO | Real index: 21/1213
2026-06-23 18:23:25,168 | INFO | 
Scraping Case ID: 2510T0021
2026-06-23 18:23:25,171 | INFO | Attempt 1/2
2026-06-23 18:23:25,172 | INFO | Opening main page...
2026-06-23 18:23:28,717 | INFO | Main page URL: https://fjdefile.phila.gov/efsfjd/zk_fjd_public_qry_00.zp_main_idx?uid=!7kVJqsFBIolqsSYDxam&o=Hcq6A0l8XxozKg8
2026-06-23 18:23:29,138 | INFO | Search page URL: https://fjdefile.phila.gov/efsfjd/zk_fjd_public_qry_03.zp_dktrpt_setup_idx?uid=!7kVJqsFBIolqsSYDxam&o=E9q9D0i5X!rzHdb
2026-06-23 18:23:29,138 | INFO | Filling Case ID: 2510T0021
2026-06-23 18:23:29,262 | INFO | Submitting search...
2026-06-23 18:23:33,068 | INFO | Result URL: https://fjdefile.phila.gov/efsfjd/zk_fjd_public_qry_03.zp_dktrpt_search
2026-06-23 18:23:33,171 | INFO | Progress saved to: data\output\cases_results.xlsx
2026-06-23 18:23:33,172 | INFO | Progress index saved: 21
2026-06-23 18:23:33,172 | INFO | Waiting 2s before next case...
2026-06-23 18:23:35,173 | INFO | 
===== Batch item 2/10 =====
2026-06-23 18:23:35,174 | INFO | Real index: 22/1213
2026-06-23 18:23:35,174 | INFO | 
Scraping Case ID: 2510T0022
2026-06-23 18:23:35,174 | INFO | Attempt 1/2
2026-06-23 18:23:35,175 | INFO | Opening main page...
2026-06-23 18:23:36,489 | INFO | Main page URL: https://fjdefile.phila.gov/efsfjd/zk_fjd_public_qry_00.zp_main_idx
2026-06-23 18:23:36,856 | INFO | Search page URL: https://fjdefile.phila.gov/efsfjd/zk_fjd_public_qry_03.zp_dktrpt_setup_idx?uid=!7kVJqsFBIolqsSYDxam&o=E9q9D0i5X!rzHdb
2026-06-23 18:23:36,856 | INFO | Filling Case ID: 2510T0022
2026-06-23 18:23:36,979 | INFO | Submitting search...
2026-06-23 18:23:38,342 | INFO | Result URL: https://fjdefile.phila.gov/efsfjd/zk_fjd_public_qry_03.zp_dktrpt_search
2026-06-23 18:23:38,406 | INFO | Progress saved to: data\output\cases_results.xlsx
2026-06-23 18:23:38,407 | INFO | Progress index saved: 22
2026-06-23 18:23:38,407 | INFO | Waiting 2s before next case...
2026-06-23 18:23:40,409 | INFO | 
===== Batch item 3/10 =====
2026-06-23 18:23:40,409 | INFO | Real index: 23/1213
2026-06-23 18:23:40,409 | INFO | 
Scraping Case ID: 2510T0023
2026-06-23 18:23:40,410 | INFO | Attempt 1/2
2026-06-23 18:23:40,410 | INFO | Opening main page...
2026-06-23 18:23:41,734 | INFO | Main page URL: https://fjdefile.phila.gov/efsfjd/zk_fjd_public_qry_00.zp_main_idx
2026-06-23 18:23:42,096 | INFO | Search page URL: https://fjdefile.phila.gov/efsfjd/zk_fjd_public_qry_03.zp_dktrpt_setup_idx?uid=!7kVJqsFBIolqsSYDxam&o=E9q9D0i5X!rzHdb
2026-06-23 18:23:42,097 | INFO | Filling Case ID: 2510T0023
2026-06-23 18:23:42,216 | INFO | Submitting search...
2026-06-23 18:23:43,541 | INFO | Result URL: https://fjdefile.phila.gov/efsfjd/zk_fjd_public_qry_03.zp_dktrpt_search
2026-06-23 18:23:43,605 | INFO | Progress saved to: data\output\cases_results.xlsx
2026-06-23 18:23:43,606 | INFO | Progress index saved: 23
2026-06-23 18:23:43,606 | INFO | Waiting 2s before next case...
2026-06-23 18:23:45,607 | INFO | 
===== Batch item 4/10 =====
2026-06-23 18:23:45,607 | INFO | Real index: 24/1213
2026-06-23 18:23:45,608 | INFO | 
Scraping Case ID: 2510T0024
2026-06-23 18:23:45,608 | INFO | Attempt 1/2
2026-06-23 18:23:45,608 | INFO | Opening main page...
2026-06-23 18:23:46,928 | INFO | Main page URL: https://fjdefile.phila.gov/efsfjd/zk_fjd_public_qry_00.zp_main_idx
2026-06-23 18:23:47,362 | INFO | Search page URL: https://fjdefile.phila.gov/efsfjd/zk_fjd_public_qry_03.zp_dktrpt_setup_idx?uid=!7kVJqsFBIolqsSYDxam&o=E9q9D0i5X!rzHdb
2026-06-23 18:23:47,362 | INFO | Filling Case ID: 2510T0024
2026-06-23 18:23:47,501 | INFO | Submitting search...
2026-06-23 18:23:49,636 | INFO | Result URL: https://fjdefile.phila.gov/efsfjd/zk_fjd_public_qry_03.zp_dktrpt_search
2026-06-23 18:23:49,702 | INFO | Progress saved to: data\output\cases_results.xlsx
2026-06-23 18:23:49,704 | INFO | Progress index saved: 24
2026-06-23 18:23:49,704 | INFO | Waiting 2s before next case...
2026-06-23 18:23:51,704 | INFO | 
===== Batch item 5/10 =====
2026-06-23 18:23:51,705 | INFO | Real index: 25/1213
2026-06-23 18:23:51,705 | INFO | 
Scraping Case ID: 2510T0025
2026-06-23 18:23:51,705 | INFO | Attempt 1/2
2026-06-23 18:23:51,706 | INFO | Opening main page...
2026-06-23 18:23:53,009 | INFO | Main page URL: https://fjdefile.phila.gov/efsfjd/zk_fjd_public_qry_00.zp_main_idx
2026-06-23 18:23:53,375 | INFO | Search page URL: https://fjdefile.phila.gov/efsfjd/zk_fjd_public_qry_03.zp_dktrpt_setup_idx?uid=!7kVJqsFBIolqsSYDxam&o=E9q9D0i5X!rzHdb
2026-06-23 18:23:53,375 | INFO | Filling Case ID: 2510T0025
2026-06-23 18:23:53,499 | INFO | Submitting search...
2026-06-23 18:23:55,082 | INFO | Result URL: https://fjdefile.phila.gov/efsfjd/zk_fjd_public_qry_03.zp_dktrpt_search
2026-06-23 18:23:55,158 | INFO | Progress saved to: data\output\cases_results.xlsx
2026-06-23 18:23:55,159 | INFO | Progress index saved: 25
2026-06-23 18:23:55,159 | INFO | Waiting 2s before next case...
2026-06-23 18:23:57,160 | INFO | 
===== Batch item 6/10 =====
2026-06-23 18:23:57,161 | INFO | Real index: 26/1213
2026-06-23 18:23:57,161 | INFO | 
Scraping Case ID: 2510T0026
2026-06-23 18:23:57,161 | INFO | Attempt 1/2
2026-06-23 18:23:57,161 | INFO | Opening main page...
2026-06-23 18:23:58,486 | INFO | Main page URL: https://fjdefile.phila.gov/efsfjd/zk_fjd_public_qry_00.zp_main_idx
2026-06-23 18:23:58,849 | INFO | Search page URL: https://fjdefile.phila.gov/efsfjd/zk_fjd_public_qry_03.zp_dktrpt_setup_idx?uid=!7kVJqsFBIolqsSYDxam&o=E9q9D0i5X!rzHdb
2026-06-23 18:23:58,850 | INFO | Filling Case ID: 2510T0026
2026-06-23 18:23:58,972 | INFO | Submitting search...
2026-06-23 18:24:01,092 | INFO | Result URL: https://fjdefile.phila.gov/efsfjd/zk_fjd_public_qry_03.zp_dktrpt_search
2026-06-23 18:24:01,186 | INFO | Progress saved to: data\output\cases_results.xlsx
2026-06-23 18:24:01,189 | INFO | Progress index saved: 26
2026-06-23 18:24:01,189 | INFO | Waiting 2s before next case...
2026-06-23 18:24:03,190 | INFO | 
===== Batch item 7/10 =====
2026-06-23 18:24:03,190 | INFO | Real index: 27/1213
2026-06-23 18:24:03,190 | INFO | 
Scraping Case ID: 2510T0027
2026-06-23 18:24:03,191 | INFO | Attempt 1/2
2026-06-23 18:24:03,191 | INFO | Opening main page...
2026-06-23 18:24:04,636 | INFO | Main page URL: https://fjdefile.phila.gov/efsfjd/zk_fjd_public_qry_00.zp_main_idx
2026-06-23 18:24:05,070 | INFO | Search page URL: https://fjdefile.phila.gov/efsfjd/zk_fjd_public_qry_03.zp_dktrpt_setup_idx?uid=!7kVJqsFBIolqsSYDxam&o=E9q9D0i5X!rzHdb
2026-06-23 18:24:05,070 | INFO | Filling Case ID: 2510T0027
2026-06-23 18:24:05,230 | INFO | Submitting search...
2026-06-23 18:24:07,334 | INFO | Result URL: https://fjdefile.phila.gov/efsfjd/zk_fjd_public_qry_03.zp_dktrpt_search
2026-06-23 18:24:07,415 | INFO | Progress saved to: data\output\cases_results.xlsx
2026-06-23 18:24:07,416 | INFO | Progress index saved: 27
2026-06-23 18:24:07,416 | INFO | Waiting 2s before next case...
2026-06-23 18:24:09,417 | INFO | 
===== Batch item 8/10 =====
2026-06-23 18:24:09,417 | INFO | Real index: 28/1213
2026-06-23 18:24:09,417 | INFO | 
Scraping Case ID: 2510T0028
2026-06-23 18:24:09,418 | INFO | Attempt 1/2
2026-06-23 18:24:09,418 | INFO | Opening main page...
2026-06-23 18:24:10,733 | INFO | Main page URL: https://fjdefile.phila.gov/efsfjd/zk_fjd_public_qry_00.zp_main_idx
2026-06-23 18:24:11,107 | INFO | Search page URL: https://fjdefile.phila.gov/efsfjd/zk_fjd_public_qry_03.zp_dktrpt_setup_idx?uid=!7kVJqsFBIolqsSYDxam&o=E9q9D0i5X!rzHdb
2026-06-23 18:24:11,107 | INFO | Filling Case ID: 2510T0028
2026-06-23 18:24:11,236 | INFO | Submitting search...
2026-06-23 18:24:12,818 | INFO | Result URL: https://fjdefile.phila.gov/efsfjd/zk_fjd_public_qry_03.zp_dktrpt_search
2026-06-23 18:24:12,884 | INFO | Progress saved to: data\output\cases_results.xlsx
2026-06-23 18:24:12,885 | INFO | Progress index saved: 28
2026-06-23 18:24:12,885 | INFO | Waiting 2s before next case...
2026-06-23 18:24:14,887 | INFO | 
===== Batch item 9/10 =====
2026-06-23 18:24:14,887 | INFO | Real index: 29/1213
2026-06-23 18:24:14,888 | INFO | 
Scraping Case ID: 2510T0029
2026-06-23 18:24:14,888 | INFO | Attempt 1/2
2026-06-23 18:24:14,888 | INFO | Opening main page...
2026-06-23 18:24:16,201 | INFO | Main page URL: https://fjdefile.phila.gov/efsfjd/zk_fjd_public_qry_00.zp_main_idx
2026-06-23 18:24:16,567 | INFO | Search page URL: https://fjdefile.phila.gov/efsfjd/zk_fjd_public_qry_03.zp_dktrpt_setup_idx?uid=!7kVJqsFBIolqsSYDxam&o=E9q9D0i5X!rzHdb
2026-06-23 18:24:16,568 | INFO | Filling Case ID: 2510T0029
2026-06-23 18:24:16,695 | INFO | Submitting search...
2026-06-23 18:24:18,274 | INFO | Result URL: https://fjdefile.phila.gov/efsfjd/zk_fjd_public_qry_03.zp_dktrpt_search
2026-06-23 18:24:18,334 | INFO | Progress saved to: data\output\cases_results.xlsx
2026-06-23 18:24:18,335 | INFO | Progress index saved: 29
2026-06-23 18:24:18,335 | INFO | Waiting 2s before next case...
2026-06-23 18:24:20,336 | INFO | 
===== Batch item 10/10 =====
2026-06-23 18:24:20,336 | INFO | Real index: 30/1213
2026-06-23 18:24:20,337 | INFO | 
Scraping Case ID: 2510T0030
2026-06-23 18:24:20,337 | INFO | Attempt 1/2
2026-06-23 18:24:20,337 | INFO | Opening main page...
2026-06-23 18:24:21,674 | INFO | Main page URL: https://fjdefile.phila.gov/efsfjd/zk_fjd_public_qry_00.zp_main_idx
2026-06-23 18:24:22,902 | INFO | Search page URL: https://fjdefile.phila.gov/efsfjd/zk_fjd_public_qry_03.zp_dktrpt_setup_idx?uid=!7kVJqsFBIolqsSYDxam&o=E9q9D0i5X!rzHdb
2026-06-23 18:24:22,903 | INFO | Filling Case ID: 2510T0030
2026-06-23 18:24:23,021 | INFO | Submitting search...
2026-06-23 18:24:25,141 | INFO | Result URL: https://fjdefile.phila.gov/efsfjd/zk_fjd_public_qry_03.zp_dktrpt_search
2026-06-23 18:24:25,236 | INFO | Progress saved to: data\output\cases_results.xlsx
2026-06-23 18:24:25,237 | INFO | Progress index saved: 30
2026-06-23 18:24:25,238 | INFO | Waiting 2s before next case...
2026-06-23 18:24:27,239 | INFO | 
Batch done. Output saved to: data\output\cases_results.xlsx
2026-06-23 18:24:27,240 | INFO | Batch complete. Closing browser...
2026-06-23 18:24:38,962 | INFO | Columns found: ['Case ID']
2026-06-23 18:24:38,964 | INFO | Loaded 1213 Case IDs from data\input\case_ids.xlsx
2026-06-23 18:24:38,965 | INFO | Starting from index: 30
2026-06-23 18:24:38,965 | INFO | Processing this batch: 10 cases
2026-06-23 18:24:38,995 | INFO | Loaded existing output rows: 30
2026-06-23 18:24:39,886 | INFO | 
===== Batch item 1/10 =====
2026-06-23 18:24:39,887 | INFO | Real index: 31/1213
2026-06-23 18:24:39,887 | INFO | 
Scraping Case ID: 2510T0031
2026-06-23 18:24:39,888 | INFO | Attempt 1/2
2026-06-23 18:24:39,888 | INFO | Opening main page...
2026-06-23 18:24:44,403 | INFO | Main page URL: https://fjdefile.phila.gov/efsfjd/zk_fjd_public_qry_00.zp_main_idx?uid=FhnO_nAMwIolqsSYDxam&o=OmtZsXvfQxozKg8
2026-06-23 18:24:44,890 | INFO | Search page URL: https://fjdefile.phila.gov/efsfjd/zk_fjd_public_qry_03.zp_dktrpt_setup_idx?uid=FhnO_nAMwIolqsSYDxam&o=Ljt2vXscQ!rzHdb
2026-06-23 18:24:44,890 | INFO | Filling Case ID: 2510T0031
2026-06-23 18:24:45,031 | INFO | Submitting search...
2026-06-23 18:24:47,234 | INFO | Result URL: https://fjdefile.phila.gov/efsfjd/zk_fjd_public_qry_03.zp_dktrpt_search
2026-06-23 18:24:47,342 | INFO | Progress saved to: data\output\cases_results.xlsx
2026-06-23 18:24:47,346 | INFO | Progress index saved: 31
2026-06-23 18:24:47,353 | INFO | Waiting 2s before next case...
2026-06-23 18:24:49,354 | INFO | 
===== Batch item 2/10 =====
2026-06-23 18:24:49,355 | INFO | Real index: 32/1213
2026-06-23 18:24:49,355 | INFO | 
Scraping Case ID: 2510T0032
2026-06-23 18:24:49,355 | INFO | Attempt 1/2
2026-06-23 18:24:49,356 | INFO | Opening main page...
2026-06-23 18:24:50,687 | INFO | Main page URL: https://fjdefile.phila.gov/efsfjd/zk_fjd_public_qry_00.zp_main_idx
2026-06-23 18:24:51,154 | INFO | Search page URL: https://fjdefile.phila.gov/efsfjd/zk_fjd_public_qry_03.zp_dktrpt_setup_idx?uid=FhnO_nAMwIolqsSYDxam&o=Ljt2vXscQ!rzHdb
2026-06-23 18:24:51,154 | INFO | Filling Case ID: 2510T0032
2026-06-23 18:24:51,268 | INFO | Submitting search...
2026-06-23 18:24:53,126 | INFO | Result URL: https://fjdefile.phila.gov/efsfjd/zk_fjd_public_qry_03.zp_dktrpt_search
2026-06-23 18:24:53,182 | INFO | Progress saved to: data\output\cases_results.xlsx
2026-06-23 18:24:53,183 | INFO | Progress index saved: 32
2026-06-23 18:24:53,184 | INFO | Waiting 2s before next case...
2026-06-23 18:24:55,184 | INFO | 
===== Batch item 3/10 =====
2026-06-23 18:24:55,185 | INFO | Real index: 33/1213
2026-06-23 18:24:55,185 | INFO | 
Scraping Case ID: 2510T0033
2026-06-23 18:24:55,185 | INFO | Attempt 1/2
2026-06-23 18:24:55,186 | INFO | Opening main page...
2026-06-23 18:24:56,525 | INFO | Main page URL: https://fjdefile.phila.gov/efsfjd/zk_fjd_public_qry_00.zp_main_idx
2026-06-23 18:24:56,961 | INFO | Search page URL: https://fjdefile.phila.gov/efsfjd/zk_fjd_public_qry_03.zp_dktrpt_setup_idx?uid=FhnO_nAMwIolqsSYDxam&o=Ljt2vXscQ!rzHdb
2026-06-23 18:24:56,962 | INFO | Filling Case ID: 2510T0033
2026-06-23 18:24:57,090 | INFO | Submitting search...
2026-06-23 18:24:58,928 | INFO | Result URL: https://fjdefile.phila.gov/efsfjd/zk_fjd_public_qry_03.zp_dktrpt_search
2026-06-23 18:24:58,997 | INFO | Progress saved to: data\output\cases_results.xlsx
2026-06-23 18:24:58,998 | INFO | Progress index saved: 33
2026-06-23 18:24:58,999 | INFO | Waiting 2s before next case...
2026-06-23 18:25:00,999 | INFO | 
===== Batch item 4/10 =====
2026-06-23 18:25:00,999 | INFO | Real index: 34/1213
2026-06-23 18:25:01,000 | INFO | 
Scraping Case ID: 2510T0034
2026-06-23 18:25:01,000 | INFO | Attempt 1/2
2026-06-23 18:25:01,000 | INFO | Opening main page...
2026-06-23 18:25:02,309 | INFO | Main page URL: https://fjdefile.phila.gov/efsfjd/zk_fjd_public_qry_00.zp_main_idx
2026-06-23 18:25:02,672 | INFO | Search page URL: https://fjdefile.phila.gov/efsfjd/zk_fjd_public_qry_03.zp_dktrpt_setup_idx?uid=FhnO_nAMwIolqsSYDxam&o=Ljt2vXscQ!rzHdb
2026-06-23 18:25:02,672 | INFO | Filling Case ID: 2510T0034
2026-06-23 18:25:02,793 | INFO | Submitting search...
2026-06-23 18:25:04,381 | INFO | Result URL: https://fjdefile.phila.gov/efsfjd/zk_fjd_public_qry_03.zp_dktrpt_search
2026-06-23 18:25:04,451 | INFO | Progress saved to: data\output\cases_results.xlsx
2026-06-23 18:25:04,452 | INFO | Progress index saved: 34
2026-06-23 18:25:04,453 | INFO | Waiting 2s before next case...
2026-06-23 18:25:06,454 | INFO | 
===== Batch item 5/10 =====
2026-06-23 18:25:06,454 | INFO | Real index: 35/1213
2026-06-23 18:25:06,455 | INFO | 
Scraping Case ID: 2510T0035
2026-06-23 18:25:06,455 | INFO | Attempt 1/2
2026-06-23 18:25:06,455 | INFO | Opening main page...
2026-06-23 18:25:07,794 | INFO | Main page URL: https://fjdefile.phila.gov/efsfjd/zk_fjd_public_qry_00.zp_main_idx
2026-06-23 18:25:08,172 | INFO | Search page URL: https://fjdefile.phila.gov/efsfjd/zk_fjd_public_qry_03.zp_dktrpt_setup_idx?uid=FhnO_nAMwIolqsSYDxam&o=Ljt2vXscQ!rzHdb
2026-06-23 18:25:08,172 | INFO | Filling Case ID: 2510T0035
2026-06-23 18:25:08,295 | INFO | Submitting search...
2026-06-23 18:25:09,873 | INFO | Result URL: https://fjdefile.phila.gov/efsfjd/zk_fjd_public_qry_03.zp_dktrpt_search
2026-06-23 18:25:09,932 | INFO | Progress saved to: data\output\cases_results.xlsx
2026-06-23 18:25:09,933 | INFO | Progress index saved: 35
2026-06-23 18:25:09,933 | INFO | Waiting 2s before next case...
2026-06-23 18:25:11,934 | INFO | 
===== Batch item 6/10 =====
2026-06-23 18:25:11,934 | INFO | Real index: 36/1213
2026-06-23 18:25:11,934 | INFO | 
Scraping Case ID: 2510T0036
2026-06-23 18:25:11,935 | INFO | Attempt 1/2
2026-06-23 18:25:11,935 | INFO | Opening main page...
2026-06-23 18:25:13,275 | INFO | Main page URL: https://fjdefile.phila.gov/efsfjd/zk_fjd_public_qry_00.zp_main_idx
2026-06-23 18:25:13,636 | INFO | Search page URL: https://fjdefile.phila.gov/efsfjd/zk_fjd_public_qry_03.zp_dktrpt_setup_idx?uid=FhnO_nAMwIolqsSYDxam&o=Ljt2vXscQ!rzHdb
2026-06-23 18:25:13,637 | INFO | Filling Case ID: 2510T0036
2026-06-23 18:25:13,762 | INFO | Submitting search...
2026-06-23 18:25:15,426 | INFO | Result URL: https://fjdefile.phila.gov/efsfjd/zk_fjd_public_qry_03.zp_dktrpt_search
2026-06-23 18:25:15,508 | INFO | Progress saved to: data\output\cases_results.xlsx
2026-06-23 18:25:15,509 | INFO | Progress index saved: 36
2026-06-23 18:25:15,509 | INFO | Waiting 2s before next case...
2026-06-23 18:25:17,510 | INFO | 
===== Batch item 7/10 =====
2026-06-23 18:25:17,511 | INFO | Real index: 37/1213
2026-06-23 18:25:17,511 | INFO | 
Scraping Case ID: 2510T0037
2026-06-23 18:25:17,511 | INFO | Attempt 1/2
2026-06-23 18:25:17,511 | INFO | Opening main page...
2026-06-23 18:25:18,845 | INFO | Main page URL: https://fjdefile.phila.gov/efsfjd/zk_fjd_public_qry_00.zp_main_idx
2026-06-23 18:25:19,224 | INFO | Search page URL: https://fjdefile.phila.gov/efsfjd/zk_fjd_public_qry_03.zp_dktrpt_setup_idx?uid=FhnO_nAMwIolqsSYDxam&o=Ljt2vXscQ!rzHdb
2026-06-23 18:25:19,224 | INFO | Filling Case ID: 2510T0037
2026-06-23 18:25:19,362 | INFO | Submitting search...
2026-06-23 18:25:21,406 | INFO | Result URL: https://fjdefile.phila.gov/efsfjd/zk_fjd_public_qry_03.zp_dktrpt_search
2026-06-23 18:25:21,488 | INFO | Progress saved to: data\output\cases_results.xlsx
2026-06-23 18:25:21,490 | INFO | Progress index saved: 37
2026-06-23 18:25:21,492 | INFO | Waiting 2s before next case...
2026-06-23 18:25:23,497 | INFO | 
===== Batch item 8/10 =====
2026-06-23 18:25:23,497 | INFO | Real index: 38/1213
2026-06-23 18:25:23,497 | INFO | 
Scraping Case ID: 2510T0038
2026-06-23 18:25:23,497 | INFO | Attempt 1/2
2026-06-23 18:25:23,498 | INFO | Opening main page...
2026-06-23 18:25:24,825 | INFO | Main page URL: https://fjdefile.phila.gov/efsfjd/zk_fjd_public_qry_00.zp_main_idx
2026-06-23 18:25:25,199 | INFO | Search page URL: https://fjdefile.phila.gov/efsfjd/zk_fjd_public_qry_03.zp_dktrpt_setup_idx?uid=FhnO_nAMwIolqsSYDxam&o=Ljt2vXscQ!rzHdb
2026-06-23 18:25:25,200 | INFO | Filling Case ID: 2510T0038
2026-06-23 18:25:25,322 | INFO | Submitting search...
2026-06-23 18:25:27,453 | INFO | Result URL: https://fjdefile.phila.gov/efsfjd/zk_fjd_public_qry_03.zp_dktrpt_search
2026-06-23 18:25:27,533 | INFO | Progress saved to: data\output\cases_results.xlsx
2026-06-23 18:25:27,534 | INFO | Progress index saved: 38
2026-06-23 18:25:27,535 | INFO | Waiting 2s before next case...
2026-06-23 18:25:29,535 | INFO | 
===== Batch item 9/10 =====
2026-06-23 18:25:29,536 | INFO | Real index: 39/1213
2026-06-23 18:25:29,536 | INFO | 
Scraping Case ID: 2510T0039
2026-06-23 18:25:29,536 | INFO | Attempt 1/2
2026-06-23 18:25:29,537 | INFO | Opening main page...
2026-06-23 18:25:30,979 | INFO | Main page URL: https://fjdefile.phila.gov/efsfjd/zk_fjd_public_qry_00.zp_main_idx
2026-06-23 18:25:31,423 | INFO | Search page URL: https://fjdefile.phila.gov/efsfjd/zk_fjd_public_qry_03.zp_dktrpt_setup_idx?uid=FhnO_nAMwIolqsSYDxam&o=Ljt2vXscQ!rzHdb
2026-06-23 18:25:31,424 | INFO | Filling Case ID: 2510T0039
2026-06-23 18:25:31,559 | INFO | Submitting search...
2026-06-23 18:25:33,710 | INFO | Result URL: https://fjdefile.phila.gov/efsfjd/zk_fjd_public_qry_03.zp_dktrpt_search
2026-06-23 18:25:33,792 | INFO | Progress saved to: data\output\cases_results.xlsx
2026-06-23 18:25:33,793 | INFO | Progress index saved: 39
2026-06-23 18:25:33,793 | INFO | Waiting 2s before next case...
2026-06-23 18:25:35,794 | INFO | 
===== Batch item 10/10 =====
2026-06-23 18:25:35,795 | INFO | Real index: 40/1213
2026-06-23 18:25:35,795 | INFO | 
Scraping Case ID: 2510T0040
2026-06-23 18:25:35,795 | INFO | Attempt 1/2
2026-06-23 18:25:35,795 | INFO | Opening main page...
2026-06-23 18:25:37,111 | INFO | Main page URL: https://fjdefile.phila.gov/efsfjd/zk_fjd_public_qry_00.zp_main_idx
2026-06-23 18:25:37,473 | INFO | Search page URL: https://fjdefile.phila.gov/efsfjd/zk_fjd_public_qry_03.zp_dktrpt_setup_idx?uid=FhnO_nAMwIolqsSYDxam&o=Ljt2vXscQ!rzHdb
2026-06-23 18:25:37,473 | INFO | Filling Case ID: 2510T0040
2026-06-23 18:25:37,605 | INFO | Submitting search...
2026-06-23 18:25:39,403 | INFO | Result URL: https://fjdefile.phila.gov/efsfjd/zk_fjd_public_qry_03.zp_dktrpt_search
2026-06-23 18:25:39,502 | INFO | Progress saved to: data\output\cases_results.xlsx
2026-06-23 18:25:39,503 | INFO | Progress index saved: 40
2026-06-23 18:25:39,504 | INFO | Waiting 2s before next case...
2026-06-23 18:25:41,504 | INFO | 
Batch done. Output saved to: data\output\cases_results.xlsx
2026-06-23 18:25:41,505 | INFO | Batch complete. Closing browser...
2026-06-23 18:25:53,349 | INFO | Columns found: ['Case ID']
2026-06-23 18:25:53,351 | INFO | Loaded 1213 Case IDs from data\input\case_ids.xlsx
2026-06-23 18:25:53,352 | INFO | Starting from index: 40
2026-06-23 18:25:53,352 | INFO | Processing this batch: 10 cases
2026-06-23 18:25:53,384 | INFO | Loaded existing output rows: 40
2026-06-23 18:25:54,306 | INFO | 
===== Batch item 1/10 =====
2026-06-23 18:25:54,306 | INFO | Real index: 41/1213
2026-06-23 18:25:54,307 | INFO | 
Scraping Case ID: 2510T0041
2026-06-23 18:25:54,307 | INFO | Attempt 1/2
2026-06-23 18:25:54,307 | INFO | Opening main page...
2026-06-23 18:25:57,868 | INFO | Main page URL: https://fjdefile.phila.gov/efsfjd/zk_fjd_public_qry_00.zp_main_idx?uid=tcw2EepOAIolqsSYDxam&o=AhAdxOihWxozKg8
2026-06-23 18:25:58,305 | INFO | Search page URL: https://fjdefile.phila.gov/efsfjd/zk_fjd_public_qry_03.zp_dktrpt_setup_idx?uid=tcw2EepOAIolqsSYDxam&o=zeAg!OfeW!rzHdb
2026-06-23 18:25:58,305 | INFO | Filling Case ID: 2510T0041
2026-06-23 18:25:58,435 | INFO | Submitting search...
2026-06-23 18:26:00,787 | INFO | Result URL: https://fjdefile.phila.gov/efsfjd/zk_fjd_public_qry_03.zp_dktrpt_search
2026-06-23 18:26:00,901 | INFO | Progress saved to: data\output\cases_results.xlsx
2026-06-23 18:26:00,901 | INFO | Progress index saved: 41
2026-06-23 18:26:00,902 | INFO | Waiting 2s before next case...
2026-06-23 18:26:02,903 | INFO | 
===== Batch item 2/10 =====
2026-06-23 18:26:02,903 | INFO | Real index: 42/1213
2026-06-23 18:26:02,903 | INFO | 
Scraping Case ID: 2510T0042
2026-06-23 18:26:02,904 | INFO | Attempt 1/2
2026-06-23 18:26:02,904 | INFO | Opening main page...
2026-06-23 18:26:04,228 | INFO | Main page URL: https://fjdefile.phila.gov/efsfjd/zk_fjd_public_qry_00.zp_main_idx
2026-06-23 18:26:04,582 | INFO | Search page URL: https://fjdefile.phila.gov/efsfjd/zk_fjd_public_qry_03.zp_dktrpt_setup_idx?uid=tcw2EepOAIolqsSYDxam&o=zeAg!OfeW!rzHdb
2026-06-23 18:26:04,583 | INFO | Filling Case ID: 2510T0042
2026-06-23 18:26:04,700 | INFO | Submitting search...
2026-06-23 18:26:06,262 | INFO | Result URL: https://fjdefile.phila.gov/efsfjd/zk_fjd_public_qry_03.zp_dktrpt_search
2026-06-23 18:26:06,421 | INFO | Progress saved to: data\output\cases_results.xlsx
2026-06-23 18:26:06,422 | INFO | Progress index saved: 42
2026-06-23 18:26:06,422 | INFO | Waiting 2s before next case...
2026-06-23 18:26:08,423 | INFO | 
===== Batch item 3/10 =====
2026-06-23 18:26:08,423 | INFO | Real index: 43/1213
2026-06-23 18:26:08,424 | INFO | 
Scraping Case ID: 2510T0043
2026-06-23 18:26:08,424 | INFO | Attempt 1/2
2026-06-23 18:26:08,424 | INFO | Opening main page...
2026-06-23 18:26:09,735 | INFO | Main page URL: https://fjdefile.phila.gov/efsfjd/zk_fjd_public_qry_00.zp_main_idx
2026-06-23 18:26:10,102 | INFO | Search page URL: https://fjdefile.phila.gov/efsfjd/zk_fjd_public_qry_03.zp_dktrpt_setup_idx?uid=tcw2EepOAIolqsSYDxam&o=zeAg!OfeW!rzHdb
2026-06-23 18:26:10,102 | INFO | Filling Case ID: 2510T0043
2026-06-23 18:26:10,221 | INFO | Submitting search...
2026-06-23 18:26:11,985 | INFO | Result URL: https://fjdefile.phila.gov/efsfjd/zk_fjd_public_qry_03.zp_dktrpt_search
2026-06-23 18:26:12,065 | INFO | Progress saved to: data\output\cases_results.xlsx
2026-06-23 18:26:12,066 | INFO | Progress index saved: 43
2026-06-23 18:26:12,066 | INFO | Waiting 2s before next case...
2026-06-23 18:26:14,067 | INFO | 
===== Batch item 4/10 =====
2026-06-23 18:26:14,072 | INFO | Real index: 44/1213
2026-06-23 18:26:14,073 | INFO | 
Scraping Case ID: 2510T0045
2026-06-23 18:26:14,073 | INFO | Attempt 1/2
2026-06-23 18:26:14,073 | INFO | Opening main page...
2026-06-23 18:26:15,387 | INFO | Main page URL: https://fjdefile.phila.gov/efsfjd/zk_fjd_public_qry_00.zp_main_idx
2026-06-23 18:26:15,748 | INFO | Search page URL: https://fjdefile.phila.gov/efsfjd/zk_fjd_public_qry_03.zp_dktrpt_setup_idx?uid=tcw2EepOAIolqsSYDxam&o=zeAg!OfeW!rzHdb
2026-06-23 18:26:15,748 | INFO | Filling Case ID: 2510T0045
2026-06-23 18:26:15,860 | INFO | Submitting search...
2026-06-23 18:26:17,773 | INFO | Result URL: https://fjdefile.phila.gov/efsfjd/zk_fjd_public_qry_03.zp_dktrpt_search
2026-06-23 18:26:17,890 | INFO | Progress saved to: data\output\cases_results.xlsx
2026-06-23 18:26:17,891 | INFO | Progress index saved: 44
2026-06-23 18:26:17,891 | INFO | Waiting 2s before next case...
2026-06-23 18:26:19,892 | INFO | 
===== Batch item 5/10 =====
2026-06-23 18:26:19,893 | INFO | Real index: 45/1213
2026-06-23 18:26:19,893 | INFO | 
Scraping Case ID: 2510T0046
2026-06-23 18:26:19,893 | INFO | Attempt 1/2
2026-06-23 18:26:19,893 | INFO | Opening main page...
2026-06-23 18:26:21,196 | INFO | Main page URL: https://fjdefile.phila.gov/efsfjd/zk_fjd_public_qry_00.zp_main_idx
2026-06-23 18:26:21,554 | INFO | Search page URL: https://fjdefile.phila.gov/efsfjd/zk_fjd_public_qry_03.zp_dktrpt_setup_idx?uid=tcw2EepOAIolqsSYDxam&o=zeAg!OfeW!rzHdb
2026-06-23 18:26:21,554 | INFO | Filling Case ID: 2510T0046
2026-06-23 18:26:21,692 | INFO | Submitting search...
2026-06-23 18:26:22,968 | INFO | Result URL: https://fjdefile.phila.gov/efsfjd/zk_fjd_public_qry_03.zp_dktrpt_search
2026-06-23 18:26:23,024 | INFO | Progress saved to: data\output\cases_results.xlsx
2026-06-23 18:26:23,026 | INFO | Progress index saved: 45
2026-06-23 18:26:23,026 | INFO | Waiting 2s before next case...
2026-06-23 18:26:25,027 | INFO | 
===== Batch item 6/10 =====
2026-06-23 18:26:25,027 | INFO | Real index: 46/1213
2026-06-23 18:26:25,027 | INFO | 
Scraping Case ID: 2510T0047
2026-06-23 18:26:25,027 | INFO | Attempt 1/2
2026-06-23 18:26:25,028 | INFO | Opening main page...
2026-06-23 18:26:26,334 | INFO | Main page URL: https://fjdefile.phila.gov/efsfjd/zk_fjd_public_qry_00.zp_main_idx
2026-06-23 18:26:26,705 | INFO | Search page URL: https://fjdefile.phila.gov/efsfjd/zk_fjd_public_qry_03.zp_dktrpt_setup_idx?uid=tcw2EepOAIolqsSYDxam&o=zeAg!OfeW!rzHdb
2026-06-23 18:26:26,706 | INFO | Filling Case ID: 2510T0047
2026-06-23 18:26:26,826 | INFO | Submitting search...
2026-06-23 18:26:28,613 | INFO | Result URL: https://fjdefile.phila.gov/efsfjd/zk_fjd_public_qry_03.zp_dktrpt_search
2026-06-23 18:26:28,711 | INFO | Progress saved to: data\output\cases_results.xlsx
2026-06-23 18:26:28,713 | INFO | Progress index saved: 46
2026-06-23 18:26:28,713 | INFO | Waiting 2s before next case...
2026-06-23 18:26:30,715 | INFO | 
===== Batch item 7/10 =====
2026-06-23 18:26:30,715 | INFO | Real index: 47/1213
2026-06-23 18:26:30,716 | INFO | 
Scraping Case ID: 2510T0048
2026-06-23 18:26:30,716 | INFO | Attempt 1/2
2026-06-23 18:26:30,716 | INFO | Opening main page...
2026-06-23 18:26:32,023 | INFO | Main page URL: https://fjdefile.phila.gov/efsfjd/zk_fjd_public_qry_00.zp_main_idx
2026-06-23 18:26:32,383 | INFO | Search page URL: https://fjdefile.phila.gov/efsfjd/zk_fjd_public_qry_03.zp_dktrpt_setup_idx?uid=tcw2EepOAIolqsSYDxam&o=zeAg!OfeW!rzHdb
2026-06-23 18:26:32,383 | INFO | Filling Case ID: 2510T0048
2026-06-23 18:26:32,505 | INFO | Submitting search...
2026-06-23 18:26:34,287 | INFO | Result URL: https://fjdefile.phila.gov/efsfjd/zk_fjd_public_qry_03.zp_dktrpt_search
2026-06-23 18:26:34,365 | INFO | Progress saved to: data\output\cases_results.xlsx
2026-06-23 18:26:34,367 | INFO | Progress index saved: 47
2026-06-23 18:26:34,367 | INFO | Waiting 2s before next case...
2026-06-23 18:26:36,368 | INFO | 
===== Batch item 8/10 =====
2026-06-23 18:26:36,368 | INFO | Real index: 48/1213
2026-06-23 18:26:36,369 | INFO | 
Scraping Case ID: 2510T0049
2026-06-23 18:26:36,369 | INFO | Attempt 1/2
2026-06-23 18:26:36,369 | INFO | Opening main page...
2026-06-23 18:26:37,680 | INFO | Main page URL: https://fjdefile.phila.gov/efsfjd/zk_fjd_public_qry_00.zp_main_idx
2026-06-23 18:26:38,051 | INFO | Search page URL: https://fjdefile.phila.gov/efsfjd/zk_fjd_public_qry_03.zp_dktrpt_setup_idx?uid=tcw2EepOAIolqsSYDxam&o=zeAg!OfeW!rzHdb
2026-06-23 18:26:38,052 | INFO | Filling Case ID: 2510T0049
2026-06-23 18:26:38,166 | INFO | Submitting search...
2026-06-23 18:26:39,950 | INFO | Result URL: https://fjdefile.phila.gov/efsfjd/zk_fjd_public_qry_03.zp_dktrpt_search
2026-06-23 18:26:40,025 | INFO | Progress saved to: data\output\cases_results.xlsx
2026-06-23 18:26:40,027 | INFO | Progress index saved: 48
2026-06-23 18:26:40,028 | INFO | Waiting 2s before next case...
2026-06-23 18:26:42,029 | INFO | 
===== Batch item 9/10 =====
2026-06-23 18:26:42,030 | INFO | Real index: 49/1213
2026-06-23 18:26:42,030 | INFO | 
Scraping Case ID: 2510T0050
2026-06-23 18:26:42,030 | INFO | Attempt 1/2
2026-06-23 18:26:42,031 | INFO | Opening main page...
2026-06-23 18:26:43,471 | INFO | Main page URL: https://fjdefile.phila.gov/efsfjd/zk_fjd_public_qry_00.zp_main_idx
2026-06-23 18:26:43,900 | INFO | Search page URL: https://fjdefile.phila.gov/efsfjd/zk_fjd_public_qry_03.zp_dktrpt_setup_idx?uid=tcw2EepOAIolqsSYDxam&o=zeAg!OfeW!rzHdb
2026-06-23 18:26:43,901 | INFO | Filling Case ID: 2510T0050
2026-06-23 18:26:44,052 | INFO | Submitting search...
2026-06-23 18:26:46,192 | INFO | Result URL: https://fjdefile.phila.gov/efsfjd/zk_fjd_public_qry_03.zp_dktrpt_search
2026-06-23 18:26:46,307 | INFO | Progress saved to: data\output\cases_results.xlsx
2026-06-23 18:26:46,313 | INFO | Progress index saved: 49
2026-06-23 18:26:46,315 | INFO | Waiting 2s before next case...
2026-06-23 18:26:48,316 | INFO | 
===== Batch item 10/10 =====
2026-06-23 18:26:48,317 | INFO | Real index: 50/1213
2026-06-23 18:26:48,317 | INFO | 
Scraping Case ID: 2510T0051
2026-06-23 18:26:48,317 | INFO | Attempt 1/2
2026-06-23 18:26:48,317 | INFO | Opening main page...
2026-06-23 18:26:49,683 | INFO | Main page URL: https://fjdefile.phila.gov/efsfjd/zk_fjd_public_qry_00.zp_main_idx
2026-06-23 18:26:50,178 | INFO | Search page URL: https://fjdefile.phila.gov/efsfjd/zk_fjd_public_qry_03.zp_dktrpt_setup_idx?uid=tcw2EepOAIolqsSYDxam&o=zeAg!OfeW!rzHdb
2026-06-23 18:26:50,179 | INFO | Filling Case ID: 2510T0051
2026-06-23 18:26:50,335 | INFO | Submitting search...
2026-06-23 18:26:52,059 | INFO | Result URL: https://fjdefile.phila.gov/efsfjd/zk_fjd_public_qry_03.zp_dktrpt_search
2026-06-23 18:26:52,148 | INFO | Progress saved to: data\output\cases_results.xlsx
2026-06-23 18:26:52,149 | INFO | Progress index saved: 50
2026-06-23 18:26:52,150 | INFO | Waiting 2s before next case...
2026-06-23 18:26:54,158 | INFO | 
Batch done. Output saved to: data\output\cases_results.xlsx
2026-06-23 18:26:54,165 | INFO | Batch complete. Closing browser...
2026-06-23 18:27:05,966 | INFO | Columns found: ['Case ID']
2026-06-23 18:27:05,968 | INFO | Loaded 1213 Case IDs from data\input\case_ids.xlsx
2026-06-23 18:27:05,968 | INFO | Starting from index: 50
2026-06-23 18:27:05,969 | INFO | Processing this batch: 10 cases
2026-06-23 18:27:06,005 | INFO | Loaded existing output rows: 50
2026-06-23 18:27:07,035 | INFO | 
===== Batch item 1/10 =====
2026-06-23 18:27:07,035 | INFO | Real index: 51/1213
2026-06-23 18:27:07,036 | INFO | 
Scraping Case ID: 2510T0052
2026-06-23 18:27:07,036 | INFO | Attempt 1/2
2026-06-23 18:27:07,036 | INFO | Opening main page...
2026-06-23 18:27:10,596 | INFO | Main page URL: https://fjdefile.phila.gov/efsfjd/zk_fjd_public_qry_00.zp_main_idx?uid=w9qZHlkSzIolqsSYDxam&o=Dewa!VdlTxozKg8
2026-06-23 18:27:12,425 | INFO | Search page URL: https://fjdefile.phila.gov/efsfjd/zk_fjd_public_qry_03.zp_dktrpt_setup_idx?uid=w9qZHlkSzIolqsSYDxam&o=AbwdBVaiT!rzHdb
2026-06-23 18:27:12,426 | INFO | Filling Case ID: 2510T0052
2026-06-23 18:27:12,554 | INFO | Submitting search...
2026-06-23 18:27:17,767 | INFO | Result URL: https://fjdefile.phila.gov/efsfjd/zk_fjd_public_qry_03.zp_dktrpt_search
2026-06-23 18:27:17,853 | INFO | Progress saved to: data\output\cases_results.xlsx
2026-06-23 18:27:17,855 | INFO | Progress index saved: 51
2026-06-23 18:27:17,855 | INFO | Waiting 2s before next case...
2026-06-23 18:27:19,856 | INFO | 
===== Batch item 2/10 =====
2026-06-23 18:27:19,857 | INFO | Real index: 52/1213
2026-06-23 18:27:19,857 | INFO | 
Scraping Case ID: 2510T0053
2026-06-23 18:27:19,857 | INFO | Attempt 1/2
2026-06-23 18:27:19,857 | INFO | Opening main page...
2026-06-23 18:27:21,196 | INFO | Main page URL: https://fjdefile.phila.gov/efsfjd/zk_fjd_public_qry_00.zp_main_idx
2026-06-23 18:27:21,668 | INFO | Search page URL: https://fjdefile.phila.gov/efsfjd/zk_fjd_public_qry_03.zp_dktrpt_setup_idx?uid=w9qZHlkSzIolqsSYDxam&o=AbwdBVaiT!rzHdb
2026-06-23 18:27:21,668 | INFO | Filling Case ID: 2510T0053
2026-06-23 18:27:21,782 | INFO | Submitting search...
2026-06-23 18:27:23,934 | INFO | Result URL: https://fjdefile.phila.gov/efsfjd/zk_fjd_public_qry_03.zp_dktrpt_search
2026-06-23 18:27:24,021 | INFO | Progress saved to: data\output\cases_results.xlsx
2026-06-23 18:27:24,023 | INFO | Progress index saved: 52
2026-06-23 18:27:24,023 | INFO | Waiting 2s before next case...
2026-06-23 18:27:26,024 | INFO | 
===== Batch item 3/10 =====
2026-06-23 18:27:26,024 | INFO | Real index: 53/1213
2026-06-23 18:27:26,025 | INFO | 
Scraping Case ID: 2510T0054
2026-06-23 18:27:26,025 | INFO | Attempt 1/2
2026-06-23 18:27:26,025 | INFO | Opening main page...
2026-06-23 18:27:27,473 | INFO | Main page URL: https://fjdefile.phila.gov/efsfjd/zk_fjd_public_qry_00.zp_main_idx
2026-06-23 18:27:27,956 | INFO | Search page URL: https://fjdefile.phila.gov/efsfjd/zk_fjd_public_qry_03.zp_dktrpt_setup_idx?uid=w9qZHlkSzIolqsSYDxam&o=AbwdBVaiT!rzHdb
2026-06-23 18:27:27,956 | INFO | Filling Case ID: 2510T0054
2026-06-23 18:27:28,099 | INFO | Submitting search...
2026-06-23 18:27:30,470 | INFO | Result URL: https://fjdefile.phila.gov/efsfjd/zk_fjd_public_qry_03.zp_dktrpt_search
2026-06-23 18:27:30,583 | INFO | Progress saved to: data\output\cases_results.xlsx
2026-06-23 18:27:30,584 | INFO | Progress index saved: 53
2026-06-23 18:27:30,585 | INFO | Waiting 2s before next case...
2026-06-23 18:27:32,585 | INFO | 
===== Batch item 4/10 =====
2026-06-23 18:27:32,586 | INFO | Real index: 54/1213
2026-06-23 18:27:32,586 | INFO | 
Scraping Case ID: 2510T0055
2026-06-23 18:27:32,586 | INFO | Attempt 1/2
2026-06-23 18:27:32,587 | INFO | Opening main page...
2026-06-23 18:27:34,059 | INFO | Main page URL: https://fjdefile.phila.gov/efsfjd/zk_fjd_public_qry_00.zp_main_idx
2026-06-23 18:27:34,677 | INFO | Search page URL: https://fjdefile.phila.gov/efsfjd/zk_fjd_public_qry_03.zp_dktrpt_setup_idx?uid=w9qZHlkSzIolqsSYDxam&o=AbwdBVaiT!rzHdb
2026-06-23 18:27:34,678 | INFO | Filling Case ID: 2510T0055
2026-06-23 18:27:34,814 | INFO | Submitting search...
2026-06-23 18:27:38,047 | INFO | Result URL: https://fjdefile.phila.gov/efsfjd/zk_fjd_public_qry_03.zp_dktrpt_search
2026-06-23 18:27:38,172 | INFO | Progress saved to: data\output\cases_results.xlsx
2026-06-23 18:27:38,174 | INFO | Progress index saved: 54
2026-06-23 18:27:38,175 | INFO | Waiting 2s before next case...
2026-06-23 18:27:40,177 | INFO | 
===== Batch item 5/10 =====
2026-06-23 18:27:40,178 | INFO | Real index: 55/1213
2026-06-23 18:27:40,178 | INFO | 
Scraping Case ID: 2510T0056
2026-06-23 18:27:40,178 | INFO | Attempt 1/2
2026-06-23 18:27:40,178 | INFO | Opening main page...
2026-06-23 18:27:41,537 | INFO | Main page URL: https://fjdefile.phila.gov/efsfjd/zk_fjd_public_qry_00.zp_main_idx
2026-06-23 18:27:42,067 | INFO | Search page URL: https://fjdefile.phila.gov/efsfjd/zk_fjd_public_qry_03.zp_dktrpt_setup_idx?uid=w9qZHlkSzIolqsSYDxam&o=AbwdBVaiT!rzHdb
2026-06-23 18:27:42,068 | INFO | Filling Case ID: 2510T0056
2026-06-23 18:27:42,190 | INFO | Submitting search...
2026-06-23 18:27:44,867 | INFO | Result URL: https://fjdefile.phila.gov/efsfjd/zk_fjd_public_qry_03.zp_dktrpt_search
2026-06-23 18:27:44,939 | INFO | Progress saved to: data\output\cases_results.xlsx
2026-06-23 18:27:44,941 | INFO | Progress index saved: 55
2026-06-23 18:27:44,941 | INFO | Waiting 2s before next case...
2026-06-23 18:27:46,942 | INFO | 
===== Batch item 6/10 =====
2026-06-23 18:27:46,943 | INFO | Real index: 56/1213
2026-06-23 18:27:46,943 | INFO | 
Scraping Case ID: 2510T0057
2026-06-23 18:27:46,943 | INFO | Attempt 1/2
2026-06-23 18:27:46,943 | INFO | Opening main page...
2026-06-23 18:27:48,453 | INFO | Main page URL: https://fjdefile.phila.gov/efsfjd/zk_fjd_public_qry_00.zp_main_idx
2026-06-23 18:27:49,028 | INFO | Search page URL: https://fjdefile.phila.gov/efsfjd/zk_fjd_public_qry_03.zp_dktrpt_setup_idx?uid=w9qZHlkSzIolqsSYDxam&o=AbwdBVaiT!rzHdb
2026-06-23 18:27:49,029 | INFO | Filling Case ID: 2510T0057
2026-06-23 18:27:49,177 | INFO | Submitting search...
2026-06-23 18:27:52,822 | INFO | Result URL: https://fjdefile.phila.gov/efsfjd/zk_fjd_public_qry_03.zp_dktrpt_search
2026-06-23 18:27:52,902 | INFO | Progress saved to: data\output\cases_results.xlsx
2026-06-23 18:27:52,903 | INFO | Progress index saved: 56
2026-06-23 18:27:52,904 | INFO | Waiting 2s before next case...
2026-06-23 18:27:54,904 | INFO | 
===== Batch item 7/10 =====
2026-06-23 18:27:54,905 | INFO | Real index: 57/1213
2026-06-23 18:27:54,905 | INFO | 
Scraping Case ID: 2510T0058
2026-06-23 18:27:54,905 | INFO | Attempt 1/2
2026-06-23 18:27:54,905 | INFO | Opening main page...
2026-06-23 18:27:56,237 | INFO | Main page URL: https://fjdefile.phila.gov/efsfjd/zk_fjd_public_qry_00.zp_main_idx
2026-06-23 18:27:56,712 | INFO | Search page URL: https://fjdefile.phila.gov/efsfjd/zk_fjd_public_qry_03.zp_dktrpt_setup_idx?uid=w9qZHlkSzIolqsSYDxam&o=AbwdBVaiT!rzHdb
2026-06-23 18:27:56,713 | INFO | Filling Case ID: 2510T0058
2026-06-23 18:27:56,832 | INFO | Submitting search...
2026-06-23 18:27:59,427 | INFO | Result URL: https://fjdefile.phila.gov/efsfjd/zk_fjd_public_qry_03.zp_dktrpt_search
2026-06-23 18:27:59,508 | INFO | Progress saved to: data\output\cases_results.xlsx
2026-06-23 18:27:59,509 | INFO | Progress index saved: 57
2026-06-23 18:27:59,510 | INFO | Waiting 2s before next case...
2026-06-23 18:28:01,510 | INFO | 
===== Batch item 8/10 =====
2026-06-23 18:28:01,511 | INFO | Real index: 58/1213
2026-06-23 18:28:01,511 | INFO | 
Scraping Case ID: 2510T0059
2026-06-23 18:28:01,511 | INFO | Attempt 1/2
2026-06-23 18:28:01,511 | INFO | Opening main page...
2026-06-23 18:28:03,534 | INFO | Main page URL: https://fjdefile.phila.gov/efsfjd/zk_fjd_public_qry_00.zp_main_idx
2026-06-23 18:28:03,992 | INFO | Search page URL: https://fjdefile.phila.gov/efsfjd/zk_fjd_public_qry_03.zp_dktrpt_setup_idx?uid=w9qZHlkSzIolqsSYDxam&o=AbwdBVaiT!rzHdb
2026-06-23 18:28:03,992 | INFO | Filling Case ID: 2510T0059
2026-06-23 18:28:04,107 | INFO | Submitting search...
2026-06-23 18:28:05,898 | INFO | Result URL: https://fjdefile.phila.gov/efsfjd/zk_fjd_public_qry_03.zp_dktrpt_search
2026-06-23 18:28:05,969 | INFO | Progress saved to: data\output\cases_results.xlsx
2026-06-23 18:28:05,970 | INFO | Progress index saved: 58
2026-06-23 18:28:05,970 | INFO | Waiting 2s before next case...
2026-06-23 18:28:07,971 | INFO | 
===== Batch item 9/10 =====
2026-06-23 18:28:07,971 | INFO | Real index: 59/1213
2026-06-23 18:28:07,971 | INFO | 
Scraping Case ID: 2510T0060
2026-06-23 18:28:07,972 | INFO | Attempt 1/2
2026-06-23 18:28:07,972 | INFO | Opening main page...
2026-06-23 18:28:09,305 | INFO | Main page URL: https://fjdefile.phila.gov/efsfjd/zk_fjd_public_qry_00.zp_main_idx
2026-06-23 18:28:09,686 | INFO | Search page URL: https://fjdefile.phila.gov/efsfjd/zk_fjd_public_qry_03.zp_dktrpt_setup_idx?uid=w9qZHlkSzIolqsSYDxam&o=AbwdBVaiT!rzHdb
2026-06-23 18:28:09,687 | INFO | Filling Case ID: 2510T0060
2026-06-23 18:28:09,810 | INFO | Submitting search...
2026-06-23 18:28:11,506 | INFO | Result URL: https://fjdefile.phila.gov/efsfjd/zk_fjd_public_qry_03.zp_dktrpt_search
2026-06-23 18:28:11,587 | INFO | Progress saved to: data\output\cases_results.xlsx
2026-06-23 18:28:11,588 | INFO | Progress index saved: 59
2026-06-23 18:28:11,588 | INFO | Waiting 2s before next case...
2026-06-23 18:28:13,589 | INFO | 
===== Batch item 10/10 =====
2026-06-23 18:28:13,589 | INFO | Real index: 60/1213
2026-06-23 18:28:13,590 | INFO | 
Scraping Case ID: 2510T0061
2026-06-23 18:28:13,590 | INFO | Attempt 1/2
2026-06-23 18:28:13,590 | INFO | Opening main page...
2026-06-23 18:28:15,055 | INFO | Main page URL: https://fjdefile.phila.gov/efsfjd/zk_fjd_public_qry_00.zp_main_idx
2026-06-23 18:28:15,523 | INFO | Search page URL: https://fjdefile.phila.gov/efsfjd/zk_fjd_public_qry_03.zp_dktrpt_setup_idx?uid=w9qZHlkSzIolqsSYDxam&o=AbwdBVaiT!rzHdb
2026-06-23 18:28:15,524 | INFO | Filling Case ID: 2510T0061
2026-06-23 18:28:15,646 | INFO | Submitting search...
2026-06-23 18:28:17,839 | INFO | Result URL: https://fjdefile.phila.gov/efsfjd/zk_fjd_public_qry_03.zp_dktrpt_search
2026-06-23 18:28:17,917 | INFO | Progress saved to: data\output\cases_results.xlsx
2026-06-23 18:28:17,918 | INFO | Progress index saved: 60
2026-06-23 18:28:17,918 | INFO | Waiting 2s before next case...
2026-06-23 18:28:19,919 | INFO | 
Batch done. Output saved to: data\output\cases_results.xlsx
2026-06-23 18:28:19,919 | INFO | Batch complete. Closing browser...
2026-06-23 18:28:31,827 | INFO | Columns found: ['Case ID']
2026-06-23 18:28:31,830 | INFO | Loaded 1213 Case IDs from data\input\case_ids.xlsx
2026-06-23 18:28:31,830 | INFO | Starting from index: 60
2026-06-23 18:28:31,830 | INFO | Processing this batch: 10 cases
2026-06-23 18:28:31,864 | INFO | Loaded existing output rows: 60
2026-06-23 18:28:32,884 | INFO | 
===== Batch item 1/10 =====
2026-06-23 18:28:32,886 | INFO | Real index: 61/1213
2026-06-23 18:28:32,889 | INFO | 
Scraping Case ID: 2510T0063
2026-06-23 18:28:32,891 | INFO | Attempt 1/2
2026-06-23 18:28:32,893 | INFO | Opening main page...
2026-06-23 18:28:39,227 | INFO | Main page URL: https://fjdefile.phila.gov/efsfjd/zk_fjd_public_qry_00.zp_main_idx?uid=GglNAqzOvIolqsSYDxam&o=PlrYt0shPxozKg8
2026-06-23 18:28:40,521 | INFO | Search page URL: https://fjdefile.phila.gov/efsfjd/zk_fjd_public_qry_03.zp_dktrpt_setup_idx?uid=GglNAqzOvIolqsSYDxam&o=Mir1w0peP!rzHdb
2026-06-23 18:28:40,521 | INFO | Filling Case ID: 2510T0063
2026-06-23 18:28:40,650 | INFO | Submitting search...
2026-06-23 18:28:46,859 | INFO | Result URL: https://fjdefile.phila.gov/efsfjd/zk_fjd_public_qry_03.zp_dktrpt_search
2026-06-23 18:28:46,949 | INFO | Progress saved to: data\output\cases_results.xlsx
2026-06-23 18:28:46,950 | INFO | Progress index saved: 61
2026-06-23 18:28:46,950 | INFO | Waiting 2s before next case...
2026-06-23 18:28:48,951 | INFO | 
===== Batch item 2/10 =====
2026-06-23 18:28:48,951 | INFO | Real index: 62/1213
2026-06-23 18:28:48,951 | INFO | 
Scraping Case ID: 2510T0064
2026-06-23 18:28:48,951 | INFO | Attempt 1/2
2026-06-23 18:28:48,951 | INFO | Opening main page...
2026-06-23 18:28:50,314 | INFO | Main page URL: https://fjdefile.phila.gov/efsfjd/zk_fjd_public_qry_00.zp_main_idx
2026-06-23 18:28:50,725 | INFO | Search page URL: https://fjdefile.phila.gov/efsfjd/zk_fjd_public_qry_03.zp_dktrpt_setup_idx?uid=GglNAqzOvIolqsSYDxam&o=Mir1w0peP!rzHdb
2026-06-23 18:28:50,725 | INFO | Filling Case ID: 2510T0064
2026-06-23 18:28:50,845 | INFO | Submitting search...
2026-06-23 18:28:52,650 | INFO | Result URL: https://fjdefile.phila.gov/efsfjd/zk_fjd_public_qry_03.zp_dktrpt_search
2026-06-23 18:28:52,728 | INFO | Progress saved to: data\output\cases_results.xlsx
2026-06-23 18:28:52,730 | INFO | Progress index saved: 62
2026-06-23 18:28:52,730 | INFO | Waiting 2s before next case...
2026-06-23 18:28:54,731 | INFO | 
===== Batch item 3/10 =====
2026-06-23 18:28:54,731 | INFO | Real index: 63/1213
2026-06-23 18:28:54,732 | INFO | 
Scraping Case ID: 2510T0065
2026-06-23 18:28:54,732 | INFO | Attempt 1/2
2026-06-23 18:28:54,732 | INFO | Opening main page...
2026-06-23 18:28:56,069 | INFO | Main page URL: https://fjdefile.phila.gov/efsfjd/zk_fjd_public_qry_00.zp_main_idx
2026-06-23 18:28:56,450 | INFO | Search page URL: https://fjdefile.phila.gov/efsfjd/zk_fjd_public_qry_03.zp_dktrpt_setup_idx?uid=GglNAqzOvIolqsSYDxam&o=Mir1w0peP!rzHdb
2026-06-23 18:28:56,450 | INFO | Filling Case ID: 2510T0065
2026-06-23 18:28:56,586 | INFO | Submitting search...
2026-06-23 18:28:58,205 | INFO | Result URL: https://fjdefile.phila.gov/efsfjd/zk_fjd_public_qry_03.zp_dktrpt_search
2026-06-23 18:28:58,279 | INFO | Progress saved to: data\output\cases_results.xlsx
2026-06-23 18:28:58,280 | INFO | Progress index saved: 63
2026-06-23 18:28:58,280 | INFO | Waiting 2s before next case...
2026-06-23 18:29:00,282 | INFO | 
===== Batch item 4/10 =====
2026-06-23 18:29:00,282 | INFO | Real index: 64/1213
2026-06-23 18:29:00,282 | INFO | 
Scraping Case ID: 2510T0066
2026-06-23 18:29:00,282 | INFO | Attempt 1/2
2026-06-23 18:29:00,282 | INFO | Opening main page...
2026-06-23 18:29:01,606 | INFO | Main page URL: https://fjdefile.phila.gov/efsfjd/zk_fjd_public_qry_00.zp_main_idx
2026-06-23 18:29:02,002 | INFO | Search page URL: https://fjdefile.phila.gov/efsfjd/zk_fjd_public_qry_03.zp_dktrpt_setup_idx?uid=GglNAqzOvIolqsSYDxam&o=Mir1w0peP!rzHdb
2026-06-23 18:29:02,002 | INFO | Filling Case ID: 2510T0066
2026-06-23 18:29:02,123 | INFO | Submitting search...
2026-06-23 18:29:04,322 | INFO | Result URL: https://fjdefile.phila.gov/efsfjd/zk_fjd_public_qry_03.zp_dktrpt_search
2026-06-23 18:29:04,432 | INFO | Progress saved to: data\output\cases_results.xlsx
2026-06-23 18:29:04,434 | INFO | Progress index saved: 64
2026-06-23 18:29:04,435 | INFO | Waiting 2s before next case...
2026-06-23 18:29:06,435 | INFO | 
===== Batch item 5/10 =====
2026-06-23 18:29:06,436 | INFO | Real index: 65/1213
2026-06-23 18:29:06,436 | INFO | 
Scraping Case ID: 2510T0067
2026-06-23 18:29:06,436 | INFO | Attempt 1/2
2026-06-23 18:29:06,437 | INFO | Opening main page...
2026-06-23 18:29:07,784 | INFO | Main page URL: https://fjdefile.phila.gov/efsfjd/zk_fjd_public_qry_00.zp_main_idx
2026-06-23 18:29:08,350 | INFO | Search page URL: https://fjdefile.phila.gov/efsfjd/zk_fjd_public_qry_03.zp_dktrpt_setup_idx?uid=GglNAqzOvIolqsSYDxam&o=Mir1w0peP!rzHdb
2026-06-23 18:29:08,354 | INFO | Filling Case ID: 2510T0067
2026-06-23 18:29:08,526 | INFO | Submitting search...
2026-06-23 18:29:10,753 | INFO | Result URL: https://fjdefile.phila.gov/efsfjd/zk_fjd_public_qry_03.zp_dktrpt_search
2026-06-23 18:29:10,858 | INFO | Progress saved to: data\output\cases_results.xlsx
2026-06-23 18:29:10,859 | INFO | Progress index saved: 65
2026-06-23 18:29:10,859 | INFO | Waiting 2s before next case...
2026-06-23 18:29:12,860 | INFO | 
===== Batch item 6/10 =====
2026-06-23 18:29:12,860 | INFO | Real index: 66/1213
2026-06-23 18:29:12,860 | INFO | 
Scraping Case ID: 2510T0068
2026-06-23 18:29:12,860 | INFO | Attempt 1/2
2026-06-23 18:29:12,860 | INFO | Opening main page...
2026-06-23 18:29:14,432 | INFO | Main page URL: https://fjdefile.phila.gov/efsfjd/zk_fjd_public_qry_00.zp_main_idx
2026-06-23 18:29:15,030 | INFO | Search page URL: https://fjdefile.phila.gov/efsfjd/zk_fjd_public_qry_03.zp_dktrpt_setup_idx?uid=GglNAqzOvIolqsSYDxam&o=Mir1w0peP!rzHdb
2026-06-23 18:29:15,030 | INFO | Filling Case ID: 2510T0068
2026-06-23 18:29:15,155 | INFO | Submitting search...
2026-06-23 18:29:17,644 | INFO | Result URL: https://fjdefile.phila.gov/efsfjd/zk_fjd_public_qry_03.zp_dktrpt_search
2026-06-23 18:29:17,759 | INFO | Progress saved to: data\output\cases_results.xlsx
2026-06-23 18:29:17,762 | INFO | Progress index saved: 66
2026-06-23 18:29:17,762 | INFO | Waiting 2s before next case...
2026-06-23 18:29:19,764 | INFO | 
===== Batch item 7/10 =====
2026-06-23 18:29:19,765 | INFO | Real index: 67/1213
2026-06-23 18:29:19,765 | INFO | 
Scraping Case ID: 2510T0069
2026-06-23 18:29:19,765 | INFO | Attempt 1/2
2026-06-23 18:29:19,765 | INFO | Opening main page...
2026-06-23 18:29:21,113 | INFO | Main page URL: https://fjdefile.phila.gov/efsfjd/zk_fjd_public_qry_00.zp_main_idx
2026-06-23 18:29:21,733 | INFO | Search page URL: https://fjdefile.phila.gov/efsfjd/zk_fjd_public_qry_03.zp_dktrpt_setup_idx?uid=GglNAqzOvIolqsSYDxam&o=Mir1w0peP!rzHdb
2026-06-23 18:29:21,734 | INFO | Filling Case ID: 2510T0069
2026-06-23 18:29:21,890 | INFO | Submitting search...
2026-06-23 18:29:25,005 | INFO | Result URL: https://fjdefile.phila.gov/efsfjd/zk_fjd_public_qry_03.zp_dktrpt_search
2026-06-23 18:29:25,125 | INFO | Progress saved to: data\output\cases_results.xlsx
2026-06-23 18:29:25,126 | INFO | Progress index saved: 67
2026-06-23 18:29:25,127 | INFO | Waiting 2s before next case...
2026-06-23 18:29:27,128 | INFO | 
===== Batch item 8/10 =====
2026-06-23 18:29:27,128 | INFO | Real index: 68/1213
2026-06-23 18:29:27,129 | INFO | 
Scraping Case ID: 2510T0070
2026-06-23 18:29:27,129 | INFO | Attempt 1/2
2026-06-23 18:29:27,129 | INFO | Opening main page...
2026-06-23 18:29:28,927 | INFO | Main page URL: https://fjdefile.phila.gov/efsfjd/zk_fjd_public_qry_00.zp_main_idx
2026-06-23 18:29:29,807 | INFO | Search page URL: https://fjdefile.phila.gov/efsfjd/zk_fjd_public_qry_03.zp_dktrpt_setup_idx?uid=GglNAqzOvIolqsSYDxam&o=Mir1w0peP!rzHdb
2026-06-23 18:29:29,808 | INFO | Filling Case ID: 2510T0070
2026-06-23 18:29:29,986 | INFO | Submitting search...
2026-06-23 18:29:32,856 | INFO | Result URL: https://fjdefile.phila.gov/efsfjd/zk_fjd_public_qry_03.zp_dktrpt_search
2026-06-23 18:29:32,930 | INFO | Progress saved to: data\output\cases_results.xlsx
2026-06-23 18:29:32,931 | INFO | Progress index saved: 68
2026-06-23 18:29:32,931 | INFO | Waiting 2s before next case...
2026-06-23 18:29:34,931 | INFO | 
===== Batch item 9/10 =====
2026-06-23 18:29:34,932 | INFO | Real index: 69/1213
2026-06-23 18:29:34,933 | INFO | 
Scraping Case ID: 2510T0071
2026-06-23 18:29:34,933 | INFO | Attempt 1/2
2026-06-23 18:29:34,933 | INFO | Opening main page...
2026-06-23 18:29:36,387 | INFO | Main page URL: https://fjdefile.phila.gov/efsfjd/zk_fjd_public_qry_00.zp_main_idx
2026-06-23 18:29:37,169 | INFO | Search page URL: https://fjdefile.phila.gov/efsfjd/zk_fjd_public_qry_03.zp_dktrpt_setup_idx?uid=GglNAqzOvIolqsSYDxam&o=Mir1w0peP!rzHdb
2026-06-23 18:29:37,173 | INFO | Filling Case ID: 2510T0071
2026-06-23 18:29:37,356 | INFO | Submitting search...
2026-06-23 18:29:40,510 | INFO | Result URL: https://fjdefile.phila.gov/efsfjd/zk_fjd_public_qry_03.zp_dktrpt_search
2026-06-23 18:29:40,617 | INFO | Progress saved to: data\output\cases_results.xlsx
2026-06-23 18:29:40,618 | INFO | Progress index saved: 69
2026-06-23 18:29:40,619 | INFO | Waiting 2s before next case...
2026-06-23 18:29:42,620 | INFO | 
===== Batch item 10/10 =====
2026-06-23 18:29:42,620 | INFO | Real index: 70/1213
2026-06-23 18:29:42,621 | INFO | 
Scraping Case ID: 2510T0072
2026-06-23 18:29:42,621 | INFO | Attempt 1/2
2026-06-23 18:29:42,621 | INFO | Opening main page...
2026-06-23 18:29:43,956 | INFO | Main page URL: https://fjdefile.phila.gov/efsfjd/zk_fjd_public_qry_00.zp_main_idx
2026-06-23 18:29:44,461 | INFO | Search page URL: https://fjdefile.phila.gov/efsfjd/zk_fjd_public_qry_03.zp_dktrpt_setup_idx?uid=GglNAqzOvIolqsSYDxam&o=Mir1w0peP!rzHdb
2026-06-23 18:29:44,461 | INFO | Filling Case ID: 2510T0072
2026-06-23 18:29:44,595 | INFO | Submitting search...
2026-06-23 18:29:47,439 | INFO | Result URL: https://fjdefile.phila.gov/efsfjd/zk_fjd_public_qry_03.zp_dktrpt_search
2026-06-23 18:29:47,517 | INFO | Progress saved to: data\output\cases_results.xlsx
2026-06-23 18:29:47,518 | INFO | Progress index saved: 70
2026-06-23 18:29:47,518 | INFO | Waiting 2s before next case...
2026-06-23 18:29:49,519 | INFO | 
Batch done. Output saved to: data\output\cases_results.xlsx
2026-06-23 18:29:49,519 | INFO | Batch complete. Closing browser...
2026-06-23 18:30:02,199 | INFO | Columns found: ['Case ID']
2026-06-23 18:30:02,201 | INFO | Loaded 1213 Case IDs from data\input\case_ids.xlsx
2026-06-23 18:30:02,201 | INFO | Starting from index: 70
2026-06-23 18:30:02,201 | INFO | Processing this batch: 10 cases
2026-06-23 18:30:02,269 | INFO | Loaded existing output rows: 70
2026-06-23 18:30:03,720 | INFO | 
===== Batch item 1/10 =====
2026-06-23 18:30:03,789 | INFO | Real index: 71/1213
2026-06-23 18:30:03,806 | INFO | 
Scraping Case ID: 2510T0073
2026-06-23 18:30:03,817 | INFO | Attempt 1/2
2026-06-23 18:30:03,821 | INFO | Opening main page...
2026-06-23 18:30:07,620 | INFO | Main page URL: https://fjdefile.phila.gov/efsfjd/zk_fjd_public_qry_00.zp_main_idx?uid=ubu1FhoMBIolqsSYDxam&o=Bg!cyRhfXxozKg8
2026-06-23 18:30:08,422 | INFO | Search page URL: https://fjdefile.phila.gov/efsfjd/zk_fjd_public_qry_03.zp_dktrpt_setup_idx?uid=ubu1FhoMBIolqsSYDxam&o=!d!f_RecX!rzHdb
2026-06-23 18:30:08,423 | INFO | Filling Case ID: 2510T0073
2026-06-23 18:30:08,598 | INFO | Submitting search...
2026-06-23 18:30:12,505 | INFO | Result URL: https://fjdefile.phila.gov/efsfjd/zk_fjd_public_qry_03.zp_dktrpt_search
2026-06-23 18:30:12,632 | INFO | Progress saved to: data\output\cases_results.xlsx
2026-06-23 18:30:12,634 | INFO | Progress index saved: 71
2026-06-23 18:30:12,634 | INFO | Waiting 2s before next case...
2026-06-23 18:30:14,635 | INFO | 
===== Batch item 2/10 =====
2026-06-23 18:30:14,635 | INFO | Real index: 72/1213
2026-06-23 18:30:14,636 | INFO | 
Scraping Case ID: 2510T0074
2026-06-23 18:30:14,636 | INFO | Attempt 1/2
2026-06-23 18:30:14,637 | INFO | Opening main page...
2026-06-23 18:30:16,090 | INFO | Main page URL: https://fjdefile.phila.gov/efsfjd/zk_fjd_public_qry_00.zp_main_idx
2026-06-23 18:30:16,848 | INFO | Search page URL: https://fjdefile.phila.gov/efsfjd/zk_fjd_public_qry_03.zp_dktrpt_setup_idx?uid=ubu1FhoMBIolqsSYDxam&o=!d!f_RecX!rzHdb
2026-06-23 18:30:16,849 | INFO | Filling Case ID: 2510T0074
2026-06-23 18:30:17,018 | INFO | Submitting search...
2026-06-23 18:30:20,813 | INFO | Result URL: https://fjdefile.phila.gov/efsfjd/zk_fjd_public_qry_03.zp_dktrpt_search
2026-06-23 18:30:20,970 | INFO | Progress saved to: data\output\cases_results.xlsx
2026-06-23 18:30:20,973 | INFO | Progress index saved: 72
2026-06-23 18:30:20,974 | INFO | Waiting 2s before next case...
2026-06-23 18:30:22,976 | INFO | 
===== Batch item 3/10 =====
2026-06-23 18:30:22,977 | INFO | Real index: 73/1213
2026-06-23 18:30:22,977 | INFO | 
Scraping Case ID: 2510T0075
2026-06-23 18:30:22,977 | INFO | Attempt 1/2
2026-06-23 18:30:22,977 | INFO | Opening main page...
2026-06-23 18:30:24,475 | INFO | Main page URL: https://fjdefile.phila.gov/efsfjd/zk_fjd_public_qry_00.zp_main_idx
2026-06-23 18:30:25,250 | INFO | Search page URL: https://fjdefile.phila.gov/efsfjd/zk_fjd_public_qry_03.zp_dktrpt_setup_idx?uid=ubu1FhoMBIolqsSYDxam&o=!d!f_RecX!rzHdb
2026-06-23 18:30:25,250 | INFO | Filling Case ID: 2510T0075
2026-06-23 18:30:25,374 | INFO | Submitting search...
2026-06-23 18:30:28,854 | INFO | Result URL: https://fjdefile.phila.gov/efsfjd/zk_fjd_public_qry_03.zp_dktrpt_search
2026-06-23 18:30:28,982 | INFO | Progress saved to: data\output\cases_results.xlsx
2026-06-23 18:30:28,984 | INFO | Progress index saved: 73
2026-06-23 18:30:28,984 | INFO | Waiting 2s before next case...
2026-06-23 18:30:30,985 | INFO | 
===== Batch item 4/10 =====
2026-06-23 18:30:30,986 | INFO | Real index: 74/1213
2026-06-23 18:30:30,986 | INFO | 
Scraping Case ID: 2510T0076
2026-06-23 18:30:30,986 | INFO | Attempt 1/2
2026-06-23 18:30:30,986 | INFO | Opening main page...
2026-06-23 18:30:32,415 | INFO | Main page URL: https://fjdefile.phila.gov/efsfjd/zk_fjd_public_qry_00.zp_main_idx
2026-06-23 18:30:33,062 | INFO | Search page URL: https://fjdefile.phila.gov/efsfjd/zk_fjd_public_qry_03.zp_dktrpt_setup_idx?uid=ubu1FhoMBIolqsSYDxam&o=!d!f_RecX!rzHdb
2026-06-23 18:30:33,063 | INFO | Filling Case ID: 2510T0076
2026-06-23 18:30:33,204 | INFO | Submitting search...
2026-06-23 18:30:37,134 | INFO | Result URL: https://fjdefile.phila.gov/efsfjd/zk_fjd_public_qry_03.zp_dktrpt_search
2026-06-23 18:30:37,283 | INFO | Progress saved to: data\output\cases_results.xlsx
2026-06-23 18:30:37,285 | INFO | Progress index saved: 74
2026-06-23 18:30:37,286 | INFO | Waiting 2s before next case...
2026-06-23 18:30:39,287 | INFO | 
===== Batch item 5/10 =====
2026-06-23 18:30:39,287 | INFO | Real index: 75/1213
2026-06-23 18:30:39,288 | INFO | 
Scraping Case ID: 2510T0077
2026-06-23 18:30:39,288 | INFO | Attempt 1/2
2026-06-23 18:30:39,288 | INFO | Opening main page...
2026-06-23 18:30:40,777 | INFO | Main page URL: https://fjdefile.phila.gov/efsfjd/zk_fjd_public_qry_00.zp_main_idx
2026-06-23 18:30:42,125 | INFO | Search page URL: https://fjdefile.phila.gov/efsfjd/zk_fjd_public_qry_03.zp_dktrpt_setup_idx?uid=ubu1FhoMBIolqsSYDxam&o=!d!f_RecX!rzHdb
2026-06-23 18:30:42,126 | INFO | Filling Case ID: 2510T0077
2026-06-23 18:30:42,257 | INFO | Submitting search...
2026-06-23 18:30:44,606 | INFO | Result URL: https://fjdefile.phila.gov/efsfjd/zk_fjd_public_qry_03.zp_dktrpt_search
2026-06-23 18:30:44,700 | INFO | Progress saved to: data\output\cases_results.xlsx
2026-06-23 18:30:44,702 | INFO | Progress index saved: 75
2026-06-23 18:30:44,702 | INFO | Waiting 2s before next case...
2026-06-23 18:30:46,703 | INFO | 
===== Batch item 6/10 =====
2026-06-23 18:30:46,704 | INFO | Real index: 76/1213
2026-06-23 18:30:46,704 | INFO | 
Scraping Case ID: 2510T0078
2026-06-23 18:30:46,704 | INFO | Attempt 1/2
2026-06-23 18:30:46,705 | INFO | Opening main page...
2026-06-23 18:30:48,134 | INFO | Main page URL: https://fjdefile.phila.gov/efsfjd/zk_fjd_public_qry_00.zp_main_idx
2026-06-23 18:30:48,883 | INFO | Search page URL: https://fjdefile.phila.gov/efsfjd/zk_fjd_public_qry_03.zp_dktrpt_setup_idx?uid=ubu1FhoMBIolqsSYDxam&o=!d!f_RecX!rzHdb
2026-06-23 18:30:48,884 | INFO | Filling Case ID: 2510T0078
2026-06-23 18:30:49,025 | INFO | Submitting search...
2026-06-23 18:30:51,640 | INFO | Result URL: https://fjdefile.phila.gov/efsfjd/zk_fjd_public_qry_03.zp_dktrpt_search
2026-06-23 18:30:51,771 | INFO | Progress saved to: data\output\cases_results.xlsx
2026-06-23 18:30:51,773 | INFO | Progress index saved: 76
2026-06-23 18:30:51,774 | INFO | Waiting 2s before next case...
2026-06-23 18:30:53,774 | INFO | 
===== Batch item 7/10 =====
2026-06-23 18:30:53,775 | INFO | Real index: 77/1213
2026-06-23 18:30:53,775 | INFO | 
Scraping Case ID: 2510T0079
2026-06-23 18:30:53,776 | INFO | Attempt 1/2
2026-06-23 18:30:53,776 | INFO | Opening main page...
2026-06-23 18:30:55,110 | INFO | Main page URL: https://fjdefile.phila.gov/efsfjd/zk_fjd_public_qry_00.zp_main_idx
2026-06-23 18:30:55,543 | INFO | Search page URL: https://fjdefile.phila.gov/efsfjd/zk_fjd_public_qry_03.zp_dktrpt_setup_idx?uid=ubu1FhoMBIolqsSYDxam&o=!d!f_RecX!rzHdb
2026-06-23 18:30:55,544 | INFO | Filling Case ID: 2510T0079
2026-06-23 18:30:55,658 | INFO | Submitting search...
2026-06-23 18:30:57,403 | INFO | Result URL: https://fjdefile.phila.gov/efsfjd/zk_fjd_public_qry_03.zp_dktrpt_search
2026-06-23 18:30:57,493 | INFO | Progress saved to: data\output\cases_results.xlsx
2026-06-23 18:30:57,495 | INFO | Progress index saved: 77
2026-06-23 18:30:57,498 | INFO | Waiting 2s before next case...
2026-06-23 18:30:59,503 | INFO | 
===== Batch item 8/10 =====
2026-06-23 18:30:59,504 | INFO | Real index: 78/1213
2026-06-23 18:30:59,505 | INFO | 
Scraping Case ID: 2510T0080
2026-06-23 18:30:59,505 | INFO | Attempt 1/2
2026-06-23 18:30:59,505 | INFO | Opening main page...
2026-06-23 18:31:00,908 | INFO | Main page URL: https://fjdefile.phila.gov/efsfjd/zk_fjd_public_qry_00.zp_main_idx
2026-06-23 18:31:01,536 | INFO | Search page URL: https://fjdefile.phila.gov/efsfjd/zk_fjd_public_qry_03.zp_dktrpt_setup_idx?uid=ubu1FhoMBIolqsSYDxam&o=!d!f_RecX!rzHdb
2026-06-23 18:31:01,537 | INFO | Filling Case ID: 2510T0080
2026-06-23 18:31:01,675 | INFO | Submitting search...
2026-06-23 18:31:03,334 | INFO | Result URL: https://fjdefile.phila.gov/efsfjd/zk_fjd_public_qry_03.zp_dktrpt_search
2026-06-23 18:31:03,422 | INFO | Progress saved to: data\output\cases_results.xlsx
2026-06-23 18:31:03,424 | INFO | Progress index saved: 78
2026-06-23 18:31:03,424 | INFO | Waiting 2s before next case...
2026-06-23 18:31:05,424 | INFO | 
===== Batch item 9/10 =====
2026-06-23 18:31:05,425 | INFO | Real index: 79/1213
2026-06-23 18:31:05,425 | INFO | 
Scraping Case ID: 2510T0081
2026-06-23 18:31:05,425 | INFO | Attempt 1/2
2026-06-23 18:31:05,425 | INFO | Opening main page...
2026-06-23 18:31:06,831 | INFO | Main page URL: https://fjdefile.phila.gov/efsfjd/zk_fjd_public_qry_00.zp_main_idx
2026-06-23 18:31:07,305 | INFO | Search page URL: https://fjdefile.phila.gov/efsfjd/zk_fjd_public_qry_03.zp_dktrpt_setup_idx?uid=ubu1FhoMBIolqsSYDxam&o=!d!f_RecX!rzHdb
2026-06-23 18:31:07,306 | INFO | Filling Case ID: 2510T0081
2026-06-23 18:31:07,424 | INFO | Submitting search...
2026-06-23 18:31:09,416 | INFO | Result URL: https://fjdefile.phila.gov/efsfjd/zk_fjd_public_qry_03.zp_dktrpt_search
2026-06-23 18:31:09,497 | INFO | Progress saved to: data\output\cases_results.xlsx
2026-06-23 18:31:09,499 | INFO | Progress index saved: 79
2026-06-23 18:31:09,500 | INFO | Waiting 2s before next case...
2026-06-23 18:31:11,501 | INFO | 
===== Batch item 10/10 =====
2026-06-23 18:31:11,501 | INFO | Real index: 80/1213
2026-06-23 18:31:11,501 | INFO | 
Scraping Case ID: 2510T0082
2026-06-23 18:31:11,502 | INFO | Attempt 1/2
2026-06-23 18:31:11,502 | INFO | Opening main page...
2026-06-23 18:31:12,844 | INFO | Main page URL: https://fjdefile.phila.gov/efsfjd/zk_fjd_public_qry_00.zp_main_idx
2026-06-23 18:31:13,334 | INFO | Search page URL: https://fjdefile.phila.gov/efsfjd/zk_fjd_public_qry_03.zp_dktrpt_setup_idx?uid=ubu1FhoMBIolqsSYDxam&o=!d!f_RecX!rzHdb
2026-06-23 18:31:13,335 | INFO | Filling Case ID: 2510T0082
2026-06-23 18:31:13,453 | INFO | Submitting search...
2026-06-23 18:31:15,598 | INFO | Result URL: https://fjdefile.phila.gov/efsfjd/zk_fjd_public_qry_03.zp_dktrpt_search
2026-06-23 18:31:15,673 | INFO | Progress saved to: data\output\cases_results.xlsx
2026-06-23 18:31:15,674 | INFO | Progress index saved: 80
2026-06-23 18:31:15,674 | INFO | Waiting 2s before next case...
2026-06-23 18:31:17,674 | INFO | 
Batch done. Output saved to: data\output\cases_results.xlsx
2026-06-23 18:31:17,675 | INFO | Batch complete. Closing browser...
2026-06-23 18:31:30,356 | INFO | Columns found: ['Case ID']
2026-06-23 18:31:30,358 | INFO | Loaded 1213 Case IDs from data\input\case_ids.xlsx
2026-06-23 18:31:30,358 | INFO | Starting from index: 80
2026-06-23 18:31:30,358 | INFO | Processing this batch: 10 cases
2026-06-23 18:31:30,426 | INFO | Loaded existing output rows: 80
2026-06-23 18:31:31,885 | INFO | 
===== Batch item 1/10 =====
2026-06-23 18:31:31,886 | INFO | Real index: 81/1213
2026-06-23 18:31:31,887 | INFO | 
Scraping Case ID: 2510T0083
2026-06-23 18:31:31,888 | INFO | Attempt 1/2
2026-06-23 18:31:31,888 | INFO | Opening main page...
2026-06-23 18:31:35,390 | INFO | Main page URL: https://fjdefile.phila.gov/efsfjd/zk_fjd_public_qry_00.zp_main_idx?uid=B9jSHtpMzIolqsSYDxam&o=Kep3!3ifTxozKg8
2026-06-23 18:31:36,003 | INFO | Search page URL: https://fjdefile.phila.gov/efsfjd/zk_fjd_public_qry_03.zp_dktrpt_setup_idx?uid=B9jSHtpMzIolqsSYDxam&o=Hbp6B3fcT!rzHdb
2026-06-23 18:31:36,003 | INFO | Filling Case ID: 2510T0083
2026-06-23 18:31:36,151 | INFO | Submitting search...
2026-06-23 18:31:39,059 | INFO | Result URL: https://fjdefile.phila.gov/efsfjd/zk_fjd_public_qry_03.zp_dktrpt_search
2026-06-23 18:31:39,174 | INFO | Progress saved to: data\output\cases_results.xlsx
2026-06-23 18:31:39,175 | INFO | Progress index saved: 81
2026-06-23 18:31:39,175 | INFO | Waiting 2s before next case...
2026-06-23 18:31:41,176 | INFO | 
===== Batch item 2/10 =====
2026-06-23 18:31:41,177 | INFO | Real index: 82/1213
2026-06-23 18:31:41,178 | INFO | 
Scraping Case ID: 2510T0084
2026-06-23 18:31:41,178 | INFO | Attempt 1/2
2026-06-23 18:31:41,178 | INFO | Opening main page...
2026-06-23 18:31:42,562 | INFO | Main page URL: https://fjdefile.phila.gov/efsfjd/zk_fjd_public_qry_00.zp_main_idx
2026-06-23 18:31:42,941 | INFO | Search page URL: https://fjdefile.phila.gov/efsfjd/zk_fjd_public_qry_03.zp_dktrpt_setup_idx?uid=B9jSHtpMzIolqsSYDxam&o=Hbp6B3fcT!rzHdb
2026-06-23 18:31:42,942 | INFO | Filling Case ID: 2510T0084
2026-06-23 18:31:43,075 | INFO | Submitting search...
2026-06-23 18:31:44,667 | INFO | Result URL: https://fjdefile.phila.gov/efsfjd/zk_fjd_public_qry_03.zp_dktrpt_search
2026-06-23 18:31:44,731 | INFO | Progress saved to: data\output\cases_results.xlsx
2026-06-23 18:31:44,732 | INFO | Progress index saved: 82
2026-06-23 18:31:44,732 | INFO | Waiting 2s before next case...
2026-06-23 18:31:46,733 | INFO | 
===== Batch item 3/10 =====
2026-06-23 18:31:46,733 | INFO | Real index: 83/1213
2026-06-23 18:31:46,733 | INFO | 
Scraping Case ID: 2510T0085
2026-06-23 18:31:46,733 | INFO | Attempt 1/2
2026-06-23 18:31:46,734 | INFO | Opening main page...
2026-06-23 18:31:48,072 | INFO | Main page URL: https://fjdefile.phila.gov/efsfjd/zk_fjd_public_qry_00.zp_main_idx
2026-06-23 18:31:48,532 | INFO | Search page URL: https://fjdefile.phila.gov/efsfjd/zk_fjd_public_qry_03.zp_dktrpt_setup_idx?uid=B9jSHtpMzIolqsSYDxam&o=Hbp6B3fcT!rzHdb
2026-06-23 18:31:48,533 | INFO | Filling Case ID: 2510T0085
2026-06-23 18:31:48,646 | INFO | Submitting search...
2026-06-23 18:31:51,088 | INFO | Result URL: https://fjdefile.phila.gov/efsfjd/zk_fjd_public_qry_03.zp_dktrpt_search
2026-06-23 18:31:51,208 | INFO | Progress saved to: data\output\cases_results.xlsx
2026-06-23 18:31:51,210 | INFO | Progress index saved: 83
2026-06-23 18:31:51,210 | INFO | Waiting 2s before next case...
2026-06-23 18:31:53,211 | INFO | 
===== Batch item 4/10 =====
2026-06-23 18:31:53,211 | INFO | Real index: 84/1213
2026-06-23 18:31:53,212 | INFO | 
Scraping Case ID: 2510T0086
2026-06-23 18:31:53,212 | INFO | Attempt 1/2
2026-06-23 18:31:53,213 | INFO | Opening main page...
2026-06-23 18:31:54,541 | INFO | Main page URL: https://fjdefile.phila.gov/efsfjd/zk_fjd_public_qry_00.zp_main_idx
2026-06-23 18:31:55,017 | INFO | Search page URL: https://fjdefile.phila.gov/efsfjd/zk_fjd_public_qry_03.zp_dktrpt_setup_idx?uid=B9jSHtpMzIolqsSYDxam&o=Hbp6B3fcT!rzHdb
2026-06-23 18:31:55,018 | INFO | Filling Case ID: 2510T0086
2026-06-23 18:31:55,135 | INFO | Submitting search...
2026-06-23 18:31:57,346 | INFO | Result URL: https://fjdefile.phila.gov/efsfjd/zk_fjd_public_qry_03.zp_dktrpt_search
2026-06-23 18:31:57,417 | INFO | Progress saved to: data\output\cases_results.xlsx
2026-06-23 18:31:57,418 | INFO | Progress index saved: 84
2026-06-23 18:31:57,418 | INFO | Waiting 2s before next case...
2026-06-23 18:31:59,419 | INFO | 
===== Batch item 5/10 =====
2026-06-23 18:31:59,419 | INFO | Real index: 85/1213
2026-06-23 18:31:59,420 | INFO | 
Scraping Case ID: 2510T0087
2026-06-23 18:31:59,420 | INFO | Attempt 1/2
2026-06-23 18:31:59,420 | INFO | Opening main page...
2026-06-23 18:32:00,743 | INFO | Main page URL: https://fjdefile.phila.gov/efsfjd/zk_fjd_public_qry_00.zp_main_idx
2026-06-23 18:32:01,112 | INFO | Search page URL: https://fjdefile.phila.gov/efsfjd/zk_fjd_public_qry_03.zp_dktrpt_setup_idx?uid=B9jSHtpMzIolqsSYDxam&o=Hbp6B3fcT!rzHdb
2026-06-23 18:32:01,113 | INFO | Filling Case ID: 2510T0087
2026-06-23 18:32:01,224 | INFO | Submitting search...
2026-06-23 18:32:03,426 | INFO | Result URL: https://fjdefile.phila.gov/efsfjd/zk_fjd_public_qry_03.zp_dktrpt_search
2026-06-23 18:32:03,520 | INFO | Progress saved to: data\output\cases_results.xlsx
2026-06-23 18:32:03,521 | INFO | Progress index saved: 85
2026-06-23 18:32:03,521 | INFO | Waiting 2s before next case...
2026-06-23 18:32:05,521 | INFO | 
===== Batch item 6/10 =====
2026-06-23 18:32:05,522 | INFO | Real index: 86/1213
2026-06-23 18:32:05,522 | INFO | 
Scraping Case ID: 2510T0088
2026-06-23 18:32:05,522 | INFO | Attempt 1/2
2026-06-23 18:32:05,522 | INFO | Opening main page...
2026-06-23 18:32:06,854 | INFO | Main page URL: https://fjdefile.phila.gov/efsfjd/zk_fjd_public_qry_00.zp_main_idx
2026-06-23 18:32:07,319 | INFO | Search page URL: https://fjdefile.phila.gov/efsfjd/zk_fjd_public_qry_03.zp_dktrpt_setup_idx?uid=B9jSHtpMzIolqsSYDxam&o=Hbp6B3fcT!rzHdb
2026-06-23 18:32:07,319 | INFO | Filling Case ID: 2510T0088
2026-06-23 18:32:07,446 | INFO | Submitting search...
2026-06-23 18:32:09,642 | INFO | Result URL: https://fjdefile.phila.gov/efsfjd/zk_fjd_public_qry_03.zp_dktrpt_search
2026-06-23 18:32:09,746 | INFO | Progress saved to: data\output\cases_results.xlsx
2026-06-23 18:32:09,747 | INFO | Progress index saved: 86
2026-06-23 18:32:09,748 | INFO | Waiting 2s before next case...
2026-06-23 18:32:11,748 | INFO | 
===== Batch item 7/10 =====
2026-06-23 18:32:11,748 | INFO | Real index: 87/1213
2026-06-23 18:32:11,749 | INFO | 
Scraping Case ID: 2510T0089
2026-06-23 18:32:11,749 | INFO | Attempt 1/2
2026-06-23 18:32:11,749 | INFO | Opening main page...
2026-06-23 18:32:13,077 | INFO | Main page URL: https://fjdefile.phila.gov/efsfjd/zk_fjd_public_qry_00.zp_main_idx
2026-06-23 18:32:13,444 | INFO | Search page URL: https://fjdefile.phila.gov/efsfjd/zk_fjd_public_qry_03.zp_dktrpt_setup_idx?uid=B9jSHtpMzIolqsSYDxam&o=Hbp6B3fcT!rzHdb
2026-06-23 18:32:13,445 | INFO | Filling Case ID: 2510T0089
2026-06-23 18:32:13,571 | INFO | Submitting search...
2026-06-23 18:32:15,250 | INFO | Result URL: https://fjdefile.phila.gov/efsfjd/zk_fjd_public_qry_03.zp_dktrpt_search
2026-06-23 18:32:15,332 | INFO | Progress saved to: data\output\cases_results.xlsx
2026-06-23 18:32:15,336 | INFO | Progress index saved: 87
2026-06-23 18:32:15,336 | INFO | Waiting 2s before next case...
2026-06-23 18:32:17,337 | INFO | 
===== Batch item 8/10 =====
2026-06-23 18:32:17,337 | INFO | Real index: 88/1213
2026-06-23 18:32:17,337 | INFO | 
Scraping Case ID: 2510T0090
2026-06-23 18:32:17,337 | INFO | Attempt 1/2
2026-06-23 18:32:17,338 | INFO | Opening main page...
2026-06-23 18:32:18,662 | INFO | Main page URL: https://fjdefile.phila.gov/efsfjd/zk_fjd_public_qry_00.zp_main_idx
2026-06-23 18:32:19,034 | INFO | Search page URL: https://fjdefile.phila.gov/efsfjd/zk_fjd_public_qry_03.zp_dktrpt_setup_idx?uid=B9jSHtpMzIolqsSYDxam&o=Hbp6B3fcT!rzHdb
2026-06-23 18:32:19,034 | INFO | Filling Case ID: 2510T0090
2026-06-23 18:32:19,148 | INFO | Submitting search...
2026-06-23 18:32:21,003 | INFO | Result URL: https://fjdefile.phila.gov/efsfjd/zk_fjd_public_qry_03.zp_dktrpt_search
2026-06-23 18:32:21,074 | INFO | Progress saved to: data\output\cases_results.xlsx
2026-06-23 18:32:21,075 | INFO | Progress index saved: 88
2026-06-23 18:32:21,075 | INFO | Waiting 2s before next case...
2026-06-23 18:32:23,075 | INFO | 
===== Batch item 9/10 =====
2026-06-23 18:32:23,076 | INFO | Real index: 89/1213
2026-06-23 18:32:23,076 | INFO | 
Scraping Case ID: 2510T0091
2026-06-23 18:32:23,076 | INFO | Attempt 1/2
2026-06-23 18:32:23,077 | INFO | Opening main page...
2026-06-23 18:32:24,422 | INFO | Main page URL: https://fjdefile.phila.gov/efsfjd/zk_fjd_public_qry_00.zp_main_idx
2026-06-23 18:32:24,803 | INFO | Search page URL: https://fjdefile.phila.gov/efsfjd/zk_fjd_public_qry_03.zp_dktrpt_setup_idx?uid=B9jSHtpMzIolqsSYDxam&o=Hbp6B3fcT!rzHdb
2026-06-23 18:32:24,804 | INFO | Filling Case ID: 2510T0091
2026-06-23 18:32:24,916 | INFO | Submitting search...
2026-06-23 18:32:27,098 | INFO | Result URL: https://fjdefile.phila.gov/efsfjd/zk_fjd_public_qry_03.zp_dktrpt_search
2026-06-23 18:32:27,183 | INFO | Progress saved to: data\output\cases_results.xlsx
2026-06-23 18:32:27,184 | INFO | Progress index saved: 89
2026-06-23 18:32:27,184 | INFO | Waiting 2s before next case...
2026-06-23 18:32:29,184 | INFO | 
===== Batch item 10/10 =====
2026-06-23 18:32:29,185 | INFO | Real index: 90/1213
2026-06-23 18:32:29,185 | INFO | 
Scraping Case ID: 2510T0092
2026-06-23 18:32:29,185 | INFO | Attempt 1/2
2026-06-23 18:32:29,185 | INFO | Opening main page...
2026-06-23 18:32:30,522 | INFO | Main page URL: https://fjdefile.phila.gov/efsfjd/zk_fjd_public_qry_00.zp_main_idx
2026-06-23 18:32:31,033 | INFO | Search page URL: https://fjdefile.phila.gov/efsfjd/zk_fjd_public_qry_03.zp_dktrpt_setup_idx?uid=B9jSHtpMzIolqsSYDxam&o=Hbp6B3fcT!rzHdb
2026-06-23 18:32:31,034 | INFO | Filling Case ID: 2510T0092
2026-06-23 18:32:31,192 | INFO | Submitting search...
2026-06-23 18:32:33,706 | INFO | Result URL: https://fjdefile.phila.gov/efsfjd/zk_fjd_public_qry_03.zp_dktrpt_search
2026-06-23 18:32:33,842 | INFO | Progress saved to: data\output\cases_results.xlsx
2026-06-23 18:32:33,845 | INFO | Progress index saved: 90
2026-06-23 18:32:33,847 | INFO | Waiting 2s before next case...
2026-06-23 18:32:35,848 | INFO | 
Batch done. Output saved to: data\output\cases_results.xlsx
2026-06-23 18:32:35,849 | INFO | Batch complete. Closing browser...
2026-06-23 18:32:47,778 | INFO | Columns found: ['Case ID']
2026-06-23 18:32:47,781 | INFO | Loaded 1213 Case IDs from data\input\case_ids.xlsx
2026-06-23 18:32:47,781 | INFO | Starting from index: 90
2026-06-23 18:32:47,781 | INFO | Processing this batch: 10 cases
2026-06-23 18:32:47,840 | INFO | Loaded existing output rows: 90
2026-06-23 18:32:49,017 | INFO | 
===== Batch item 1/10 =====
2026-06-23 18:32:49,018 | INFO | Real index: 91/1213
2026-06-23 18:32:49,018 | INFO | 
Scraping Case ID: 2510T0093
2026-06-23 18:32:49,022 | INFO | Attempt 1/2
2026-06-23 18:32:49,026 | INFO | Opening main page...
2026-06-23 18:32:53,122 | INFO | Main page URL: https://fjdefile.phila.gov/efsfjd/zk_fjd_public_qry_00.zp_main_idx?uid=DemQCqwKzIolqsSYDxam&o=Mjs1v0pdTxozKg8
2026-06-23 18:32:53,535 | INFO | Search page URL: https://fjdefile.phila.gov/efsfjd/zk_fjd_public_qry_03.zp_dktrpt_setup_idx?uid=DemQCqwKzIolqsSYDxam&o=Jgs4y0maT!rzHdb
2026-06-23 18:32:53,536 | INFO | Filling Case ID: 2510T0093
2026-06-23 18:32:53,676 | INFO | Submitting search...
2026-06-23 18:32:56,362 | INFO | Result URL: https://fjdefile.phila.gov/efsfjd/zk_fjd_public_qry_03.zp_dktrpt_search
2026-06-23 18:32:56,483 | INFO | Progress saved to: data\output\cases_results.xlsx
2026-06-23 18:32:56,486 | INFO | Progress index saved: 91
2026-06-23 18:32:56,486 | INFO | Waiting 2s before next case...
2026-06-23 18:32:58,487 | INFO | 
===== Batch item 2/10 =====
2026-06-23 18:32:58,487 | INFO | Real index: 92/1213
2026-06-23 18:32:58,487 | INFO | 
Scraping Case ID: 2510T0094
2026-06-23 18:32:58,487 | INFO | Attempt 1/2
2026-06-23 18:32:58,488 | INFO | Opening main page...
2026-06-23 18:32:59,825 | INFO | Main page URL: https://fjdefile.phila.gov/efsfjd/zk_fjd_public_qry_00.zp_main_idx
2026-06-23 18:33:00,189 | INFO | Search page URL: https://fjdefile.phila.gov/efsfjd/zk_fjd_public_qry_03.zp_dktrpt_setup_idx?uid=DemQCqwKzIolqsSYDxam&o=Jgs4y0maT!rzHdb
2026-06-23 18:33:00,190 | INFO | Filling Case ID: 2510T0094
2026-06-23 18:33:00,304 | INFO | Submitting search...
2026-06-23 18:33:02,464 | INFO | Result URL: https://fjdefile.phila.gov/efsfjd/zk_fjd_public_qry_03.zp_dktrpt_search
2026-06-23 18:33:02,546 | INFO | Progress saved to: data\output\cases_results.xlsx
2026-06-23 18:33:02,547 | INFO | Progress index saved: 92
2026-06-23 18:33:02,548 | INFO | Waiting 2s before next case...
2026-06-23 18:33:04,549 | INFO | 
===== Batch item 3/10 =====
2026-06-23 18:33:04,550 | INFO | Real index: 93/1213
2026-06-23 18:33:04,550 | INFO | 
Scraping Case ID: 2510T0095
2026-06-23 18:33:04,550 | INFO | Attempt 1/2
2026-06-23 18:33:04,551 | INFO | Opening main page...
2026-06-23 18:33:06,002 | INFO | Main page URL: https://fjdefile.phila.gov/efsfjd/zk_fjd_public_qry_00.zp_main_idx
2026-06-23 18:33:06,478 | INFO | Search page URL: https://fjdefile.phila.gov/efsfjd/zk_fjd_public_qry_03.zp_dktrpt_setup_idx?uid=DemQCqwKzIolqsSYDxam&o=Jgs4y0maT!rzHdb
2026-06-23 18:33:06,478 | INFO | Filling Case ID: 2510T0095
2026-06-23 18:33:06,617 | INFO | Submitting search...
2026-06-23 18:33:08,986 | INFO | Result URL: https://fjdefile.phila.gov/efsfjd/zk_fjd_public_qry_03.zp_dktrpt_search
2026-06-23 18:33:09,082 | INFO | Progress saved to: data\output\cases_results.xlsx
2026-06-23 18:33:09,083 | INFO | Progress index saved: 93
2026-06-23 18:33:09,084 | INFO | Waiting 2s before next case...
2026-06-23 18:33:11,085 | INFO | 
===== Batch item 4/10 =====
2026-06-23 18:33:11,085 | INFO | Real index: 94/1213
2026-06-23 18:33:11,086 | INFO | 
Scraping Case ID: 2510T0096
2026-06-23 18:33:11,086 | INFO | Attempt 1/2
2026-06-23 18:33:11,086 | INFO | Opening main page...
2026-06-23 18:33:12,570 | INFO | Main page URL: https://fjdefile.phila.gov/efsfjd/zk_fjd_public_qry_00.zp_main_idx
2026-06-23 18:33:13,033 | INFO | Search page URL: https://fjdefile.phila.gov/efsfjd/zk_fjd_public_qry_03.zp_dktrpt_setup_idx?uid=DemQCqwKzIolqsSYDxam&o=Jgs4y0maT!rzHdb
2026-06-23 18:33:13,033 | INFO | Filling Case ID: 2510T0096
2026-06-23 18:33:13,155 | INFO | Submitting search...
2026-06-23 18:33:15,487 | INFO | Result URL: https://fjdefile.phila.gov/efsfjd/zk_fjd_public_qry_03.zp_dktrpt_search
2026-06-23 18:33:15,610 | INFO | Progress saved to: data\output\cases_results.xlsx
2026-06-23 18:33:15,611 | INFO | Progress index saved: 94
2026-06-23 18:33:15,611 | INFO | Waiting 2s before next case...
2026-06-23 18:33:17,612 | INFO | 
===== Batch item 5/10 =====
2026-06-23 18:33:17,612 | INFO | Real index: 95/1213
2026-06-23 18:33:17,612 | INFO | 
Scraping Case ID: 2510T0097
2026-06-23 18:33:17,613 | INFO | Attempt 1/2
2026-06-23 18:33:17,613 | INFO | Opening main page...
2026-06-23 18:33:18,951 | INFO | Main page URL: https://fjdefile.phila.gov/efsfjd/zk_fjd_public_qry_00.zp_main_idx
2026-06-23 18:33:19,334 | INFO | Search page URL: https://fjdefile.phila.gov/efsfjd/zk_fjd_public_qry_03.zp_dktrpt_setup_idx?uid=DemQCqwKzIolqsSYDxam&o=Jgs4y0maT!rzHdb
2026-06-23 18:33:19,334 | INFO | Filling Case ID: 2510T0097
2026-06-23 18:33:19,464 | INFO | Submitting search...
2026-06-23 18:33:21,247 | INFO | Result URL: https://fjdefile.phila.gov/efsfjd/zk_fjd_public_qry_03.zp_dktrpt_search
2026-06-23 18:33:21,315 | INFO | Progress saved to: data\output\cases_results.xlsx
2026-06-23 18:33:21,316 | INFO | Progress index saved: 95
2026-06-23 18:33:21,316 | INFO | Waiting 2s before next case...
2026-06-23 18:33:23,317 | INFO | 
===== Batch item 6/10 =====
2026-06-23 18:33:23,317 | INFO | Real index: 96/1213
2026-06-23 18:33:23,317 | INFO | 
Scraping Case ID: 2510T0098
2026-06-23 18:33:23,318 | INFO | Attempt 1/2
2026-06-23 18:33:23,318 | INFO | Opening main page...
2026-06-23 18:33:24,651 | INFO | Main page URL: https://fjdefile.phila.gov/efsfjd/zk_fjd_public_qry_00.zp_main_idx
2026-06-23 18:33:25,035 | INFO | Search page URL: https://fjdefile.phila.gov/efsfjd/zk_fjd_public_qry_03.zp_dktrpt_setup_idx?uid=DemQCqwKzIolqsSYDxam&o=Jgs4y0maT!rzHdb
2026-06-23 18:33:25,035 | INFO | Filling Case ID: 2510T0098
2026-06-23 18:33:25,150 | INFO | Submitting search...
2026-06-23 18:33:27,473 | INFO | Result URL: https://fjdefile.phila.gov/efsfjd/zk_fjd_public_qry_03.zp_dktrpt_search
2026-06-23 18:33:27,623 | INFO | Progress saved to: data\output\cases_results.xlsx
2026-06-23 18:33:27,628 | INFO | Progress index saved: 96
2026-06-23 18:33:27,629 | INFO | Waiting 2s before next case...
2026-06-23 18:33:29,630 | INFO | 
===== Batch item 7/10 =====
2026-06-23 18:33:29,630 | INFO | Real index: 97/1213
2026-06-23 18:33:29,630 | INFO | 
Scraping Case ID: 2510T0099
2026-06-23 18:33:29,631 | INFO | Attempt 1/2
2026-06-23 18:33:29,631 | INFO | Opening main page...
2026-06-23 18:33:31,003 | INFO | Main page URL: https://fjdefile.phila.gov/efsfjd/zk_fjd_public_qry_00.zp_main_idx
2026-06-23 18:33:31,533 | INFO | Search page URL: https://fjdefile.phila.gov/efsfjd/zk_fjd_public_qry_03.zp_dktrpt_setup_idx?uid=DemQCqwKzIolqsSYDxam&o=Jgs4y0maT!rzHdb
2026-06-23 18:33:31,533 | INFO | Filling Case ID: 2510T0099
2026-06-23 18:33:31,663 | INFO | Submitting search...
2026-06-23 18:33:34,281 | INFO | Result URL: https://fjdefile.phila.gov/efsfjd/zk_fjd_public_qry_03.zp_dktrpt_search
2026-06-23 18:33:34,524 | INFO | Progress saved to: data\output\cases_results.xlsx
2026-06-23 18:33:34,526 | INFO | Progress index saved: 97
2026-06-23 18:33:34,526 | INFO | Waiting 2s before next case...
2026-06-23 18:33:36,528 | INFO | 
===== Batch item 8/10 =====
2026-06-23 18:33:36,528 | INFO | Real index: 98/1213
2026-06-23 18:33:36,528 | INFO | 
Scraping Case ID: 2510T0100
2026-06-23 18:33:36,530 | INFO | Attempt 1/2
2026-06-23 18:33:36,531 | INFO | Opening main page...
2026-06-23 18:33:39,439 | INFO | Main page URL: https://fjdefile.phila.gov/efsfjd/zk_fjd_public_qry_00.zp_main_idx
2026-06-23 18:33:42,014 | INFO | Search page URL: https://fjdefile.phila.gov/efsfjd/zk_fjd_public_qry_03.zp_dktrpt_setup_idx?uid=DemQCqwKzIolqsSYDxam&o=Jgs4y0maT!rzHdb
2026-06-23 18:33:42,016 | INFO | Filling Case ID: 2510T0100
2026-06-23 18:33:42,192 | INFO | Submitting search...
2026-06-23 18:33:53,589 | INFO | Result URL: https://fjdefile.phila.gov/efsfjd/zk_fjd_public_qry_03.zp_dktrpt_search
2026-06-23 18:33:53,747 | INFO | Progress saved to: data\output\cases_results.xlsx
2026-06-23 18:33:53,749 | INFO | Progress index saved: 98
2026-06-23 18:33:53,750 | INFO | Waiting 2s before next case...
2026-06-23 18:33:55,750 | INFO | 
===== Batch item 9/10 =====
2026-06-23 18:33:55,750 | INFO | Real index: 99/1213
2026-06-23 18:33:55,751 | INFO | 
Scraping Case ID: 2510T0101
2026-06-23 18:33:55,751 | INFO | Attempt 1/2
2026-06-23 18:33:55,751 | INFO | Opening main page...
2026-06-23 18:33:57,097 | INFO | Main page URL: https://fjdefile.phila.gov/efsfjd/zk_fjd_public_qry_00.zp_main_idx
2026-06-23 18:33:57,546 | INFO | Search page URL: https://fjdefile.phila.gov/efsfjd/zk_fjd_public_qry_03.zp_dktrpt_setup_idx?uid=DemQCqwKzIolqsSYDxam&o=Jgs4y0maT!rzHdb
2026-06-23 18:33:57,547 | INFO | Filling Case ID: 2510T0101
2026-06-23 18:33:57,659 | INFO | Submitting search...
2026-06-23 18:34:00,040 | INFO | Result URL: https://fjdefile.phila.gov/efsfjd/zk_fjd_public_qry_03.zp_dktrpt_search
2026-06-23 18:34:00,163 | INFO | Progress saved to: data\output\cases_results.xlsx
2026-06-23 18:34:00,164 | INFO | Progress index saved: 99
2026-06-23 18:34:00,164 | INFO | Waiting 2s before next case...
2026-06-23 18:34:02,165 | INFO | 
===== Batch item 10/10 =====
2026-06-23 18:34:02,165 | INFO | Real index: 100/1213
2026-06-23 18:34:02,166 | INFO | 
Scraping Case ID: 2510T0102
2026-06-23 18:34:02,166 | INFO | Attempt 1/2
2026-06-23 18:34:02,166 | INFO | Opening main page...
2026-06-23 18:34:03,502 | INFO | Main page URL: https://fjdefile.phila.gov/efsfjd/zk_fjd_public_qry_00.zp_main_idx
2026-06-23 18:34:04,140 | INFO | Search page URL: https://fjdefile.phila.gov/efsfjd/zk_fjd_public_qry_03.zp_dktrpt_setup_idx?uid=DemQCqwKzIolqsSYDxam&o=Jgs4y0maT!rzHdb
2026-06-23 18:34:04,140 | INFO | Filling Case ID: 2510T0102
2026-06-23 18:34:04,290 | INFO | Submitting search...
2026-06-23 18:34:07,462 | INFO | Result URL: https://fjdefile.phila.gov/efsfjd/zk_fjd_public_qry_03.zp_dktrpt_search
2026-06-23 18:34:07,665 | INFO | Progress saved to: data\output\cases_results.xlsx
2026-06-23 18:34:07,668 | INFO | Progress index saved: 100
2026-06-23 18:34:07,668 | INFO | Waiting 2s before next case...
2026-06-23 18:34:09,669 | INFO | 
Batch done. Output saved to: data\output\cases_results.xlsx
2026-06-23 18:34:09,669 | INFO | Batch complete. Closing browser...
2026-06-23 18:34:23,068 | INFO | Columns found: ['Case ID']
2026-06-23 18:34:23,072 | INFO | Loaded 1213 Case IDs from data\input\case_ids.xlsx
2026-06-23 18:34:23,072 | INFO | Starting from index: 100
2026-06-23 18:34:23,072 | INFO | Processing this batch: 10 cases
2026-06-23 18:34:23,159 | INFO | Loaded existing output rows: 100
2026-06-23 18:34:24,961 | INFO | 
===== Batch item 1/10 =====
2026-06-23 18:34:24,974 | INFO | Real index: 101/1213
2026-06-23 18:34:24,978 | INFO | 
Scraping Case ID: 2510T0103
2026-06-23 18:34:24,980 | INFO | Attempt 1/2
2026-06-23 18:34:24,981 | INFO | Opening main page...
2026-06-23 18:34:49,431 | INFO | Main page URL: https://fjdefile.phila.gov/efsfjd/zk_fjd_public_qry_00.zp_main_idx?uid=A7iTJvnIAIolqsSYDxam&o=Jco4A5gbWxozKg8
2026-06-23 18:34:51,327 | INFO | Search page URL: https://fjdefile.phila.gov/efsfjd/zk_fjd_public_qry_03.zp_dktrpt_setup_idx?uid=A7iTJvnIAIolqsSYDxam&o=G9o7D5d8W!rzHdb
2026-06-23 18:34:51,328 | INFO | Filling Case ID: 2510T0103
2026-06-23 18:34:51,508 | INFO | Submitting search...
2026-06-23 18:34:59,701 | INFO | Result URL: https://fjdefile.phila.gov/efsfjd/zk_fjd_public_qry_03.zp_dktrpt_search
2026-06-23 18:35:00,311 | INFO | Progress saved to: data\output\cases_results.xlsx
2026-06-23 18:35:00,313 | INFO | Progress index saved: 101
2026-06-23 18:35:00,313 | INFO | Waiting 2s before next case...
2026-06-23 18:35:02,315 | INFO | 
===== Batch item 2/10 =====
2026-06-23 18:35:02,315 | INFO | Real index: 102/1213
2026-06-23 18:35:02,315 | INFO | 
Scraping Case ID: 2510T0104
2026-06-23 18:35:02,315 | INFO | Attempt 1/2
2026-06-23 18:35:02,315 | INFO | Opening main page...
2026-06-23 18:35:03,773 | INFO | Main page URL: https://fjdefile.phila.gov/efsfjd/zk_fjd_public_qry_00.zp_main_idx
2026-06-23 18:35:04,502 | INFO | Search page URL: https://fjdefile.phila.gov/efsfjd/zk_fjd_public_qry_03.zp_dktrpt_setup_idx?uid=A7iTJvnIAIolqsSYDxam&o=G9o7D5d8W!rzHdb
2026-06-23 18:35:04,502 | INFO | Filling Case ID: 2510T0104
2026-06-23 18:35:04,625 | INFO | Submitting search...
2026-06-23 18:35:07,635 | INFO | Result URL: https://fjdefile.phila.gov/efsfjd/zk_fjd_public_qry_03.zp_dktrpt_search
2026-06-23 18:35:07,729 | INFO | Progress saved to: data\output\cases_results.xlsx
2026-06-23 18:35:07,730 | INFO | Progress index saved: 102
2026-06-23 18:35:07,731 | INFO | Waiting 2s before next case...
2026-06-23 18:35:09,732 | INFO | 
===== Batch item 3/10 =====
2026-06-23 18:35:09,732 | INFO | Real index: 103/1213
2026-06-23 18:35:09,732 | INFO | 
Scraping Case ID: 2510T0105
2026-06-23 18:35:09,733 | INFO | Attempt 1/2
2026-06-23 18:35:09,733 | INFO | Opening main page...
2026-06-23 18:35:11,071 | INFO | Main page URL: https://fjdefile.phila.gov/efsfjd/zk_fjd_public_qry_00.zp_main_idx
2026-06-23 18:35:11,743 | INFO | Search page URL: https://fjdefile.phila.gov/efsfjd/zk_fjd_public_qry_03.zp_dktrpt_setup_idx?uid=A7iTJvnIAIolqsSYDxam&o=G9o7D5d8W!rzHdb
2026-06-23 18:35:11,744 | INFO | Filling Case ID: 2510T0105
2026-06-23 18:35:11,884 | INFO | Submitting search...
2026-06-23 18:35:14,807 | INFO | Result URL: https://fjdefile.phila.gov/efsfjd/zk_fjd_public_qry_03.zp_dktrpt_search
2026-06-23 18:35:14,985 | INFO | Progress saved to: data\output\cases_results.xlsx
2026-06-23 18:35:14,988 | INFO | Progress index saved: 103
2026-06-23 18:35:14,989 | INFO | Waiting 2s before next case...
2026-06-23 18:35:16,990 | INFO | 
===== Batch item 4/10 =====
2026-06-23 18:35:16,990 | INFO | Real index: 104/1213
2026-06-23 18:35:16,991 | INFO | 
Scraping Case ID: 2510T0106
2026-06-23 18:35:16,991 | INFO | Attempt 1/2
2026-06-23 18:35:16,991 | INFO | Opening main page...
2026-06-23 18:35:18,380 | INFO | Main page URL: https://fjdefile.phila.gov/efsfjd/zk_fjd_public_qry_00.zp_main_idx
2026-06-23 18:35:18,854 | INFO | Search page URL: https://fjdefile.phila.gov/efsfjd/zk_fjd_public_qry_03.zp_dktrpt_setup_idx?uid=A7iTJvnIAIolqsSYDxam&o=G9o7D5d8W!rzHdb
2026-06-23 18:35:18,855 | INFO | Filling Case ID: 2510T0106
2026-06-23 18:35:19,033 | INFO | Submitting search...
2026-06-23 18:35:22,538 | INFO | Result URL: https://fjdefile.phila.gov/efsfjd/zk_fjd_public_qry_03.zp_dktrpt_search
2026-06-23 18:35:22,733 | INFO | Progress saved to: data\output\cases_results.xlsx
2026-06-23 18:35:22,736 | INFO | Progress index saved: 104
2026-06-23 18:35:22,737 | INFO | Waiting 2s before next case...
2026-06-23 18:35:24,738 | INFO | 
===== Batch item 5/10 =====
2026-06-23 18:35:24,738 | INFO | Real index: 105/1213
2026-06-23 18:35:24,738 | INFO | 
Scraping Case ID: 2510T0107
2026-06-23 18:35:24,739 | INFO | Attempt 1/2
2026-06-23 18:35:24,739 | INFO | Opening main page...
2026-06-23 18:35:26,271 | INFO | Main page URL: https://fjdefile.phila.gov/efsfjd/zk_fjd_public_qry_00.zp_main_idx
2026-06-23 18:35:27,176 | INFO | Search page URL: https://fjdefile.phila.gov/efsfjd/zk_fjd_public_qry_03.zp_dktrpt_setup_idx?uid=A7iTJvnIAIolqsSYDxam&o=G9o7D5d8W!rzHdb
2026-06-23 18:35:27,177 | INFO | Filling Case ID: 2510T0107
2026-06-23 18:35:27,333 | INFO | Submitting search...
2026-06-23 18:35:30,685 | INFO | Result URL: https://fjdefile.phila.gov/efsfjd/zk_fjd_public_qry_03.zp_dktrpt_search
2026-06-23 18:35:30,845 | INFO | Progress saved to: data\output\cases_results.xlsx
2026-06-23 18:35:30,847 | INFO | Progress index saved: 105
2026-06-23 18:35:30,848 | INFO | Waiting 2s before next case...
2026-06-23 18:35:32,848 | INFO | 
===== Batch item 6/10 =====
2026-06-23 18:35:32,848 | INFO | Real index: 106/1213
2026-06-23 18:35:32,848 | INFO | 
Scraping Case ID: 2510T0108
2026-06-23 18:35:32,848 | INFO | Attempt 1/2
2026-06-23 18:35:32,849 | INFO | Opening main page...
2026-06-23 18:35:34,293 | INFO | Main page URL: https://fjdefile.phila.gov/efsfjd/zk_fjd_public_qry_00.zp_main_idx
2026-06-23 18:35:35,193 | INFO | Search page URL: https://fjdefile.phila.gov/efsfjd/zk_fjd_public_qry_03.zp_dktrpt_setup_idx?uid=A7iTJvnIAIolqsSYDxam&o=G9o7D5d8W!rzHdb
2026-06-23 18:35:35,194 | INFO | Filling Case ID: 2510T0108
2026-06-23 18:35:35,480 | INFO | Submitting search...
2026-06-23 18:35:38,560 | INFO | Result URL: https://fjdefile.phila.gov/efsfjd/zk_fjd_public_qry_03.zp_dktrpt_search
2026-06-23 18:35:38,735 | INFO | Progress saved to: data\output\cases_results.xlsx
2026-06-23 18:35:38,737 | INFO | Progress index saved: 106
2026-06-23 18:35:38,737 | INFO | Waiting 2s before next case...
2026-06-23 18:35:40,738 | INFO | 
===== Batch item 7/10 =====
2026-06-23 18:35:40,738 | INFO | Real index: 107/1213
2026-06-23 18:35:40,739 | INFO | 
Scraping Case ID: 2510T0109
2026-06-23 18:35:40,739 | INFO | Attempt 1/2
2026-06-23 18:35:40,739 | INFO | Opening main page...
2026-06-23 18:35:42,196 | INFO | Main page URL: https://fjdefile.phila.gov/efsfjd/zk_fjd_public_qry_00.zp_main_idx
2026-06-23 18:35:42,827 | INFO | Search page URL: https://fjdefile.phila.gov/efsfjd/zk_fjd_public_qry_03.zp_dktrpt_setup_idx?uid=A7iTJvnIAIolqsSYDxam&o=G9o7D5d8W!rzHdb
2026-06-23 18:35:42,828 | INFO | Filling Case ID: 2510T0109
2026-06-23 18:35:42,955 | INFO | Submitting search...
2026-06-23 18:35:45,287 | INFO | Result URL: https://fjdefile.phila.gov/efsfjd/zk_fjd_public_qry_03.zp_dktrpt_search
2026-06-23 18:35:45,440 | INFO | Progress saved to: data\output\cases_results.xlsx
2026-06-23 18:35:45,442 | INFO | Progress index saved: 107
2026-06-23 18:35:45,443 | INFO | Waiting 2s before next case...
2026-06-23 18:35:47,444 | INFO | 
===== Batch item 8/10 =====
2026-06-23 18:35:47,444 | INFO | Real index: 108/1213
2026-06-23 18:35:47,445 | INFO | 
Scraping Case ID: 2510T0110
2026-06-23 18:35:47,445 | INFO | Attempt 1/2
2026-06-23 18:35:47,445 | INFO | Opening main page...
2026-06-23 18:35:49,010 | INFO | Main page URL: https://fjdefile.phila.gov/efsfjd/zk_fjd_public_qry_00.zp_main_idx
2026-06-23 18:35:49,549 | INFO | Search page URL: https://fjdefile.phila.gov/efsfjd/zk_fjd_public_qry_03.zp_dktrpt_setup_idx?uid=A7iTJvnIAIolqsSYDxam&o=G9o7D5d8W!rzHdb
2026-06-23 18:35:49,550 | INFO | Filling Case ID: 2510T0110
2026-06-23 18:35:49,726 | INFO | Submitting search...
2026-06-23 18:35:52,393 | INFO | Result URL: https://fjdefile.phila.gov/efsfjd/zk_fjd_public_qry_03.zp_dktrpt_search
2026-06-23 18:35:52,507 | INFO | Progress saved to: data\output\cases_results.xlsx
2026-06-23 18:35:52,508 | INFO | Progress index saved: 108
2026-06-23 18:35:52,508 | INFO | Waiting 2s before next case...
2026-06-23 18:35:54,508 | INFO | 
===== Batch item 9/10 =====
2026-06-23 18:35:54,509 | INFO | Real index: 109/1213
2026-06-23 18:35:54,509 | INFO | 
Scraping Case ID: 2510T0111
2026-06-23 18:35:54,509 | INFO | Attempt 1/2
2026-06-23 18:35:54,509 | INFO | Opening main page...
2026-06-23 18:35:55,865 | INFO | Main page URL: https://fjdefile.phila.gov/efsfjd/zk_fjd_public_qry_00.zp_main_idx
2026-06-23 18:35:56,389 | INFO | Search page URL: https://fjdefile.phila.gov/efsfjd/zk_fjd_public_qry_03.zp_dktrpt_setup_idx?uid=A7iTJvnIAIolqsSYDxam&o=G9o7D5d8W!rzHdb
2026-06-23 18:35:56,389 | INFO | Filling Case ID: 2510T0111
2026-06-23 18:35:56,509 | INFO | Submitting search...
2026-06-23 18:35:58,639 | INFO | Result URL: https://fjdefile.phila.gov/efsfjd/zk_fjd_public_qry_03.zp_dktrpt_search
2026-06-23 18:35:58,741 | INFO | Progress saved to: data\output\cases_results.xlsx
2026-06-23 18:35:58,742 | INFO | Progress index saved: 109
2026-06-23 18:35:58,743 | INFO | Waiting 2s before next case...
2026-06-23 18:36:00,743 | INFO | 
===== Batch item 10/10 =====
2026-06-23 18:36:00,744 | INFO | Real index: 110/1213
2026-06-23 18:36:00,744 | INFO | 
Scraping Case ID: 2510T0112
2026-06-23 18:36:00,744 | INFO | Attempt 1/2
2026-06-23 18:36:00,745 | INFO | Opening main page...
2026-06-23 18:36:02,116 | INFO | Main page URL: https://fjdefile.phila.gov/efsfjd/zk_fjd_public_qry_00.zp_main_idx
2026-06-23 18:36:02,609 | INFO | Search page URL: https://fjdefile.phila.gov/efsfjd/zk_fjd_public_qry_03.zp_dktrpt_setup_idx?uid=A7iTJvnIAIolqsSYDxam&o=G9o7D5d8W!rzHdb
2026-06-23 18:36:02,609 | INFO | Filling Case ID: 2510T0112
2026-06-23 18:36:02,725 | INFO | Submitting search...
2026-06-23 18:36:05,041 | INFO | Result URL: https://fjdefile.phila.gov/efsfjd/zk_fjd_public_qry_03.zp_dktrpt_search
2026-06-23 18:36:05,136 | INFO | Progress saved to: data\output\cases_results.xlsx
2026-06-23 18:36:05,137 | INFO | Progress index saved: 110
2026-06-23 18:36:05,137 | INFO | Waiting 2s before next case...
2026-06-23 18:36:07,138 | INFO | 
Batch done. Output saved to: data\output\cases_results.xlsx
2026-06-23 18:36:07,138 | INFO | Batch complete. Closing browser...
2026-06-23 18:36:20,161 | INFO | Columns found: ['Case ID']
2026-06-23 18:36:20,168 | INFO | Loaded 1213 Case IDs from data\input\case_ids.xlsx
2026-06-23 18:36:20,168 | INFO | Starting from index: 110
2026-06-23 18:36:20,168 | INFO | Processing this batch: 10 cases
2026-06-23 18:36:20,281 | INFO | Loaded existing output rows: 110
2026-06-23 18:36:21,777 | INFO | 
===== Batch item 1/10 =====
2026-06-23 18:36:21,779 | INFO | Real index: 111/1213
2026-06-23 18:36:21,786 | INFO | 
Scraping Case ID: 2510T0113
2026-06-23 18:36:21,788 | INFO | Attempt 1/2
2026-06-23 18:36:21,790 | INFO | Opening main page...
2026-06-23 18:36:26,038 | INFO | Main page URL: https://fjdefile.phila.gov/efsfjd/zk_fjd_public_qry_00.zp_main_idx?uid=AdoTDprM!IolqsSYDxam&o=Jiu4wZkfUxozKg8
2026-06-23 18:36:26,604 | INFO | Search page URL: https://fjdefile.phila.gov/efsfjd/zk_fjd_public_qry_03.zp_dktrpt_setup_idx?uid=AdoTDprM!IolqsSYDxam&o=Gfu7zZhcU!rzHdb
2026-06-23 18:36:26,604 | INFO | Filling Case ID: 2510T0113
2026-06-23 18:36:26,769 | INFO | Submitting search...
2026-06-23 18:36:30,342 | INFO | Result URL: https://fjdefile.phila.gov/efsfjd/zk_fjd_public_qry_03.zp_dktrpt_search
2026-06-23 18:36:30,467 | INFO | Progress saved to: data\output\cases_results.xlsx
2026-06-23 18:36:30,468 | INFO | Progress index saved: 111
2026-06-23 18:36:30,469 | INFO | Waiting 2s before next case...
2026-06-23 18:36:32,469 | INFO | 
===== Batch item 2/10 =====
2026-06-23 18:36:32,470 | INFO | Real index: 112/1213
2026-06-23 18:36:32,470 | INFO | 
Scraping Case ID: 2510T0114
2026-06-23 18:36:32,470 | INFO | Attempt 1/2
2026-06-23 18:36:32,470 | INFO | Opening main page...
2026-06-23 18:36:33,819 | INFO | Main page URL: https://fjdefile.phila.gov/efsfjd/zk_fjd_public_qry_00.zp_main_idx
2026-06-23 18:36:34,276 | INFO | Search page URL: https://fjdefile.phila.gov/efsfjd/zk_fjd_public_qry_03.zp_dktrpt_setup_idx?uid=AdoTDprM!IolqsSYDxam&o=Gfu7zZhcU!rzHdb
2026-06-23 18:36:34,277 | INFO | Filling Case ID: 2510T0114
2026-06-23 18:36:34,410 | INFO | Submitting search...
2026-06-23 18:36:36,807 | INFO | Result URL: https://fjdefile.phila.gov/efsfjd/zk_fjd_public_qry_03.zp_dktrpt_search
2026-06-23 18:36:36,943 | INFO | Progress saved to: data\output\cases_results.xlsx
2026-06-23 18:36:36,946 | INFO | Progress index saved: 112
2026-06-23 18:36:36,947 | INFO | Waiting 2s before next case...
2026-06-23 18:36:38,949 | INFO | 
===== Batch item 3/10 =====
2026-06-23 18:36:38,949 | INFO | Real index: 113/1213
2026-06-23 18:36:38,949 | INFO | 
Scraping Case ID: 2510T0115
2026-06-23 18:36:38,949 | INFO | Attempt 1/2
2026-06-23 18:36:38,949 | INFO | Opening main page...
2026-06-23 18:36:40,394 | INFO | Main page URL: https://fjdefile.phila.gov/efsfjd/zk_fjd_public_qry_00.zp_main_idx
2026-06-23 18:36:40,858 | INFO | Search page URL: https://fjdefile.phila.gov/efsfjd/zk_fjd_public_qry_03.zp_dktrpt_setup_idx?uid=AdoTDprM!IolqsSYDxam&o=Gfu7zZhcU!rzHdb
2026-06-23 18:36:40,859 | INFO | Filling Case ID: 2510T0115
2026-06-23 18:36:40,987 | INFO | Submitting search...
2026-06-23 18:36:43,407 | INFO | Result URL: https://fjdefile.phila.gov/efsfjd/zk_fjd_public_qry_03.zp_dktrpt_search
2026-06-23 18:36:43,515 | INFO | Progress saved to: data\output\cases_results.xlsx
2026-06-23 18:36:43,517 | INFO | Progress index saved: 113
2026-06-23 18:36:43,517 | INFO | Waiting 2s before next case...
2026-06-23 18:36:45,518 | INFO | 
===== Batch item 4/10 =====
2026-06-23 18:36:45,519 | INFO | Real index: 114/1213
2026-06-23 18:36:45,519 | INFO | 
Scraping Case ID: 2510T0116
2026-06-23 18:36:45,522 | INFO | Attempt 1/2
2026-06-23 18:36:45,523 | INFO | Opening main page...
2026-06-23 18:36:47,269 | INFO | Main page URL: https://fjdefile.phila.gov/efsfjd/zk_fjd_public_qry_00.zp_main_idx
2026-06-23 18:36:48,577 | INFO | Search page URL: https://fjdefile.phila.gov/efsfjd/zk_fjd_public_qry_03.zp_dktrpt_setup_idx?uid=AdoTDprM!IolqsSYDxam&o=Gfu7zZhcU!rzHdb
2026-06-23 18:36:48,581 | INFO | Filling Case ID: 2510T0116
2026-06-23 18:36:48,842 | INFO | Submitting search...
2026-06-23 18:36:55,476 | INFO | Result URL: https://fjdefile.phila.gov/efsfjd/zk_fjd_public_qry_03.zp_dktrpt_search
2026-06-23 18:36:55,675 | INFO | Progress saved to: data\output\cases_results.xlsx
2026-06-23 18:36:55,677 | INFO | Progress index saved: 114
2026-06-23 18:36:55,677 | INFO | Waiting 2s before next case...
2026-06-23 18:36:57,678 | INFO | 
===== Batch item 5/10 =====
2026-06-23 18:36:57,679 | INFO | Real index: 115/1213
2026-06-23 18:36:57,679 | INFO | 
Scraping Case ID: 2510T0117
2026-06-23 18:36:57,679 | INFO | Attempt 1/2
2026-06-23 18:36:57,679 | INFO | Opening main page...
2026-06-23 18:36:59,046 | INFO | Main page URL: https://fjdefile.phila.gov/efsfjd/zk_fjd_public_qry_00.zp_main_idx
2026-06-23 18:36:59,709 | INFO | Search page URL: https://fjdefile.phila.gov/efsfjd/zk_fjd_public_qry_03.zp_dktrpt_setup_idx?uid=AdoTDprM!IolqsSYDxam&o=Gfu7zZhcU!rzHdb
2026-06-23 18:36:59,709 | INFO | Filling Case ID: 2510T0117
2026-06-23 18:36:59,849 | INFO | Submitting search...
2026-06-23 18:37:02,685 | INFO | Result URL: https://fjdefile.phila.gov/efsfjd/zk_fjd_public_qry_03.zp_dktrpt_search
2026-06-23 18:37:02,790 | INFO | Progress saved to: data\output\cases_results.xlsx
2026-06-23 18:37:02,791 | INFO | Progress index saved: 115
2026-06-23 18:37:02,791 | INFO | Waiting 2s before next case...
2026-06-23 18:37:04,793 | INFO | 
===== Batch item 6/10 =====
2026-06-23 18:37:04,793 | INFO | Real index: 116/1213
2026-06-23 18:37:04,793 | INFO | 
Scraping Case ID: 2510T0118
2026-06-23 18:37:04,794 | INFO | Attempt 1/2
2026-06-23 18:37:04,794 | INFO | Opening main page...
2026-06-23 18:37:06,169 | INFO | Main page URL: https://fjdefile.phila.gov/efsfjd/zk_fjd_public_qry_00.zp_main_idx
2026-06-23 18:37:06,644 | INFO | Search page URL: https://fjdefile.phila.gov/efsfjd/zk_fjd_public_qry_03.zp_dktrpt_setup_idx?uid=AdoTDprM!IolqsSYDxam&o=Gfu7zZhcU!rzHdb
2026-06-23 18:37:06,644 | INFO | Filling Case ID: 2510T0118
2026-06-23 18:37:06,773 | INFO | Submitting search...
2026-06-23 18:37:09,397 | INFO | Result URL: https://fjdefile.phila.gov/efsfjd/zk_fjd_public_qry_03.zp_dktrpt_search
2026-06-23 18:37:09,534 | INFO | Progress saved to: data\output\cases_results.xlsx
2026-06-23 18:37:09,536 | INFO | Progress index saved: 116
2026-06-23 18:37:09,537 | INFO | Waiting 2s before next case...
2026-06-23 18:37:11,538 | INFO | 
===== Batch item 7/10 =====
2026-06-23 18:37:11,538 | INFO | Real index: 117/1213
2026-06-23 18:37:11,538 | INFO | 
Scraping Case ID: 2510T0119
2026-06-23 18:37:11,539 | INFO | Attempt 1/2
2026-06-23 18:37:11,539 | INFO | Opening main page...
2026-06-23 18:37:12,954 | INFO | Main page URL: https://fjdefile.phila.gov/efsfjd/zk_fjd_public_qry_00.zp_main_idx
2026-06-23 18:37:13,563 | INFO | Search page URL: https://fjdefile.phila.gov/efsfjd/zk_fjd_public_qry_03.zp_dktrpt_setup_idx?uid=AdoTDprM!IolqsSYDxam&o=Gfu7zZhcU!rzHdb
2026-06-23 18:37:13,564 | INFO | Filling Case ID: 2510T0119
2026-06-23 18:37:13,691 | INFO | Submitting search...
2026-06-23 18:37:16,438 | INFO | Result URL: https://fjdefile.phila.gov/efsfjd/zk_fjd_public_qry_03.zp_dktrpt_search
2026-06-23 18:37:16,586 | INFO | Progress saved to: data\output\cases_results.xlsx
2026-06-23 18:37:16,587 | INFO | Progress index saved: 117
2026-06-23 18:37:16,587 | INFO | Waiting 2s before next case...
2026-06-23 18:37:18,587 | INFO | 
===== Batch item 8/10 =====
2026-06-23 18:37:18,588 | INFO | Real index: 118/1213
2026-06-23 18:37:18,588 | INFO | 
Scraping Case ID: 2510T0120
2026-06-23 18:37:18,588 | INFO | Attempt 1/2
2026-06-23 18:37:18,588 | INFO | Opening main page...
2026-06-23 18:37:20,023 | INFO | Main page URL: https://fjdefile.phila.gov/efsfjd/zk_fjd_public_qry_00.zp_main_idx
2026-06-23 18:37:20,610 | INFO | Search page URL: https://fjdefile.phila.gov/efsfjd/zk_fjd_public_qry_03.zp_dktrpt_setup_idx?uid=AdoTDprM!IolqsSYDxam&o=Gfu7zZhcU!rzHdb
2026-06-23 18:37:20,611 | INFO | Filling Case ID: 2510T0120
2026-06-23 18:37:20,748 | INFO | Submitting search...
2026-06-23 18:37:23,423 | INFO | Result URL: https://fjdefile.phila.gov/efsfjd/zk_fjd_public_qry_03.zp_dktrpt_search
2026-06-23 18:37:23,508 | INFO | Progress saved to: data\output\cases_results.xlsx
2026-06-23 18:37:23,509 | INFO | Progress index saved: 118
2026-06-23 18:37:23,510 | INFO | Waiting 2s before next case...
2026-06-23 18:37:25,511 | INFO | 
===== Batch item 9/10 =====
2026-06-23 18:37:25,511 | INFO | Real index: 119/1213
2026-06-23 18:37:25,511 | INFO | 
Scraping Case ID: 2510T0121
2026-06-23 18:37:25,511 | INFO | Attempt 1/2
2026-06-23 18:37:25,511 | INFO | Opening main page...
2026-06-23 18:37:27,031 | INFO | Main page URL: https://fjdefile.phila.gov/efsfjd/zk_fjd_public_qry_00.zp_main_idx
2026-06-23 18:37:27,597 | INFO | Search page URL: https://fjdefile.phila.gov/efsfjd/zk_fjd_public_qry_03.zp_dktrpt_setup_idx?uid=AdoTDprM!IolqsSYDxam&o=Gfu7zZhcU!rzHdb
2026-06-23 18:37:27,598 | INFO | Filling Case ID: 2510T0121
2026-06-23 18:37:27,722 | INFO | Submitting search...
2026-06-23 18:37:30,415 | INFO | Result URL: https://fjdefile.phila.gov/efsfjd/zk_fjd_public_qry_03.zp_dktrpt_search
2026-06-23 18:37:30,534 | INFO | Progress saved to: data\output\cases_results.xlsx
2026-06-23 18:37:30,535 | INFO | Progress index saved: 119
2026-06-23 18:37:30,535 | INFO | Waiting 2s before next case...
2026-06-23 18:37:32,535 | INFO | 
===== Batch item 10/10 =====
2026-06-23 18:37:32,536 | INFO | Real index: 120/1213
2026-06-23 18:37:32,536 | INFO | 
Scraping Case ID: 2510T0122
2026-06-23 18:37:32,536 | INFO | Attempt 1/2
2026-06-23 18:37:32,537 | INFO | Opening main page...
2026-06-23 18:37:33,864 | INFO | Main page URL: https://fjdefile.phila.gov/efsfjd/zk_fjd_public_qry_00.zp_main_idx
2026-06-23 18:37:34,322 | INFO | Search page URL: https://fjdefile.phila.gov/efsfjd/zk_fjd_public_qry_03.zp_dktrpt_setup_idx?uid=AdoTDprM!IolqsSYDxam&o=Gfu7zZhcU!rzHdb
2026-06-23 18:37:34,322 | INFO | Filling Case ID: 2510T0122
2026-06-23 18:37:34,456 | INFO | Submitting search...
2026-06-23 18:37:36,574 | INFO | Result URL: https://fjdefile.phila.gov/efsfjd/zk_fjd_public_qry_03.zp_dktrpt_search
2026-06-23 18:37:36,669 | INFO | Progress saved to: data\output\cases_results.xlsx
2026-06-23 18:37:36,670 | INFO | Progress index saved: 120
2026-06-23 18:37:36,670 | INFO | Waiting 2s before next case...
2026-06-23 18:37:38,671 | INFO | 
Batch done. Output saved to: data\output\cases_results.xlsx
2026-06-23 18:37:38,672 | INFO | Batch complete. Closing browser...
2026-06-23 18:37:50,916 | INFO | Columns found: ['Case ID']
2026-06-23 18:37:50,918 | INFO | Loaded 1213 Case IDs from data\input\case_ids.xlsx
2026-06-23 18:37:50,919 | INFO | Starting from index: 120
2026-06-23 18:37:50,919 | INFO | Processing this batch: 10 cases
2026-06-23 18:37:50,981 | INFO | Loaded existing output rows: 120
2026-06-23 18:37:52,430 | INFO | 
===== Batch item 1/10 =====
2026-06-23 18:37:52,435 | INFO | Real index: 121/1213
2026-06-23 18:37:52,436 | INFO | 
Scraping Case ID: 2510T0124
2026-06-23 18:37:52,436 | INFO | Attempt 1/2
2026-06-23 18:37:52,437 | INFO | Opening main page...
2026-06-23 18:37:56,341 | INFO | Main page URL: https://fjdefile.phila.gov/efsfjd/zk_fjd_public_qry_00.zp_main_idx?uid=t2m2PhlTxIolqsSYDxam&o=A7sdGRemRxozKg8
2026-06-23 18:37:56,925 | INFO | Search page URL: https://fjdefile.phila.gov/efsfjd/zk_fjd_public_qry_03.zp_dktrpt_setup_idx?uid=t2m2PhlTxIolqsSYDxam&o=z4sgJRbjR!rzHdb
2026-06-23 18:37:56,926 | INFO | Filling Case ID: 2510T0124
2026-06-23 18:37:57,079 | INFO | Submitting search...
2026-06-23 18:38:00,330 | INFO | Result URL: https://fjdefile.phila.gov/efsfjd/zk_fjd_public_qry_03.zp_dktrpt_search
2026-06-23 18:38:00,486 | INFO | Progress saved to: data\output\cases_results.xlsx
2026-06-23 18:38:00,487 | INFO | Progress index saved: 121
2026-06-23 18:38:00,487 | INFO | Waiting 2s before next case...
2026-06-23 18:38:02,488 | INFO | 
===== Batch item 2/10 =====
2026-06-23 18:38:02,488 | INFO | Real index: 122/1213
2026-06-23 18:38:02,488 | INFO | 
Scraping Case ID: 2510T0125
2026-06-23 18:38:02,489 | INFO | Attempt 1/2
2026-06-23 18:38:02,489 | INFO | Opening main page...
2026-06-23 18:38:03,815 | INFO | Main page URL: https://fjdefile.phila.gov/efsfjd/zk_fjd_public_qry_00.zp_main_idx
2026-06-23 18:38:04,220 | INFO | Search page URL: https://fjdefile.phila.gov/efsfjd/zk_fjd_public_qry_03.zp_dktrpt_setup_idx?uid=t2m2PhlTxIolqsSYDxam&o=z4sgJRbjR!rzHdb
2026-06-23 18:38:04,220 | INFO | Filling Case ID: 2510T0125
2026-06-23 18:38:04,359 | INFO | Submitting search...
2026-06-23 18:38:07,216 | INFO | Result URL: https://fjdefile.phila.gov/efsfjd/zk_fjd_public_qry_03.zp_dktrpt_search
2026-06-23 18:38:07,348 | INFO | Progress saved to: data\output\cases_results.xlsx
2026-06-23 18:38:07,349 | INFO | Progress index saved: 122
2026-06-23 18:38:07,349 | INFO | Waiting 2s before next case...
2026-06-23 18:38:09,350 | INFO | 
===== Batch item 3/10 =====
2026-06-23 18:38:09,350 | INFO | Real index: 123/1213
2026-06-23 18:38:09,350 | INFO | 
Scraping Case ID: 2510T0126
2026-06-23 18:38:09,351 | INFO | Attempt 1/2
2026-06-23 18:38:09,351 | INFO | Opening main page...
2026-06-23 18:38:11,207 | INFO | Main page URL: https://fjdefile.phila.gov/efsfjd/zk_fjd_public_qry_00.zp_main_idx
2026-06-23 18:38:11,960 | INFO | Search page URL: https://fjdefile.phila.gov/efsfjd/zk_fjd_public_qry_03.zp_dktrpt_setup_idx?uid=t2m2PhlTxIolqsSYDxam&o=z4sgJRbjR!rzHdb
2026-06-23 18:38:11,961 | INFO | Filling Case ID: 2510T0126
2026-06-23 18:38:12,107 | INFO | Submitting search...
2026-06-23 18:38:14,830 | INFO | Result URL: https://fjdefile.phila.gov/efsfjd/zk_fjd_public_qry_03.zp_dktrpt_search
2026-06-23 18:38:14,936 | INFO | Progress saved to: data\output\cases_results.xlsx
2026-06-23 18:38:14,938 | INFO | Progress index saved: 123
2026-06-23 18:38:14,939 | INFO | Waiting 2s before next case...
2026-06-23 18:38:16,940 | INFO | 
===== Batch item 4/10 =====
2026-06-23 18:38:16,942 | INFO | Real index: 124/1213
2026-06-23 18:38:16,943 | INFO | 
Scraping Case ID: 2510T0127
2026-06-23 18:38:16,947 | INFO | Attempt 1/2
2026-06-23 18:38:16,948 | INFO | Opening main page...
2026-06-23 18:38:18,409 | INFO | Main page URL: https://fjdefile.phila.gov/efsfjd/zk_fjd_public_qry_00.zp_main_idx
2026-06-23 18:38:18,959 | INFO | Search page URL: https://fjdefile.phila.gov/efsfjd/zk_fjd_public_qry_03.zp_dktrpt_setup_idx?uid=t2m2PhlTxIolqsSYDxam&o=z4sgJRbjR!rzHdb
2026-06-23 18:38:18,960 | INFO | Filling Case ID: 2510T0127
2026-06-23 18:38:19,091 | INFO | Submitting search...
2026-06-23 18:38:21,758 | INFO | Result URL: https://fjdefile.phila.gov/efsfjd/zk_fjd_public_qry_03.zp_dktrpt_search
2026-06-23 18:38:21,929 | INFO | Progress saved to: data\output\cases_results.xlsx
2026-06-23 18:38:21,936 | INFO | Progress index saved: 124
2026-06-23 18:38:21,938 | INFO | Waiting 2s before next case...
2026-06-23 18:38:23,944 | INFO | 
===== Batch item 5/10 =====
2026-06-23 18:38:23,945 | INFO | Real index: 125/1213
2026-06-23 18:38:23,945 | INFO | 
Scraping Case ID: 2510T0128
2026-06-23 18:38:23,945 | INFO | Attempt 1/2
2026-06-23 18:38:23,945 | INFO | Opening main page...
2026-06-23 18:38:25,287 | INFO | Main page URL: https://fjdefile.phila.gov/efsfjd/zk_fjd_public_qry_00.zp_main_idx
2026-06-23 18:38:25,738 | INFO | Search page URL: https://fjdefile.phila.gov/efsfjd/zk_fjd_public_qry_03.zp_dktrpt_setup_idx?uid=t2m2PhlTxIolqsSYDxam&o=z4sgJRbjR!rzHdb
2026-06-23 18:38:25,738 | INFO | Filling Case ID: 2510T0128
2026-06-23 18:38:25,856 | INFO | Submitting search...
2026-06-23 18:38:28,739 | INFO | Result URL: https://fjdefile.phila.gov/efsfjd/zk_fjd_public_qry_03.zp_dktrpt_search
2026-06-23 18:38:28,851 | INFO | Progress saved to: data\output\cases_results.xlsx
2026-06-23 18:38:28,854 | INFO | Progress index saved: 125
2026-06-23 18:38:28,854 | INFO | Waiting 2s before next case...
2026-06-23 18:38:30,855 | INFO | 
===== Batch item 6/10 =====
2026-06-23 18:38:30,855 | INFO | Real index: 126/1213
2026-06-23 18:38:30,856 | INFO | 
Scraping Case ID: 2510T0129
2026-06-23 18:38:30,856 | INFO | Attempt 1/2
2026-06-23 18:38:30,856 | INFO | Opening main page...
2026-06-23 18:38:32,204 | INFO | Main page URL: https://fjdefile.phila.gov/efsfjd/zk_fjd_public_qry_00.zp_main_idx
2026-06-23 18:38:32,855 | INFO | Search page URL: https://fjdefile.phila.gov/efsfjd/zk_fjd_public_qry_03.zp_dktrpt_setup_idx?uid=t2m2PhlTxIolqsSYDxam&o=z4sgJRbjR!rzHdb
2026-06-23 18:38:32,856 | INFO | Filling Case ID: 2510T0129
2026-06-23 18:38:32,985 | INFO | Submitting search...
2026-06-23 18:38:35,394 | INFO | Result URL: https://fjdefile.phila.gov/efsfjd/zk_fjd_public_qry_03.zp_dktrpt_search
2026-06-23 18:38:35,510 | INFO | Progress saved to: data\output\cases_results.xlsx
2026-06-23 18:38:35,513 | INFO | Progress index saved: 126
2026-06-23 18:38:35,513 | INFO | Waiting 2s before next case...
2026-06-23 18:38:37,515 | INFO | 
===== Batch item 7/10 =====
2026-06-23 18:38:37,517 | INFO | Real index: 127/1213
2026-06-23 18:38:37,518 | INFO | 
Scraping Case ID: 2510T0130
2026-06-23 18:38:37,522 | INFO | Attempt 1/2
2026-06-23 18:38:37,524 | INFO | Opening main page...
2026-06-23 18:38:39,075 | INFO | Main page URL: https://fjdefile.phila.gov/efsfjd/zk_fjd_public_qry_00.zp_main_idx
2026-06-23 18:38:39,735 | INFO | Search page URL: https://fjdefile.phila.gov/efsfjd/zk_fjd_public_qry_03.zp_dktrpt_setup_idx?uid=t2m2PhlTxIolqsSYDxam&o=z4sgJRbjR!rzHdb
2026-06-23 18:38:39,737 | INFO | Filling Case ID: 2510T0130
2026-06-23 18:38:39,918 | INFO | Submitting search...
2026-06-23 18:38:43,728 | INFO | Result URL: https://fjdefile.phila.gov/efsfjd/zk_fjd_public_qry_03.zp_dktrpt_search
2026-06-23 18:38:43,907 | INFO | Progress saved to: data\output\cases_results.xlsx
2026-06-23 18:38:43,909 | INFO | Progress index saved: 127
2026-06-23 18:38:43,910 | INFO | Waiting 2s before next case...
2026-06-23 18:38:45,911 | INFO | 
===== Batch item 8/10 =====
2026-06-23 18:38:45,911 | INFO | Real index: 128/1213
2026-06-23 18:38:45,912 | INFO | 
Scraping Case ID: 2510T0131
2026-06-23 18:38:45,914 | INFO | Attempt 1/2
2026-06-23 18:38:45,919 | INFO | Opening main page...
2026-06-23 18:38:47,625 | INFO | Main page URL: https://fjdefile.phila.gov/efsfjd/zk_fjd_public_qry_00.zp_main_idx
2026-06-23 18:38:48,848 | INFO | Search page URL: https://fjdefile.phila.gov/efsfjd/zk_fjd_public_qry_03.zp_dktrpt_setup_idx?uid=t2m2PhlTxIolqsSYDxam&o=z4sgJRbjR!rzHdb
2026-06-23 18:38:48,849 | INFO | Filling Case ID: 2510T0131
2026-06-23 18:38:48,989 | INFO | Submitting search...
2026-06-23 18:38:53,606 | INFO | Result URL: https://fjdefile.phila.gov/efsfjd/zk_fjd_public_qry_03.zp_dktrpt_search
2026-06-23 18:38:53,786 | INFO | Progress saved to: data\output\cases_results.xlsx
2026-06-23 18:38:53,788 | INFO | Progress index saved: 128
2026-06-23 18:38:53,788 | INFO | Waiting 2s before next case...
2026-06-23 18:38:55,789 | INFO | 
===== Batch item 9/10 =====
2026-06-23 18:38:55,789 | INFO | Real index: 129/1213
2026-06-23 18:38:55,790 | INFO | 
Scraping Case ID: 2510T0132
2026-06-23 18:38:55,790 | INFO | Attempt 1/2
2026-06-23 18:38:55,790 | INFO | Opening main page...
2026-06-23 18:38:57,285 | INFO | Main page URL: https://fjdefile.phila.gov/efsfjd/zk_fjd_public_qry_00.zp_main_idx
2026-06-23 18:38:57,926 | INFO | Search page URL: https://fjdefile.phila.gov/efsfjd/zk_fjd_public_qry_03.zp_dktrpt_setup_idx?uid=t2m2PhlTxIolqsSYDxam&o=z4sgJRbjR!rzHdb
2026-06-23 18:38:57,930 | INFO | Filling Case ID: 2510T0132
2026-06-23 18:38:58,103 | INFO | Submitting search...
2026-06-23 18:39:01,841 | INFO | Result URL: https://fjdefile.phila.gov/efsfjd/zk_fjd_public_qry_03.zp_dktrpt_search
2026-06-23 18:39:02,084 | INFO | Progress saved to: data\output\cases_results.xlsx
2026-06-23 18:39:02,086 | INFO | Progress index saved: 129
2026-06-23 18:39:02,086 | INFO | Waiting 2s before next case...
2026-06-23 18:39:09,485 | INFO | 
===== Batch item 10/10 =====
2026-06-23 18:39:09,487 | INFO | Real index: 130/1213
2026-06-23 18:39:09,488 | INFO | 
Scraping Case ID: 2510T0133
2026-06-23 18:39:09,488 | INFO | Attempt 1/2
2026-06-23 18:39:09,489 | INFO | Opening main page...
2026-06-23 18:39:10,988 | INFO | Main page URL: https://fjdefile.phila.gov/efsfjd/zk_fjd_public_qry_00.zp_main_idx
2026-06-23 18:39:11,467 | INFO | Search page URL: https://fjdefile.phila.gov/efsfjd/zk_fjd_public_qry_03.zp_dktrpt_setup_idx?uid=t2m2PhlTxIolqsSYDxam&o=z4sgJRbjR!rzHdb
2026-06-23 18:39:11,468 | INFO | Filling Case ID: 2510T0133
2026-06-23 18:39:11,597 | INFO | Submitting search...
2026-06-23 18:39:13,811 | INFO | Result URL: https://fjdefile.phila.gov/efsfjd/zk_fjd_public_qry_03.zp_dktrpt_search
2026-06-23 18:39:13,933 | INFO | Progress saved to: data\output\cases_results.xlsx
2026-06-23 18:39:13,934 | INFO | Progress index saved: 130
2026-06-23 18:39:13,935 | INFO | Waiting 2s before next case...
2026-06-23 18:39:15,935 | INFO | 
Batch done. Output saved to: data\output\cases_results.xlsx
2026-06-23 18:39:15,936 | INFO | Batch complete. Closing browser...
2026-06-23 18:39:29,142 | INFO | Columns found: ['Case ID']
2026-06-23 18:39:29,149 | INFO | Loaded 1213 Case IDs from data\input\case_ids.xlsx
2026-06-23 18:39:29,149 | INFO | Starting from index: 130
2026-06-23 18:39:29,149 | INFO | Processing this batch: 10 cases
2026-06-23 18:39:29,247 | INFO | Loaded existing output rows: 130
2026-06-23 18:39:30,842 | INFO | 
===== Batch item 1/10 =====
2026-06-23 18:39:30,847 | INFO | Real index: 131/1213
2026-06-23 18:39:30,848 | INFO | 
Scraping Case ID: 2510T0134
2026-06-23 18:39:30,849 | INFO | Attempt 1/2
2026-06-23 18:39:30,850 | INFO | Opening main page...
2026-06-23 18:39:35,528 | INFO | Main page URL: https://fjdefile.phila.gov/efsfjd/zk_fjd_public_qry_00.zp_main_idx?uid=nZp8SehPAIolqsSYDxam&o=w4vjJOaiWxozKg8
2026-06-23 18:39:36,512 | INFO | Search page URL: https://fjdefile.phila.gov/efsfjd/zk_fjd_public_qry_03.zp_dktrpt_setup_idx?uid=nZp8SehPAIolqsSYDxam&o=t1vmMO7fW!rzHdb
2026-06-23 18:39:36,515 | INFO | Filling Case ID: 2510T0134
2026-06-23 18:39:36,727 | INFO | Submitting search...
2026-06-23 18:40:22,072 | INFO | Timeout waiting for result. Current URL: https://fjdefile.phila.gov/efsfjd/zk_fjd_public_qry_00.zp_main_idx?uid=nZp8SehPAIolqsSYDxam&o=w4vjJOaiWxozKg8
2026-06-23 18:40:22,388 | INFO | Debug saved: screenshots\redirected_main_page_2510T0134_20260623_184022.png
2026-06-23 18:40:22,388 | INFO | HTML saved: screenshots\redirected_main_page_2510T0134_20260623_184022.html
2026-06-23 18:40:22,389 | INFO | Attempt failed: Redirected to main page instead of result page
2026-06-23 18:40:22,390 | INFO | Waiting 2s before retry...
2026-06-23 18:40:24,390 | INFO | Attempt 2/2
2026-06-23 18:40:24,391 | INFO | Opening main page...
2026-06-23 18:40:27,000 | INFO | Main page URL: https://fjdefile.phila.gov/efsfjd/zk_fjd_public_qry_00.zp_main_idx
2026-06-23 18:40:27,658 | INFO | Search page URL: https://fjdefile.phila.gov/efsfjd/zk_fjd_public_qry_03.zp_dktrpt_setup_idx?uid=nZp8SehPAIolqsSYDxam&o=t1vmMO7fW!rzHdb
2026-06-23 18:40:27,660 | INFO | Filling Case ID: 2510T0134
2026-06-23 18:40:27,822 | INFO | Submitting search...
2026-06-23 18:40:31,899 | INFO | Result URL: https://fjdefile.phila.gov/efsfjd/zk_fjd_public_qry_03.zp_dktrpt_search
2026-06-23 18:40:32,321 | INFO | Progress saved to: data\output\cases_results.xlsx
2026-06-23 18:40:32,323 | INFO | Progress index saved: 131
2026-06-23 18:40:32,323 | INFO | Waiting 2s before next case...
2026-06-23 18:40:34,324 | INFO | 
===== Batch item 2/10 =====
2026-06-23 18:40:34,324 | INFO | Real index: 132/1213
2026-06-23 18:40:34,324 | INFO | 
Scraping Case ID: 2510T0135
2026-06-23 18:40:34,325 | INFO | Attempt 1/2
2026-06-23 18:40:34,325 | INFO | Opening main page...
2026-06-23 18:40:35,696 | INFO | Main page URL: https://fjdefile.phila.gov/efsfjd/zk_fjd_public_qry_00.zp_main_idx
2026-06-23 18:40:36,261 | INFO | Search page URL: https://fjdefile.phila.gov/efsfjd/zk_fjd_public_qry_03.zp_dktrpt_setup_idx?uid=nZp8SehPAIolqsSYDxam&o=t1vmMO7fW!rzHdb
2026-06-23 18:40:36,261 | INFO | Filling Case ID: 2510T0135
2026-06-23 18:40:36,447 | INFO | Submitting search...
2026-06-23 18:40:39,979 | INFO | Result URL: https://fjdefile.phila.gov/efsfjd/zk_fjd_public_qry_03.zp_dktrpt_search
2026-06-23 18:40:40,209 | INFO | Progress saved to: data\output\cases_results.xlsx
2026-06-23 18:40:40,211 | INFO | Progress index saved: 132
2026-06-23 18:40:40,211 | INFO | Waiting 2s before next case...
2026-06-23 18:40:42,211 | INFO | 
===== Batch item 3/10 =====
2026-06-23 18:40:42,212 | INFO | Real index: 133/1213
2026-06-23 18:40:42,212 | INFO | 
Scraping Case ID: 2510T0136
2026-06-23 18:40:42,213 | INFO | Attempt 1/2
2026-06-23 18:40:42,213 | INFO | Opening main page...
2026-06-23 18:40:45,551 | INFO | Main page URL: https://fjdefile.phila.gov/efsfjd/zk_fjd_public_qry_00.zp_main_idx
2026-06-23 18:40:46,132 | INFO | Search page URL: https://fjdefile.phila.gov/efsfjd/zk_fjd_public_qry_03.zp_dktrpt_setup_idx?uid=nZp8SehPAIolqsSYDxam&o=t1vmMO7fW!rzHdb
2026-06-23 18:40:46,133 | INFO | Filling Case ID: 2510T0136
2026-06-23 18:40:46,257 | INFO | Submitting search...
2026-06-23 18:40:49,499 | INFO | Result URL: https://fjdefile.phila.gov/efsfjd/zk_fjd_public_qry_03.zp_dktrpt_search
2026-06-23 18:40:49,647 | INFO | Progress saved to: data\output\cases_results.xlsx
2026-06-23 18:40:49,648 | INFO | Progress index saved: 133
2026-06-23 18:40:49,648 | INFO | Waiting 2s before next case...
2026-06-23 18:40:51,649 | INFO | 
===== Batch item 4/10 =====
2026-06-23 18:40:51,649 | INFO | Real index: 134/1213
2026-06-23 18:40:51,649 | INFO | 
Scraping Case ID: 2510T0137
2026-06-23 18:40:51,649 | INFO | Attempt 1/2
2026-06-23 18:40:51,650 | INFO | Opening main page...
2026-06-23 18:40:53,115 | INFO | Main page URL: https://fjdefile.phila.gov/efsfjd/zk_fjd_public_qry_00.zp_main_idx
2026-06-23 18:40:54,284 | INFO | Search page URL: https://fjdefile.phila.gov/efsfjd/zk_fjd_public_qry_03.zp_dktrpt_setup_idx?uid=nZp8SehPAIolqsSYDxam&o=t1vmMO7fW!rzHdb
2026-06-23 18:40:54,284 | INFO | Filling Case ID: 2510T0137
2026-06-23 18:40:54,434 | INFO | Submitting search...
2026-06-23 18:40:56,685 | INFO | Result URL: https://fjdefile.phila.gov/efsfjd/zk_fjd_public_qry_03.zp_dktrpt_search
2026-06-23 18:40:56,829 | INFO | Progress saved to: data\output\cases_results.xlsx
2026-06-23 18:40:56,831 | INFO | Progress index saved: 134
2026-06-23 18:40:56,831 | INFO | Waiting 2s before next case...
2026-06-23 18:40:58,832 | INFO | 
===== Batch item 5/10 =====
2026-06-23 18:40:58,832 | INFO | Real index: 135/1213
2026-06-23 18:40:58,832 | INFO | 
Scraping Case ID: 2510T0138
2026-06-23 18:40:58,832 | INFO | Attempt 1/2
2026-06-23 18:40:58,833 | INFO | Opening main page...
2026-06-23 18:41:00,486 | INFO | Main page URL: https://fjdefile.phila.gov/efsfjd/zk_fjd_public_qry_00.zp_main_idx
2026-06-23 18:41:01,317 | INFO | Search page URL: https://fjdefile.phila.gov/efsfjd/zk_fjd_public_qry_03.zp_dktrpt_setup_idx?uid=nZp8SehPAIolqsSYDxam&o=t1vmMO7fW!rzHdb
2026-06-23 18:41:01,318 | INFO | Filling Case ID: 2510T0138
2026-06-23 18:41:01,495 | INFO | Submitting search...
2026-06-23 18:41:04,214 | INFO | Result URL: https://fjdefile.phila.gov/efsfjd/zk_fjd_public_qry_03.zp_dktrpt_search
2026-06-23 18:41:04,363 | INFO | Progress saved to: data\output\cases_results.xlsx
2026-06-23 18:41:04,365 | INFO | Progress index saved: 135
2026-06-23 18:41:04,365 | INFO | Waiting 2s before next case...
2026-06-23 18:41:06,366 | INFO | 
===== Batch item 6/10 =====
2026-06-23 18:41:06,366 | INFO | Real index: 136/1213
2026-06-23 18:41:06,366 | INFO | 
Scraping Case ID: 2510T0139
2026-06-23 18:41:06,367 | INFO | Attempt 1/2
2026-06-23 18:41:06,367 | INFO | Opening main page...
2026-06-23 18:41:07,857 | INFO | Main page URL: https://fjdefile.phila.gov/efsfjd/zk_fjd_public_qry_00.zp_main_idx
2026-06-23 18:41:08,900 | INFO | Search page URL: https://fjdefile.phila.gov/efsfjd/zk_fjd_public_qry_03.zp_dktrpt_setup_idx?uid=nZp8SehPAIolqsSYDxam&o=t1vmMO7fW!rzHdb
2026-06-23 18:41:08,901 | INFO | Filling Case ID: 2510T0139
2026-06-23 18:41:09,043 | INFO | Submitting search...
2026-06-23 18:41:11,166 | INFO | Result URL: https://fjdefile.phila.gov/efsfjd/zk_fjd_public_qry_03.zp_dktrpt_search
2026-06-23 18:41:11,279 | INFO | Progress saved to: data\output\cases_results.xlsx
2026-06-23 18:41:11,281 | INFO | Progress index saved: 136
2026-06-23 18:41:11,281 | INFO | Waiting 2s before next case...
2026-06-23 18:41:13,281 | INFO | 
===== Batch item 7/10 =====
2026-06-23 18:41:13,282 | INFO | Real index: 137/1213
2026-06-23 18:41:13,282 | INFO | 
Scraping Case ID: 2510T0141
2026-06-23 18:41:13,282 | INFO | Attempt 1/2
2026-06-23 18:41:13,282 | INFO | Opening main page...
2026-06-23 18:41:14,743 | INFO | Main page URL: https://fjdefile.phila.gov/efsfjd/zk_fjd_public_qry_00.zp_main_idx
2026-06-23 18:41:15,591 | INFO | Search page URL: https://fjdefile.phila.gov/efsfjd/zk_fjd_public_qry_03.zp_dktrpt_setup_idx?uid=nZp8SehPAIolqsSYDxam&o=t1vmMO7fW!rzHdb
2026-06-23 18:41:15,592 | INFO | Filling Case ID: 2510T0141
2026-06-23 18:41:15,800 | INFO | Submitting search...
2026-06-23 18:41:20,082 | INFO | Result URL: https://fjdefile.phila.gov/efsfjd/zk_fjd_public_qry_03.zp_dktrpt_search
2026-06-23 18:41:20,227 | INFO | Progress saved to: data\output\cases_results.xlsx
2026-06-23 18:41:20,230 | INFO | Progress index saved: 137
2026-06-23 18:41:20,230 | INFO | Waiting 2s before next case...
2026-06-23 18:41:22,232 | INFO | 
===== Batch item 8/10 =====
2026-06-23 18:41:22,233 | INFO | Real index: 138/1213
2026-06-23 18:41:22,233 | INFO | 
Scraping Case ID: 2510T0142
2026-06-23 18:41:22,233 | INFO | Attempt 1/2
2026-06-23 18:41:22,233 | INFO | Opening main page...
2026-06-23 18:41:24,024 | INFO | Main page URL: https://fjdefile.phila.gov/efsfjd/zk_fjd_public_qry_00.zp_main_idx
2026-06-23 18:41:24,796 | INFO | Search page URL: https://fjdefile.phila.gov/efsfjd/zk_fjd_public_qry_03.zp_dktrpt_setup_idx?uid=nZp8SehPAIolqsSYDxam&o=t1vmMO7fW!rzHdb
2026-06-23 18:41:24,797 | INFO | Filling Case ID: 2510T0142
2026-06-23 18:41:24,956 | INFO | Submitting search...
2026-06-23 18:41:33,574 | INFO | Result URL: https://fjdefile.phila.gov/efsfjd/zk_fjd_public_qry_03.zp_dktrpt_search
2026-06-23 18:41:33,806 | INFO | Progress saved to: data\output\cases_results.xlsx
2026-06-23 18:41:33,807 | INFO | Progress index saved: 138
2026-06-23 18:41:33,807 | INFO | Waiting 2s before next case...
2026-06-23 18:41:35,810 | INFO | 
===== Batch item 9/10 =====
2026-06-23 18:41:35,813 | INFO | Real index: 139/1213
2026-06-23 18:41:35,814 | INFO | 
Scraping Case ID: 2510T0143
2026-06-23 18:41:35,815 | INFO | Attempt 1/2
2026-06-23 18:41:35,816 | INFO | Opening main page...
2026-06-23 18:41:37,950 | INFO | Main page URL: https://fjdefile.phila.gov/efsfjd/zk_fjd_public_qry_00.zp_main_idx
2026-06-23 18:41:38,587 | INFO | Search page URL: https://fjdefile.phila.gov/efsfjd/zk_fjd_public_qry_03.zp_dktrpt_setup_idx?uid=nZp8SehPAIolqsSYDxam&o=t1vmMO7fW!rzHdb
2026-06-23 18:41:38,588 | INFO | Filling Case ID: 2510T0143
2026-06-23 18:41:38,713 | INFO | Submitting search...
2026-06-23 18:41:41,537 | INFO | Result URL: https://fjdefile.phila.gov/efsfjd/zk_fjd_public_qry_03.zp_dktrpt_search
2026-06-23 18:41:41,657 | INFO | Progress saved to: data\output\cases_results.xlsx
2026-06-23 18:41:41,659 | INFO | Progress index saved: 139
2026-06-23 18:41:41,660 | INFO | Waiting 2s before next case...
2026-06-23 18:41:43,661 | INFO | 
===== Batch item 10/10 =====
2026-06-23 18:41:43,661 | INFO | Real index: 140/1213
2026-06-23 18:41:43,662 | INFO | 
Scraping Case ID: 2510T0144
2026-06-23 18:41:43,662 | INFO | Attempt 1/2
2026-06-23 18:41:43,662 | INFO | Opening main page...
2026-06-23 18:41:45,172 | INFO | Main page URL: https://fjdefile.phila.gov/efsfjd/zk_fjd_public_qry_00.zp_main_idx
2026-06-23 18:41:45,721 | INFO | Search page URL: https://fjdefile.phila.gov/efsfjd/zk_fjd_public_qry_03.zp_dktrpt_setup_idx?uid=nZp8SehPAIolqsSYDxam&o=t1vmMO7fW!rzHdb
2026-06-23 18:41:45,722 | INFO | Filling Case ID: 2510T0144
2026-06-23 18:41:45,865 | INFO | Submitting search...
2026-06-23 18:41:48,511 | INFO | Result URL: https://fjdefile.phila.gov/efsfjd/zk_fjd_public_qry_03.zp_dktrpt_search
2026-06-23 18:41:48,684 | INFO | Progress saved to: data\output\cases_results.xlsx
2026-06-23 18:41:48,685 | INFO | Progress index saved: 140
2026-06-23 18:41:48,686 | INFO | Waiting 2s before next case...
2026-06-23 18:41:50,687 | INFO | 
Batch done. Output saved to: data\output\cases_results.xlsx
2026-06-23 18:41:50,687 | INFO | Batch complete. Closing browser...
2026-06-23 18:42:04,016 | INFO | Columns found: ['Case ID']
2026-06-23 18:42:04,019 | INFO | Loaded 1213 Case IDs from data\input\case_ids.xlsx
2026-06-23 18:42:04,019 | INFO | Starting from index: 140
2026-06-23 18:42:04,019 | INFO | Processing this batch: 10 cases
2026-06-23 18:42:04,123 | INFO | Loaded existing output rows: 140
2026-06-23 18:42:05,750 | INFO | 
===== Batch item 1/10 =====
2026-06-23 18:42:05,753 | INFO | Real index: 141/1213
2026-06-23 18:42:05,754 | INFO | 
Scraping Case ID: 2510T0145
2026-06-23 18:42:05,755 | INFO | Attempt 1/2
2026-06-23 18:42:05,757 | INFO | Opening main page...
2026-06-23 18:42:09,870 | INFO | Main page URL: https://fjdefile.phila.gov/efsfjd/zk_fjd_public_qry_00.zp_main_idx?uid=tau2H9tTxIolqsSYDxam&o=Af!d!JmmRxozKg8
2026-06-23 18:42:10,345 | INFO | Search page URL: https://fjdefile.phila.gov/efsfjd/zk_fjd_public_qry_03.zp_dktrpt_setup_idx?uid=tau2H9tTxIolqsSYDxam&o=zc!gBJjjR!rzHdb
2026-06-23 18:42:10,346 | INFO | Filling Case ID: 2510T0145
2026-06-23 18:42:10,493 | INFO | Submitting search...
2026-06-23 18:42:14,480 | INFO | Result URL: https://fjdefile.phila.gov/efsfjd/zk_fjd_public_qry_03.zp_dktrpt_search
2026-06-23 18:42:14,658 | INFO | Progress saved to: data\output\cases_results.xlsx
2026-06-23 18:42:14,661 | INFO | Progress index saved: 141
2026-06-23 18:42:14,661 | INFO | Waiting 2s before next case...
2026-06-23 18:42:16,663 | INFO | 
===== Batch item 2/10 =====
2026-06-23 18:42:16,663 | INFO | Real index: 142/1213
2026-06-23 18:42:16,663 | INFO | 
Scraping Case ID: 2510T0146
2026-06-23 18:42:16,663 | INFO | Attempt 1/2
2026-06-23 18:42:16,664 | INFO | Opening main page...
2026-06-23 18:42:18,190 | INFO | Main page URL: https://fjdefile.phila.gov/efsfjd/zk_fjd_public_qry_00.zp_main_idx
2026-06-23 18:42:18,852 | INFO | Search page URL: https://fjdefile.phila.gov/efsfjd/zk_fjd_public_qry_03.zp_dktrpt_setup_idx?uid=tau2H9tTxIolqsSYDxam&o=zc!gBJjjR!rzHdb
2026-06-23 18:42:18,858 | INFO | Filling Case ID: 2510T0146
2026-06-23 18:42:18,999 | INFO | Submitting search...
2026-06-23 18:42:22,143 | INFO | Result URL: https://fjdefile.phila.gov/efsfjd/zk_fjd_public_qry_03.zp_dktrpt_search
2026-06-23 18:42:22,352 | INFO | Progress saved to: data\output\cases_results.xlsx
2026-06-23 18:42:22,355 | INFO | Progress index saved: 142
2026-06-23 18:42:22,355 | INFO | Waiting 2s before next case...
2026-06-23 18:42:24,357 | INFO | 
===== Batch item 3/10 =====
2026-06-23 18:42:24,358 | INFO | Real index: 143/1213
2026-06-23 18:42:24,362 | INFO | 
Scraping Case ID: 2510T0147
2026-06-23 18:42:24,364 | INFO | Attempt 1/2
2026-06-23 18:42:24,365 | INFO | Opening main page...
2026-06-23 18:42:25,835 | INFO | Main page URL: https://fjdefile.phila.gov/efsfjd/zk_fjd_public_qry_00.zp_main_idx
2026-06-23 18:42:26,555 | INFO | Search page URL: https://fjdefile.phila.gov/efsfjd/zk_fjd_public_qry_03.zp_dktrpt_setup_idx?uid=tau2H9tTxIolqsSYDxam&o=zc!gBJjjR!rzHdb
2026-06-23 18:42:26,555 | INFO | Filling Case ID: 2510T0147
2026-06-23 18:42:26,678 | INFO | Submitting search...
2026-06-23 18:42:29,884 | INFO | Result URL: https://fjdefile.phila.gov/efsfjd/zk_fjd_public_qry_03.zp_dktrpt_search
2026-06-23 18:42:30,256 | INFO | Progress saved to: data\output\cases_results.xlsx
2026-06-23 18:42:30,266 | INFO | Progress index saved: 143
2026-06-23 18:42:30,269 | INFO | Waiting 2s before next case...
2026-06-23 18:42:32,271 | INFO | 
===== Batch item 4/10 =====
2026-06-23 18:42:32,272 | INFO | Real index: 144/1213
2026-06-23 18:42:32,272 | INFO | 
Scraping Case ID: 2510T0148
2026-06-23 18:42:32,272 | INFO | Attempt 1/2
2026-06-23 18:42:32,273 | INFO | Opening main page...
2026-06-23 18:42:33,754 | INFO | Main page URL: https://fjdefile.phila.gov/efsfjd/zk_fjd_public_qry_00.zp_main_idx
2026-06-23 18:42:34,379 | INFO | Search page URL: https://fjdefile.phila.gov/efsfjd/zk_fjd_public_qry_03.zp_dktrpt_setup_idx?uid=tau2H9tTxIolqsSYDxam&o=zc!gBJjjR!rzHdb
2026-06-23 18:42:34,380 | INFO | Filling Case ID: 2510T0148
2026-06-23 18:42:34,508 | INFO | Submitting search...
2026-06-23 18:42:39,183 | INFO | Result URL: https://fjdefile.phila.gov/efsfjd/zk_fjd_public_qry_03.zp_dktrpt_search
2026-06-23 18:42:39,337 | INFO | Progress saved to: data\output\cases_results.xlsx
2026-06-23 18:42:39,338 | INFO | Progress index saved: 144
2026-06-23 18:42:39,338 | INFO | Waiting 2s before next case...
2026-06-23 18:42:41,339 | INFO | 
===== Batch item 5/10 =====
2026-06-23 18:42:41,339 | INFO | Real index: 145/1213
2026-06-23 18:42:41,339 | INFO | 
Scraping Case ID: 2510T0149
2026-06-23 18:42:41,339 | INFO | Attempt 1/2
2026-06-23 18:42:41,340 | INFO | Opening main page...
2026-06-23 18:42:42,699 | INFO | Main page URL: https://fjdefile.phila.gov/efsfjd/zk_fjd_public_qry_00.zp_main_idx
2026-06-23 18:42:43,648 | INFO | Search page URL: https://fjdefile.phila.gov/efsfjd/zk_fjd_public_qry_03.zp_dktrpt_setup_idx?uid=tau2H9tTxIolqsSYDxam&o=zc!gBJjjR!rzHdb
2026-06-23 18:42:43,649 | INFO | Filling Case ID: 2510T0149
2026-06-23 18:42:43,800 | INFO | Submitting search...
2026-06-23 18:42:50,914 | INFO | Result URL: https://fjdefile.phila.gov/efsfjd/zk_fjd_public_qry_03.zp_dktrpt_search
2026-06-23 18:42:51,074 | INFO | Progress saved to: data\output\cases_results.xlsx
2026-06-23 18:42:51,079 | INFO | Progress index saved: 145
2026-06-23 18:42:51,081 | INFO | Waiting 2s before next case...
2026-06-23 18:42:53,084 | INFO | 
===== Batch item 6/10 =====
2026-06-23 18:42:53,084 | INFO | Real index: 146/1213
2026-06-23 18:42:53,084 | INFO | 
Scraping Case ID: 2510T0150
2026-06-23 18:42:53,085 | INFO | Attempt 1/2
2026-06-23 18:42:53,085 | INFO | Opening main page...
2026-06-23 18:42:54,887 | INFO | Main page URL: https://fjdefile.phila.gov/efsfjd/zk_fjd_public_qry_00.zp_main_idx
2026-06-23 18:42:56,563 | INFO | Search page URL: https://fjdefile.phila.gov/efsfjd/zk_fjd_public_qry_03.zp_dktrpt_setup_idx?uid=tau2H9tTxIolqsSYDxam&o=zc!gBJjjR!rzHdb
2026-06-23 18:42:56,563 | INFO | Filling Case ID: 2510T0150
2026-06-23 18:42:56,712 | INFO | Submitting search...
2026-06-23 18:43:00,584 | INFO | Result URL: https://fjdefile.phila.gov/efsfjd/zk_fjd_public_qry_03.zp_dktrpt_search
2026-06-23 18:43:00,765 | INFO | Progress saved to: data\output\cases_results.xlsx
2026-06-23 18:43:00,766 | INFO | Progress index saved: 146
2026-06-23 18:43:00,767 | INFO | Waiting 2s before next case...
2026-06-23 18:43:02,768 | INFO | 
===== Batch item 7/10 =====
2026-06-23 18:43:02,769 | INFO | Real index: 147/1213
2026-06-23 18:43:02,769 | INFO | 
Scraping Case ID: 2510T0151
2026-06-23 18:43:02,770 | INFO | Attempt 1/2
2026-06-23 18:43:02,770 | INFO | Opening main page...
2026-06-23 18:43:04,256 | INFO | Main page URL: https://fjdefile.phila.gov/efsfjd/zk_fjd_public_qry_00.zp_main_idx
2026-06-23 18:43:05,207 | INFO | Search page URL: https://fjdefile.phila.gov/efsfjd/zk_fjd_public_qry_03.zp_dktrpt_setup_idx?uid=tau2H9tTxIolqsSYDxam&o=zc!gBJjjR!rzHdb
2026-06-23 18:43:05,208 | INFO | Filling Case ID: 2510T0151
2026-06-23 18:43:05,404 | INFO | Submitting search...
2026-06-23 18:43:09,587 | INFO | Result URL: https://fjdefile.phila.gov/efsfjd/zk_fjd_public_qry_03.zp_dktrpt_search
2026-06-23 18:43:09,866 | INFO | Progress saved to: data\output\cases_results.xlsx
2026-06-23 18:43:09,868 | INFO | Progress index saved: 147
2026-06-23 18:43:09,869 | INFO | Waiting 2s before next case...
2026-06-23 18:43:11,870 | INFO | 
===== Batch item 8/10 =====
2026-06-23 18:43:11,870 | INFO | Real index: 148/1213
2026-06-23 18:43:11,870 | INFO | 
Scraping Case ID: 2510T0152
2026-06-23 18:43:11,870 | INFO | Attempt 1/2
2026-06-23 18:43:11,871 | INFO | Opening main page...
2026-06-23 18:43:13,368 | INFO | Main page URL: https://fjdefile.phila.gov/efsfjd/zk_fjd_public_qry_00.zp_main_idx
2026-06-23 18:43:13,918 | INFO | Search page URL: https://fjdefile.phila.gov/efsfjd/zk_fjd_public_qry_03.zp_dktrpt_setup_idx?uid=tau2H9tTxIolqsSYDxam&o=zc!gBJjjR!rzHdb
2026-06-23 18:43:13,918 | INFO | Filling Case ID: 2510T0152
2026-06-23 18:43:14,036 | INFO | Submitting search...
2026-06-23 18:43:16,846 | INFO | Result URL: https://fjdefile.phila.gov/efsfjd/zk_fjd_public_qry_03.zp_dktrpt_search
2026-06-23 18:43:17,049 | INFO | Progress saved to: data\output\cases_results.xlsx
2026-06-23 18:43:17,050 | INFO | Progress index saved: 148
2026-06-23 18:43:17,051 | INFO | Waiting 2s before next case...
2026-06-23 18:43:19,055 | INFO | 
===== Batch item 9/10 =====
2026-06-23 18:43:19,057 | INFO | Real index: 149/1213
2026-06-23 18:43:19,060 | INFO | 
Scraping Case ID: 2510T0153
2026-06-23 18:43:19,061 | INFO | Attempt 1/2
2026-06-23 18:43:19,064 | INFO | Opening main page...
2026-06-23 18:43:20,531 | INFO | Main page URL: https://fjdefile.phila.gov/efsfjd/zk_fjd_public_qry_00.zp_main_idx
2026-06-23 18:43:21,167 | INFO | Search page URL: https://fjdefile.phila.gov/efsfjd/zk_fjd_public_qry_03.zp_dktrpt_setup_idx?uid=tau2H9tTxIolqsSYDxam&o=zc!gBJjjR!rzHdb
2026-06-23 18:43:21,168 | INFO | Filling Case ID: 2510T0153
2026-06-23 18:43:21,301 | INFO | Submitting search...
2026-06-23 18:43:24,934 | INFO | Result URL: https://fjdefile.phila.gov/efsfjd/zk_fjd_public_qry_03.zp_dktrpt_search
2026-06-23 18:43:25,092 | INFO | Progress saved to: data\output\cases_results.xlsx
2026-06-23 18:43:25,094 | INFO | Progress index saved: 149
2026-06-23 18:43:25,095 | INFO | Waiting 2s before next case...
2026-06-23 18:43:27,096 | INFO | 
===== Batch item 10/10 =====
2026-06-23 18:43:27,096 | INFO | Real index: 150/1213
2026-06-23 18:43:27,096 | INFO | 
Scraping Case ID: 2510T0154
2026-06-23 18:43:27,096 | INFO | Attempt 1/2
2026-06-23 18:43:27,097 | INFO | Opening main page...
2026-06-23 18:43:28,471 | INFO | Main page URL: https://fjdefile.phila.gov/efsfjd/zk_fjd_public_qry_00.zp_main_idx
2026-06-23 18:43:29,270 | INFO | Search page URL: https://fjdefile.phila.gov/efsfjd/zk_fjd_public_qry_03.zp_dktrpt_setup_idx?uid=tau2H9tTxIolqsSYDxam&o=zc!gBJjjR!rzHdb
2026-06-23 18:43:29,271 | INFO | Filling Case ID: 2510T0154
2026-06-23 18:43:29,500 | INFO | Submitting search...
2026-06-23 18:43:33,424 | INFO | Result URL: https://fjdefile.phila.gov/efsfjd/zk_fjd_public_qry_03.zp_dktrpt_search
2026-06-23 18:43:33,608 | INFO | Progress saved to: data\output\cases_results.xlsx
2026-06-23 18:43:33,612 | INFO | Progress index saved: 150
2026-06-23 18:43:33,614 | INFO | Waiting 2s before next case...
2026-06-23 18:43:35,615 | INFO | 
Batch done. Output saved to: data\output\cases_results.xlsx
2026-06-23 18:43:35,615 | INFO | Batch complete. Closing browser...
2026-06-23 18:43:49,130 | INFO | Columns found: ['Case ID']
2026-06-23 18:43:49,135 | INFO | Loaded 1213 Case IDs from data\input\case_ids.xlsx
2026-06-23 18:43:49,136 | INFO | Starting from index: 150
2026-06-23 18:43:49,136 | INFO | Processing this batch: 10 cases
2026-06-23 18:43:49,247 | INFO | Loaded existing output rows: 150
2026-06-23 18:43:50,920 | INFO | 
===== Batch item 1/10 =====
2026-06-23 18:43:50,922 | INFO | Real index: 151/1213
2026-06-23 18:43:50,922 | INFO | 
Scraping Case ID: 2510T0155
2026-06-23 18:43:50,923 | INFO | Attempt 1/2
2026-06-23 18:43:50,923 | INFO | Opening main page...
2026-06-23 18:43:54,791 | INFO | Main page URL: https://fjdefile.phila.gov/efsfjd/zk_fjd_public_qry_00.zp_main_idx?uid=sZk3SkkLAIolqsSYDxam&o=_4qeJUdeWxozKg8
2026-06-23 18:43:55,652 | INFO | Search page URL: https://fjdefile.phila.gov/efsfjd/zk_fjd_public_qry_03.zp_dktrpt_setup_idx?uid=sZk3SkkLAIolqsSYDxam&o=y1qhMUabW!rzHdb
2026-06-23 18:43:55,652 | INFO | Filling Case ID: 2510T0155
2026-06-23 18:43:55,799 | INFO | Submitting search...
2026-06-23 18:43:59,716 | INFO | Result URL: https://fjdefile.phila.gov/efsfjd/zk_fjd_public_qry_03.zp_dktrpt_search
2026-06-23 18:43:59,906 | INFO | Progress saved to: data\output\cases_results.xlsx
2026-06-23 18:43:59,908 | INFO | Progress index saved: 151
2026-06-23 18:43:59,908 | INFO | Waiting 2s before next case...
2026-06-23 18:44:01,908 | INFO | 
===== Batch item 2/10 =====
2026-06-23 18:44:01,909 | INFO | Real index: 152/1213
2026-06-23 18:44:01,909 | INFO | 
Scraping Case ID: 2510T0156
2026-06-23 18:44:01,909 | INFO | Attempt 1/2
2026-06-23 18:44:01,909 | INFO | Opening main page...
2026-06-23 18:44:03,367 | INFO | Main page URL: https://fjdefile.phila.gov/efsfjd/zk_fjd_public_qry_00.zp_main_idx
2026-06-23 18:44:03,981 | INFO | Search page URL: https://fjdefile.phila.gov/efsfjd/zk_fjd_public_qry_03.zp_dktrpt_setup_idx?uid=sZk3SkkLAIolqsSYDxam&o=y1qhMUabW!rzHdb
2026-06-23 18:44:03,982 | INFO | Filling Case ID: 2510T0156
2026-06-23 18:44:04,114 | INFO | Submitting search...
2026-06-23 18:44:08,299 | INFO | Result URL: https://fjdefile.phila.gov/efsfjd/zk_fjd_public_qry_03.zp_dktrpt_search
2026-06-23 18:44:08,405 | INFO | Progress saved to: data\output\cases_results.xlsx
2026-06-23 18:44:08,406 | INFO | Progress index saved: 152
2026-06-23 18:44:08,406 | INFO | Waiting 2s before next case...
2026-06-23 18:44:10,407 | INFO | 
===== Batch item 3/10 =====
2026-06-23 18:44:10,407 | INFO | Real index: 153/1213
2026-06-23 18:44:10,407 | INFO | 
Scraping Case ID: 2510T0157
2026-06-23 18:44:10,407 | INFO | Attempt 1/2
2026-06-23 18:44:10,408 | INFO | Opening main page...
2026-06-23 18:44:11,796 | INFO | Main page URL: https://fjdefile.phila.gov/efsfjd/zk_fjd_public_qry_00.zp_main_idx
2026-06-23 18:44:14,788 | INFO | Search page URL: https://fjdefile.phila.gov/efsfjd/zk_fjd_public_qry_03.zp_dktrpt_setup_idx?uid=sZk3SkkLAIolqsSYDxam&o=y1qhMUabW!rzHdb
2026-06-23 18:44:14,788 | INFO | Filling Case ID: 2510T0157
2026-06-23 18:44:14,922 | INFO | Submitting search...
2026-06-23 18:44:18,254 | INFO | Result URL: https://fjdefile.phila.gov/efsfjd/zk_fjd_public_qry_03.zp_dktrpt_search
2026-06-23 18:44:18,368 | INFO | Progress saved to: data\output\cases_results.xlsx
2026-06-23 18:44:18,369 | INFO | Progress index saved: 153
2026-06-23 18:44:18,370 | INFO | Waiting 2s before next case...
2026-06-23 18:44:20,370 | INFO | 
===== Batch item 4/10 =====
2026-06-23 18:44:20,371 | INFO | Real index: 154/1213
2026-06-23 18:44:20,371 | INFO | 
Scraping Case ID: 2510T0158
2026-06-23 18:44:20,371 | INFO | Attempt 1/2
2026-06-23 18:44:20,371 | INFO | Opening main page...
2026-06-23 18:44:21,922 | INFO | Main page URL: https://fjdefile.phila.gov/efsfjd/zk_fjd_public_qry_00.zp_main_idx
2026-06-23 18:44:23,420 | INFO | Search page URL: https://fjdefile.phila.gov/efsfjd/zk_fjd_public_qry_03.zp_dktrpt_setup_idx?uid=sZk3SkkLAIolqsSYDxam&o=y1qhMUabW!rzHdb
2026-06-23 18:44:23,420 | INFO | Filling Case ID: 2510T0158
2026-06-23 18:44:23,540 | INFO | Submitting search...
2026-06-23 18:44:26,687 | INFO | Result URL: https://fjdefile.phila.gov/efsfjd/zk_fjd_public_qry_03.zp_dktrpt_search
2026-06-23 18:44:26,784 | INFO | Progress saved to: data\output\cases_results.xlsx
2026-06-23 18:44:26,785 | INFO | Progress index saved: 154
2026-06-23 18:44:26,785 | INFO | Waiting 2s before next case...
2026-06-23 18:44:28,786 | INFO | 
===== Batch item 5/10 =====
2026-06-23 18:44:28,787 | INFO | Real index: 155/1213
2026-06-23 18:44:28,787 | INFO | 
Scraping Case ID: 2510T0159
2026-06-23 18:44:28,787 | INFO | Attempt 1/2
2026-06-23 18:44:28,787 | INFO | Opening main page...
2026-06-23 18:44:30,107 | INFO | Main page URL: https://fjdefile.phila.gov/efsfjd/zk_fjd_public_qry_00.zp_main_idx
2026-06-23 18:44:30,616 | INFO | Search page URL: https://fjdefile.phila.gov/efsfjd/zk_fjd_public_qry_03.zp_dktrpt_setup_idx?uid=sZk3SkkLAIolqsSYDxam&o=y1qhMUabW!rzHdb
2026-06-23 18:44:30,616 | INFO | Filling Case ID: 2510T0159
2026-06-23 18:44:30,733 | INFO | Submitting search...
2026-06-23 18:44:33,411 | INFO | Result URL: https://fjdefile.phila.gov/efsfjd/zk_fjd_public_qry_03.zp_dktrpt_search
2026-06-23 18:44:33,547 | INFO | Progress saved to: data\output\cases_results.xlsx
2026-06-23 18:44:33,549 | INFO | Progress index saved: 155
2026-06-23 18:44:33,550 | INFO | Waiting 2s before next case...
2026-06-23 18:44:35,550 | INFO | 
===== Batch item 6/10 =====
2026-06-23 18:44:35,550 | INFO | Real index: 156/1213
2026-06-23 18:44:35,550 | INFO | 
Scraping Case ID: 2510T0160
2026-06-23 18:44:35,551 | INFO | Attempt 1/2
2026-06-23 18:44:35,551 | INFO | Opening main page...
2026-06-23 18:44:37,127 | INFO | Main page URL: https://fjdefile.phila.gov/efsfjd/zk_fjd_public_qry_00.zp_main_idx
2026-06-23 18:44:37,678 | INFO | Search page URL: https://fjdefile.phila.gov/efsfjd/zk_fjd_public_qry_03.zp_dktrpt_setup_idx?uid=sZk3SkkLAIolqsSYDxam&o=y1qhMUabW!rzHdb
2026-06-23 18:44:37,679 | INFO | Filling Case ID: 2510T0160
2026-06-23 18:44:37,851 | INFO | Submitting search...
2026-06-23 18:44:40,536 | INFO | Result URL: https://fjdefile.phila.gov/efsfjd/zk_fjd_public_qry_03.zp_dktrpt_search
2026-06-23 18:44:40,701 | INFO | Progress saved to: data\output\cases_results.xlsx
2026-06-23 18:44:40,706 | INFO | Progress index saved: 156
2026-06-23 18:44:40,706 | INFO | Waiting 2s before next case...
2026-06-23 18:44:42,707 | INFO | 
===== Batch item 7/10 =====
2026-06-23 18:44:42,708 | INFO | Real index: 157/1213
2026-06-23 18:44:42,708 | INFO | 
Scraping Case ID: 2510T0161
2026-06-23 18:44:42,708 | INFO | Attempt 1/2
2026-06-23 18:44:42,708 | INFO | Opening main page...
2026-06-23 18:44:44,072 | INFO | Main page URL: https://fjdefile.phila.gov/efsfjd/zk_fjd_public_qry_00.zp_main_idx
2026-06-23 18:44:44,574 | INFO | Search page URL: https://fjdefile.phila.gov/efsfjd/zk_fjd_public_qry_03.zp_dktrpt_setup_idx?uid=sZk3SkkLAIolqsSYDxam&o=y1qhMUabW!rzHdb
2026-06-23 18:44:44,574 | INFO | Filling Case ID: 2510T0161
2026-06-23 18:44:44,705 | INFO | Submitting search...
2026-06-23 18:44:46,843 | INFO | Result URL: https://fjdefile.phila.gov/efsfjd/zk_fjd_public_qry_03.zp_dktrpt_search
2026-06-23 18:44:46,963 | INFO | Progress saved to: data\output\cases_results.xlsx
2026-06-23 18:44:46,965 | INFO | Progress index saved: 157
2026-06-23 18:44:46,965 | INFO | Waiting 2s before next case...
2026-06-23 18:44:48,966 | INFO | 
===== Batch item 8/10 =====
2026-06-23 18:44:48,966 | INFO | Real index: 158/1213
2026-06-23 18:44:48,966 | INFO | 
Scraping Case ID: 2510T0162
2026-06-23 18:44:48,966 | INFO | Attempt 1/2
2026-06-23 18:44:48,967 | INFO | Opening main page...
2026-06-23 18:44:50,328 | INFO | Main page URL: https://fjdefile.phila.gov/efsfjd/zk_fjd_public_qry_00.zp_main_idx
2026-06-23 18:44:50,767 | INFO | Search page URL: https://fjdefile.phila.gov/efsfjd/zk_fjd_public_qry_03.zp_dktrpt_setup_idx?uid=sZk3SkkLAIolqsSYDxam&o=y1qhMUabW!rzHdb
2026-06-23 18:44:50,767 | INFO | Filling Case ID: 2510T0162
2026-06-23 18:44:50,895 | INFO | Submitting search...
2026-06-23 18:44:53,016 | INFO | Result URL: https://fjdefile.phila.gov/efsfjd/zk_fjd_public_qry_03.zp_dktrpt_search
2026-06-23 18:44:53,341 | INFO | Progress saved to: data\output\cases_results.xlsx
2026-06-23 18:44:53,345 | INFO | Progress index saved: 158
2026-06-23 18:44:53,347 | INFO | Waiting 2s before next case...
2026-06-23 18:44:55,349 | INFO | 
===== Batch item 9/10 =====
2026-06-23 18:44:55,349 | INFO | Real index: 159/1213
2026-06-23 18:44:55,349 | INFO | 
Scraping Case ID: 2510T0163
2026-06-23 18:44:55,350 | INFO | Attempt 1/2
2026-06-23 18:44:55,350 | INFO | Opening main page...
2026-06-23 18:44:56,695 | INFO | Main page URL: https://fjdefile.phila.gov/efsfjd/zk_fjd_public_qry_00.zp_main_idx
2026-06-23 18:44:57,250 | INFO | Search page URL: https://fjdefile.phila.gov/efsfjd/zk_fjd_public_qry_03.zp_dktrpt_setup_idx?uid=sZk3SkkLAIolqsSYDxam&o=y1qhMUabW!rzHdb
2026-06-23 18:44:57,250 | INFO | Filling Case ID: 2510T0163
2026-06-23 18:44:57,373 | INFO | Submitting search...
2026-06-23 18:44:59,686 | INFO | Result URL: https://fjdefile.phila.gov/efsfjd/zk_fjd_public_qry_03.zp_dktrpt_search
2026-06-23 18:44:59,815 | INFO | Progress saved to: data\output\cases_results.xlsx
2026-06-23 18:44:59,816 | INFO | Progress index saved: 159
2026-06-23 18:44:59,816 | INFO | Waiting 2s before next case...
2026-06-23 18:45:01,817 | INFO | 
===== Batch item 10/10 =====
2026-06-23 18:45:01,817 | INFO | Real index: 160/1213
2026-06-23 18:45:01,818 | INFO | 
Scraping Case ID: 2510T0164
2026-06-23 18:45:01,818 | INFO | Attempt 1/2
2026-06-23 18:45:01,818 | INFO | Opening main page...
2026-06-23 18:45:03,207 | INFO | Main page URL: https://fjdefile.phila.gov/efsfjd/zk_fjd_public_qry_00.zp_main_idx
2026-06-23 18:45:03,752 | INFO | Search page URL: https://fjdefile.phila.gov/efsfjd/zk_fjd_public_qry_03.zp_dktrpt_setup_idx?uid=sZk3SkkLAIolqsSYDxam&o=y1qhMUabW!rzHdb
2026-06-23 18:45:03,752 | INFO | Filling Case ID: 2510T0164
2026-06-23 18:45:03,877 | INFO | Submitting search...
2026-06-23 18:45:06,016 | INFO | Result URL: https://fjdefile.phila.gov/efsfjd/zk_fjd_public_qry_03.zp_dktrpt_search
2026-06-23 18:45:06,174 | INFO | Progress saved to: data\output\cases_results.xlsx
2026-06-23 18:45:06,176 | INFO | Progress index saved: 160
2026-06-23 18:45:06,177 | INFO | Waiting 2s before next case...
2026-06-23 18:45:08,180 | INFO | 
Batch done. Output saved to: data\output\cases_results.xlsx
2026-06-23 18:45:08,180 | INFO | Batch complete. Closing browser...
2026-06-23 18:45:20,989 | INFO | Columns found: ['Case ID']
2026-06-23 18:45:20,991 | INFO | Loaded 1213 Case IDs from data\input\case_ids.xlsx
2026-06-23 18:45:20,991 | INFO | Starting from index: 160
2026-06-23 18:45:20,991 | INFO | Processing this batch: 10 cases
2026-06-23 18:45:21,070 | INFO | Loaded existing output rows: 160
2026-06-23 18:45:22,571 | INFO | 
===== Batch item 1/10 =====
2026-06-23 18:45:22,574 | INFO | Real index: 161/1213
2026-06-23 18:45:22,579 | INFO | 
Scraping Case ID: 2510T0165
2026-06-23 18:45:22,584 | INFO | Attempt 1/2
2026-06-23 18:45:22,590 | INFO | Opening main page...
2026-06-23 18:45:26,644 | INFO | Main page URL: https://fjdefile.phila.gov/efsfjd/zk_fjd_public_qry_00.zp_main_idx?uid=v9r0IdqWvIolqsSYDxam&o=Cexb_NjpPxozKg8
2026-06-23 18:45:27,269 | INFO | Search page URL: https://fjdefile.phila.gov/efsfjd/zk_fjd_public_qry_03.zp_dktrpt_setup_idx?uid=v9r0IdqWvIolqsSYDxam&o=_bxeCNgmP!rzHdb
2026-06-23 18:45:27,270 | INFO | Filling Case ID: 2510T0165
2026-06-23 18:45:27,402 | INFO | Submitting search...
2026-06-23 18:45:31,556 | INFO | Result URL: https://fjdefile.phila.gov/efsfjd/zk_fjd_public_qry_03.zp_dktrpt_search
2026-06-23 18:45:31,827 | INFO | Progress saved to: data\output\cases_results.xlsx
2026-06-23 18:45:31,829 | INFO | Progress index saved: 161
2026-06-23 18:45:31,829 | INFO | Waiting 2s before next case...
2026-06-23 18:45:33,830 | INFO | 
===== Batch item 2/10 =====
2026-06-23 18:45:33,830 | INFO | Real index: 162/1213
2026-06-23 18:45:33,831 | INFO | 
Scraping Case ID: 2510T0166
2026-06-23 18:45:33,831 | INFO | Attempt 1/2
2026-06-23 18:45:33,831 | INFO | Opening main page...
2026-06-23 18:45:35,212 | INFO | Main page URL: https://fjdefile.phila.gov/efsfjd/zk_fjd_public_qry_00.zp_main_idx
2026-06-23 18:45:35,898 | INFO | Search page URL: https://fjdefile.phila.gov/efsfjd/zk_fjd_public_qry_03.zp_dktrpt_setup_idx?uid=v9r0IdqWvIolqsSYDxam&o=_bxeCNgmP!rzHdb
2026-06-23 18:45:35,899 | INFO | Filling Case ID: 2510T0166
2026-06-23 18:45:36,038 | INFO | Submitting search...
2026-06-23 18:45:39,253 | INFO | Result URL: https://fjdefile.phila.gov/efsfjd/zk_fjd_public_qry_03.zp_dktrpt_search
2026-06-23 18:45:39,398 | INFO | Progress saved to: data\output\cases_results.xlsx
2026-06-23 18:45:39,399 | INFO | Progress index saved: 162
2026-06-23 18:45:39,399 | INFO | Waiting 2s before next case...
2026-06-23 18:45:41,400 | INFO | 
===== Batch item 3/10 =====
2026-06-23 18:45:41,400 | INFO | Real index: 163/1213
2026-06-23 18:45:41,401 | INFO | 
Scraping Case ID: 2510T0167
2026-06-23 18:45:41,401 | INFO | Attempt 1/2
2026-06-23 18:45:41,401 | INFO | Opening main page...
2026-06-23 18:45:42,798 | INFO | Main page URL: https://fjdefile.phila.gov/efsfjd/zk_fjd_public_qry_00.zp_main_idx
2026-06-23 18:45:43,274 | INFO | Search page URL: https://fjdefile.phila.gov/efsfjd/zk_fjd_public_qry_03.zp_dktrpt_setup_idx?uid=v9r0IdqWvIolqsSYDxam&o=_bxeCNgmP!rzHdb
2026-06-23 18:45:43,274 | INFO | Filling Case ID: 2510T0167
2026-06-23 18:45:43,404 | INFO | Submitting search...
2026-06-23 18:45:45,954 | INFO | Result URL: https://fjdefile.phila.gov/efsfjd/zk_fjd_public_qry_03.zp_dktrpt_search
2026-06-23 18:45:46,075 | INFO | Progress saved to: data\output\cases_results.xlsx
2026-06-23 18:45:46,076 | INFO | Progress index saved: 163
2026-06-23 18:45:46,077 | INFO | Waiting 2s before next case...
2026-06-23 18:45:48,078 | INFO | 
===== Batch item 4/10 =====
2026-06-23 18:45:48,078 | INFO | Real index: 164/1213
2026-06-23 18:45:48,079 | INFO | 
Scraping Case ID: 2510T0168
2026-06-23 18:45:48,079 | INFO | Attempt 1/2
2026-06-23 18:45:48,079 | INFO | Opening main page...
2026-06-23 18:45:49,758 | INFO | Main page URL: https://fjdefile.phila.gov/efsfjd/zk_fjd_public_qry_00.zp_main_idx
2026-06-23 18:45:50,546 | INFO | Search page URL: https://fjdefile.phila.gov/efsfjd/zk_fjd_public_qry_03.zp_dktrpt_setup_idx?uid=v9r0IdqWvIolqsSYDxam&o=_bxeCNgmP!rzHdb
2026-06-23 18:45:50,546 | INFO | Filling Case ID: 2510T0168
2026-06-23 18:45:50,660 | INFO | Submitting search...
2026-06-23 18:45:53,288 | INFO | Result URL: https://fjdefile.phila.gov/efsfjd/zk_fjd_public_qry_03.zp_dktrpt_search
2026-06-23 18:45:53,450 | INFO | Progress saved to: data\output\cases_results.xlsx
2026-06-23 18:45:53,452 | INFO | Progress index saved: 164
2026-06-23 18:45:53,452 | INFO | Waiting 2s before next case...
2026-06-23 18:45:55,454 | INFO | 
===== Batch item 5/10 =====
2026-06-23 18:45:55,454 | INFO | Real index: 165/1213
2026-06-23 18:45:55,454 | INFO | 
Scraping Case ID: 2510T0169
2026-06-23 18:45:55,454 | INFO | Attempt 1/2
2026-06-23 18:45:55,455 | INFO | Opening main page...
2026-06-23 18:45:56,844 | INFO | Main page URL: https://fjdefile.phila.gov/efsfjd/zk_fjd_public_qry_00.zp_main_idx
2026-06-23 18:45:57,412 | INFO | Search page URL: https://fjdefile.phila.gov/efsfjd/zk_fjd_public_qry_03.zp_dktrpt_setup_idx?uid=v9r0IdqWvIolqsSYDxam&o=_bxeCNgmP!rzHdb
2026-06-23 18:45:57,413 | INFO | Filling Case ID: 2510T0169
2026-06-23 18:45:57,580 | INFO | Submitting search...
2026-06-23 18:45:59,771 | INFO | Result URL: https://fjdefile.phila.gov/efsfjd/zk_fjd_public_qry_03.zp_dktrpt_search
2026-06-23 18:45:59,866 | INFO | Progress saved to: data\output\cases_results.xlsx
2026-06-23 18:45:59,867 | INFO | Progress index saved: 165
2026-06-23 18:45:59,867 | INFO | Waiting 2s before next case...
2026-06-23 18:46:01,868 | INFO | 
===== Batch item 6/10 =====
2026-06-23 18:46:01,869 | INFO | Real index: 166/1213
2026-06-23 18:46:01,869 | INFO | 
Scraping Case ID: 2510T0170
2026-06-23 18:46:01,870 | INFO | Attempt 1/2
2026-06-23 18:46:01,870 | INFO | Opening main page...
2026-06-23 18:46:03,941 | INFO | Main page URL: https://fjdefile.phila.gov/efsfjd/zk_fjd_public_qry_00.zp_main_idx
2026-06-23 18:46:04,536 | INFO | Search page URL: https://fjdefile.phila.gov/efsfjd/zk_fjd_public_qry_03.zp_dktrpt_setup_idx?uid=v9r0IdqWvIolqsSYDxam&o=_bxeCNgmP!rzHdb
2026-06-23 18:46:04,536 | INFO | Filling Case ID: 2510T0170
2026-06-23 18:46:04,654 | INFO | Submitting search...
2026-06-23 18:46:06,702 | INFO | Result URL: https://fjdefile.phila.gov/efsfjd/zk_fjd_public_qry_03.zp_dktrpt_search
2026-06-23 18:46:06,836 | INFO | Progress saved to: data\output\cases_results.xlsx
2026-06-23 18:46:06,837 | INFO | Progress index saved: 166
2026-06-23 18:46:06,837 | INFO | Waiting 2s before next case...
2026-06-23 18:46:08,839 | INFO | 
===== Batch item 7/10 =====
2026-06-23 18:46:08,839 | INFO | Real index: 167/1213
2026-06-23 18:46:08,840 | INFO | 
Scraping Case ID: 2510T0171
2026-06-23 18:46:08,840 | INFO | Attempt 1/2
2026-06-23 18:46:08,840 | INFO | Opening main page...
2026-06-23 18:46:10,206 | INFO | Main page URL: https://fjdefile.phila.gov/efsfjd/zk_fjd_public_qry_00.zp_main_idx
2026-06-23 18:46:10,634 | INFO | Search page URL: https://fjdefile.phila.gov/efsfjd/zk_fjd_public_qry_03.zp_dktrpt_setup_idx?uid=v9r0IdqWvIolqsSYDxam&o=_bxeCNgmP!rzHdb
2026-06-23 18:46:10,634 | INFO | Filling Case ID: 2510T0171
2026-06-23 18:46:10,762 | INFO | Submitting search...
2026-06-23 18:46:13,131 | INFO | Result URL: https://fjdefile.phila.gov/efsfjd/zk_fjd_public_qry_03.zp_dktrpt_search
2026-06-23 18:46:13,298 | INFO | Progress saved to: data\output\cases_results.xlsx
2026-06-23 18:46:13,300 | INFO | Progress index saved: 167
2026-06-23 18:46:13,300 | INFO | Waiting 2s before next case...
2026-06-23 18:46:15,301 | INFO | 
===== Batch item 8/10 =====
2026-06-23 18:46:15,301 | INFO | Real index: 168/1213
2026-06-23 18:46:15,302 | INFO | 
Scraping Case ID: 2510T0172
2026-06-23 18:46:15,302 | INFO | Attempt 1/2
2026-06-23 18:46:15,302 | INFO | Opening main page...
2026-06-23 18:46:16,801 | INFO | Main page URL: https://fjdefile.phila.gov/efsfjd/zk_fjd_public_qry_00.zp_main_idx
2026-06-23 18:46:17,552 | INFO | Search page URL: https://fjdefile.phila.gov/efsfjd/zk_fjd_public_qry_03.zp_dktrpt_setup_idx?uid=v9r0IdqWvIolqsSYDxam&o=_bxeCNgmP!rzHdb
2026-06-23 18:46:17,553 | INFO | Filling Case ID: 2510T0172
2026-06-23 18:46:17,687 | INFO | Submitting search...
2026-06-23 18:46:20,373 | INFO | Result URL: https://fjdefile.phila.gov/efsfjd/zk_fjd_public_qry_03.zp_dktrpt_search
2026-06-23 18:46:20,568 | INFO | Progress saved to: data\output\cases_results.xlsx
2026-06-23 18:46:20,569 | INFO | Progress index saved: 168
2026-06-23 18:46:20,570 | INFO | Waiting 2s before next case...
2026-06-23 18:46:22,570 | INFO | 
===== Batch item 9/10 =====
2026-06-23 18:46:22,571 | INFO | Real index: 169/1213
2026-06-23 18:46:22,571 | INFO | 
Scraping Case ID: 2510T0173
2026-06-23 18:46:22,571 | INFO | Attempt 1/2
2026-06-23 18:46:22,571 | INFO | Opening main page...
2026-06-23 18:46:24,074 | INFO | Main page URL: https://fjdefile.phila.gov/efsfjd/zk_fjd_public_qry_00.zp_main_idx
2026-06-23 18:46:24,701 | INFO | Search page URL: https://fjdefile.phila.gov/efsfjd/zk_fjd_public_qry_03.zp_dktrpt_setup_idx?uid=v9r0IdqWvIolqsSYDxam&o=_bxeCNgmP!rzHdb
2026-06-23 18:46:24,701 | INFO | Filling Case ID: 2510T0173
2026-06-23 18:46:24,843 | INFO | Submitting search...
2026-06-23 18:46:27,778 | INFO | Result URL: https://fjdefile.phila.gov/efsfjd/zk_fjd_public_qry_03.zp_dktrpt_search
2026-06-23 18:46:27,922 | INFO | Progress saved to: data\output\cases_results.xlsx
2026-06-23 18:46:27,924 | INFO | Progress index saved: 169
2026-06-23 18:46:27,925 | INFO | Waiting 2s before next case...
2026-06-23 18:46:29,926 | INFO | 
===== Batch item 10/10 =====
2026-06-23 18:46:29,926 | INFO | Real index: 170/1213
2026-06-23 18:46:29,926 | INFO | 
Scraping Case ID: 2510T0174
2026-06-23 18:46:29,927 | INFO | Attempt 1/2
2026-06-23 18:46:29,927 | INFO | Opening main page...
2026-06-23 18:46:31,340 | INFO | Main page URL: https://fjdefile.phila.gov/efsfjd/zk_fjd_public_qry_00.zp_main_idx
2026-06-23 18:46:32,331 | INFO | Search page URL: https://fjdefile.phila.gov/efsfjd/zk_fjd_public_qry_03.zp_dktrpt_setup_idx?uid=v9r0IdqWvIolqsSYDxam&o=_bxeCNgmP!rzHdb
2026-06-23 18:46:32,332 | INFO | Filling Case ID: 2510T0174
2026-06-23 18:46:32,473 | INFO | Submitting search...
2026-06-23 18:46:36,153 | INFO | Result URL: https://fjdefile.phila.gov/efsfjd/zk_fjd_public_qry_03.zp_dktrpt_search
2026-06-23 18:46:36,421 | INFO | Progress saved to: data\output\cases_results.xlsx
2026-06-23 18:46:36,422 | INFO | Progress index saved: 170
2026-06-23 18:46:36,422 | INFO | Waiting 2s before next case...
2026-06-23 18:46:38,424 | INFO | 
Batch done. Output saved to: data\output\cases_results.xlsx
2026-06-23 18:46:38,425 | INFO | Batch complete. Closing browser...
2026-06-23 18:46:50,660 | INFO | Columns found: ['Case ID']
2026-06-23 18:46:50,662 | INFO | Loaded 1213 Case IDs from data\input\case_ids.xlsx
2026-06-23 18:46:50,662 | INFO | Starting from index: 170
2026-06-23 18:46:50,663 | INFO | Processing this batch: 10 cases
2026-06-23 18:46:50,717 | INFO | Loaded existing output rows: 170
2026-06-23 18:46:52,181 | INFO | 
===== Batch item 1/10 =====
2026-06-23 18:46:52,184 | INFO | Real index: 171/1213
2026-06-23 18:46:52,185 | INFO | 
Scraping Case ID: 2510T0175
2026-06-23 18:46:52,185 | INFO | Attempt 1/2
2026-06-23 18:46:52,185 | INFO | Opening main page...
2026-06-23 18:46:55,912 | INFO | Main page URL: https://fjdefile.phila.gov/efsfjd/zk_fjd_public_qry_00.zp_main_idx?uid=u7q1KesN!IolqsSYDxam&o=BcwcBOlgUxozKg8
2026-06-23 18:46:57,068 | INFO | Search page URL: https://fjdefile.phila.gov/efsfjd/zk_fjd_public_qry_03.zp_dktrpt_setup_idx?uid=u7q1KesN!IolqsSYDxam&o=!9wfEOidU!rzHdb
2026-06-23 18:46:57,069 | INFO | Filling Case ID: 2510T0175
2026-06-23 18:46:57,312 | INFO | Submitting search...
2026-06-23 18:47:02,006 | INFO | Result URL: https://fjdefile.phila.gov/efsfjd/zk_fjd_public_qry_03.zp_dktrpt_search
2026-06-23 18:47:02,201 | INFO | Progress saved to: data\output\cases_results.xlsx
2026-06-23 18:47:02,202 | INFO | Progress index saved: 171
2026-06-23 18:47:02,202 | INFO | Waiting 2s before next case...
2026-06-23 18:47:04,203 | INFO | 
===== Batch item 2/10 =====
2026-06-23 18:47:04,204 | INFO | Real index: 172/1213
2026-06-23 18:47:04,204 | INFO | 
Scraping Case ID: 2510T0176
2026-06-23 18:47:04,204 | INFO | Attempt 1/2
2026-06-23 18:47:04,204 | INFO | Opening main page...
2026-06-23 18:47:05,635 | INFO | Main page URL: https://fjdefile.phila.gov/efsfjd/zk_fjd_public_qry_00.zp_main_idx
2026-06-23 18:47:06,385 | INFO | Search page URL: https://fjdefile.phila.gov/efsfjd/zk_fjd_public_qry_03.zp_dktrpt_setup_idx?uid=u7q1KesN!IolqsSYDxam&o=!9wfEOidU!rzHdb
2026-06-23 18:47:06,386 | INFO | Filling Case ID: 2510T0176
2026-06-23 18:47:06,513 | INFO | Submitting search...
2026-06-23 18:47:08,796 | INFO | Result URL: https://fjdefile.phila.gov/efsfjd/zk_fjd_public_qry_03.zp_dktrpt_search
2026-06-23 18:47:08,905 | INFO | Progress saved to: data\output\cases_results.xlsx
2026-06-23 18:47:08,906 | INFO | Progress index saved: 172
2026-06-23 18:47:08,906 | INFO | Waiting 2s before next case...
2026-06-23 18:47:10,907 | INFO | 
===== Batch item 3/10 =====
2026-06-23 18:47:10,908 | INFO | Real index: 173/1213
2026-06-23 18:47:10,908 | INFO | 
Scraping Case ID: 2510T0177
2026-06-23 18:47:10,908 | INFO | Attempt 1/2
2026-06-23 18:47:10,909 | INFO | Opening main page...
2026-06-23 18:47:12,273 | INFO | Main page URL: https://fjdefile.phila.gov/efsfjd/zk_fjd_public_qry_00.zp_main_idx
2026-06-23 18:47:12,817 | INFO | Search page URL: https://fjdefile.phila.gov/efsfjd/zk_fjd_public_qry_03.zp_dktrpt_setup_idx?uid=u7q1KesN!IolqsSYDxam&o=!9wfEOidU!rzHdb
2026-06-23 18:47:12,817 | INFO | Filling Case ID: 2510T0177
2026-06-23 18:47:12,934 | INFO | Submitting search...
2026-06-23 18:47:15,644 | INFO | Result URL: https://fjdefile.phila.gov/efsfjd/zk_fjd_public_qry_03.zp_dktrpt_search
2026-06-23 18:47:15,768 | INFO | Progress saved to: data\output\cases_results.xlsx
2026-06-23 18:47:15,769 | INFO | Progress index saved: 173
2026-06-23 18:47:15,770 | INFO | Waiting 2s before next case...
2026-06-23 18:47:17,771 | INFO | 
===== Batch item 4/10 =====
2026-06-23 18:47:17,771 | INFO | Real index: 174/1213
2026-06-23 18:47:17,771 | INFO | 
Scraping Case ID: 2510T0178
2026-06-23 18:47:17,771 | INFO | Attempt 1/2
2026-06-23 18:47:17,772 | INFO | Opening main page...
2026-06-23 18:47:19,115 | INFO | Main page URL: https://fjdefile.phila.gov/efsfjd/zk_fjd_public_qry_00.zp_main_idx
2026-06-23 18:47:19,706 | INFO | Search page URL: https://fjdefile.phila.gov/efsfjd/zk_fjd_public_qry_03.zp_dktrpt_setup_idx?uid=u7q1KesN!IolqsSYDxam&o=!9wfEOidU!rzHdb
2026-06-23 18:47:19,706 | INFO | Filling Case ID: 2510T0178
2026-06-23 18:47:19,861 | INFO | Submitting search...
2026-06-23 18:47:22,647 | INFO | Result URL: https://fjdefile.phila.gov/efsfjd/zk_fjd_public_qry_03.zp_dktrpt_search
2026-06-23 18:47:22,799 | INFO | Progress saved to: data\output\cases_results.xlsx
2026-06-23 18:47:22,800 | INFO | Progress index saved: 174
2026-06-23 18:47:22,800 | INFO | Waiting 2s before next case...
2026-06-23 18:47:24,802 | INFO | 
===== Batch item 5/10 =====
2026-06-23 18:47:24,802 | INFO | Real index: 175/1213
2026-06-23 18:47:24,802 | INFO | 
Scraping Case ID: 2510T0179
2026-06-23 18:47:24,803 | INFO | Attempt 1/2
2026-06-23 18:47:24,803 | INFO | Opening main page...
2026-06-23 18:47:26,174 | INFO | Main page URL: https://fjdefile.phila.gov/efsfjd/zk_fjd_public_qry_00.zp_main_idx
2026-06-23 18:47:26,634 | INFO | Search page URL: https://fjdefile.phila.gov/efsfjd/zk_fjd_public_qry_03.zp_dktrpt_setup_idx?uid=u7q1KesN!IolqsSYDxam&o=!9wfEOidU!rzHdb
2026-06-23 18:47:26,635 | INFO | Filling Case ID: 2510T0179
2026-06-23 18:47:26,754 | INFO | Submitting search...
2026-06-23 18:47:28,941 | INFO | Result URL: https://fjdefile.phila.gov/efsfjd/zk_fjd_public_qry_03.zp_dktrpt_search
2026-06-23 18:47:29,061 | INFO | Progress saved to: data\output\cases_results.xlsx
2026-06-23 18:47:29,063 | INFO | Progress index saved: 175
2026-06-23 18:47:29,063 | INFO | Waiting 2s before next case...
2026-06-23 18:47:31,065 | INFO | 
===== Batch item 6/10 =====
2026-06-23 18:47:31,065 | INFO | Real index: 176/1213
2026-06-23 18:47:31,066 | INFO | 
Scraping Case ID: 2510T0180
2026-06-23 18:47:31,066 | INFO | Attempt 1/2
2026-06-23 18:47:31,066 | INFO | Opening main page...
2026-06-23 18:47:32,431 | INFO | Main page URL: https://fjdefile.phila.gov/efsfjd/zk_fjd_public_qry_00.zp_main_idx
2026-06-23 18:47:33,207 | INFO | Search page URL: https://fjdefile.phila.gov/efsfjd/zk_fjd_public_qry_03.zp_dktrpt_setup_idx?uid=u7q1KesN!IolqsSYDxam&o=!9wfEOidU!rzHdb
2026-06-23 18:47:33,214 | INFO | Filling Case ID: 2510T0180
2026-06-23 18:47:33,423 | INFO | Submitting search...
2026-06-23 18:47:36,932 | INFO | Result URL: https://fjdefile.phila.gov/efsfjd/zk_fjd_public_qry_03.zp_dktrpt_search
2026-06-23 18:47:37,157 | INFO | Progress saved to: data\output\cases_results.xlsx
2026-06-23 18:47:37,158 | INFO | Progress index saved: 176
2026-06-23 18:47:37,159 | INFO | Waiting 2s before next case...
2026-06-23 18:47:39,160 | INFO | 
===== Batch item 7/10 =====
2026-06-23 18:47:39,160 | INFO | Real index: 177/1213
2026-06-23 18:47:39,160 | INFO | 
Scraping Case ID: 2510T0181
2026-06-23 18:47:39,160 | INFO | Attempt 1/2
2026-06-23 18:47:39,160 | INFO | Opening main page...
2026-06-23 18:47:40,602 | INFO | Main page URL: https://fjdefile.phila.gov/efsfjd/zk_fjd_public_qry_00.zp_main_idx
2026-06-23 18:47:41,203 | INFO | Search page URL: https://fjdefile.phila.gov/efsfjd/zk_fjd_public_qry_03.zp_dktrpt_setup_idx?uid=u7q1KesN!IolqsSYDxam&o=!9wfEOidU!rzHdb
2026-06-23 18:47:41,205 | INFO | Filling Case ID: 2510T0181
2026-06-23 18:47:41,364 | INFO | Submitting search...
2026-06-23 18:47:44,157 | INFO | Result URL: https://fjdefile.phila.gov/efsfjd/zk_fjd_public_qry_03.zp_dktrpt_search
2026-06-23 18:47:44,281 | INFO | Progress saved to: data\output\cases_results.xlsx
2026-06-23 18:47:44,283 | INFO | Progress index saved: 177
2026-06-23 18:47:44,284 | INFO | Waiting 2s before next case...
2026-06-23 18:47:46,284 | INFO | 
===== Batch item 8/10 =====
2026-06-23 18:47:46,285 | INFO | Real index: 178/1213
2026-06-23 18:47:46,285 | INFO | 
Scraping Case ID: 2510T0182
2026-06-23 18:47:46,285 | INFO | Attempt 1/2
2026-06-23 18:47:46,285 | INFO | Opening main page...
2026-06-23 18:47:47,656 | INFO | Main page URL: https://fjdefile.phila.gov/efsfjd/zk_fjd_public_qry_00.zp_main_idx
2026-06-23 18:47:48,610 | INFO | Search page URL: https://fjdefile.phila.gov/efsfjd/zk_fjd_public_qry_03.zp_dktrpt_setup_idx?uid=u7q1KesN!IolqsSYDxam&o=!9wfEOidU!rzHdb
2026-06-23 18:47:48,610 | INFO | Filling Case ID: 2510T0182
2026-06-23 18:47:48,786 | INFO | Submitting search...
2026-06-23 18:47:52,132 | INFO | Result URL: https://fjdefile.phila.gov/efsfjd/zk_fjd_public_qry_03.zp_dktrpt_search
2026-06-23 18:47:52,418 | INFO | Progress saved to: data\output\cases_results.xlsx
2026-06-23 18:47:52,421 | INFO | Progress index saved: 178
2026-06-23 18:47:52,421 | INFO | Waiting 2s before next case...
2026-06-23 18:47:54,421 | INFO | 
===== Batch item 9/10 =====
2026-06-23 18:47:54,422 | INFO | Real index: 179/1213
2026-06-23 18:47:54,422 | INFO | 
Scraping Case ID: 2510T0183
2026-06-23 18:47:54,422 | INFO | Attempt 1/2
2026-06-23 18:47:54,422 | INFO | Opening main page...
2026-06-23 18:47:55,894 | INFO | Main page URL: https://fjdefile.phila.gov/efsfjd/zk_fjd_public_qry_00.zp_main_idx
2026-06-23 18:47:57,483 | INFO | Search page URL: https://fjdefile.phila.gov/efsfjd/zk_fjd_public_qry_03.zp_dktrpt_setup_idx?uid=u7q1KesN!IolqsSYDxam&o=!9wfEOidU!rzHdb
2026-06-23 18:47:57,484 | INFO | Filling Case ID: 2510T0183
2026-06-23 18:47:57,631 | INFO | Submitting search...
2026-06-23 18:48:00,229 | INFO | Result URL: https://fjdefile.phila.gov/efsfjd/zk_fjd_public_qry_03.zp_dktrpt_search
2026-06-23 18:48:00,378 | INFO | Progress saved to: data\output\cases_results.xlsx
2026-06-23 18:48:00,380 | INFO | Progress index saved: 179
2026-06-23 18:48:00,381 | INFO | Waiting 2s before next case...
2026-06-23 18:48:02,381 | INFO | 
===== Batch item 10/10 =====
2026-06-23 18:48:02,382 | INFO | Real index: 180/1213
2026-06-23 18:48:02,382 | INFO | 
Scraping Case ID: 2510T0184
2026-06-23 18:48:02,382 | INFO | Attempt 1/2
2026-06-23 18:48:02,382 | INFO | Opening main page...
2026-06-23 18:48:03,717 | INFO | Main page URL: https://fjdefile.phila.gov/efsfjd/zk_fjd_public_qry_00.zp_main_idx
2026-06-23 18:48:05,736 | INFO | Search page URL: https://fjdefile.phila.gov/efsfjd/zk_fjd_public_qry_03.zp_dktrpt_setup_idx?uid=u7q1KesN!IolqsSYDxam&o=!9wfEOidU!rzHdb
2026-06-23 18:48:05,736 | INFO | Filling Case ID: 2510T0184
2026-06-23 18:48:05,868 | INFO | Submitting search...
2026-06-23 18:48:08,636 | INFO | Result URL: https://fjdefile.phila.gov/efsfjd/zk_fjd_public_qry_03.zp_dktrpt_search
2026-06-23 18:48:08,930 | INFO | Progress saved to: data\output\cases_results.xlsx
2026-06-23 18:48:08,933 | INFO | Progress index saved: 180
2026-06-23 18:48:08,933 | INFO | Waiting 2s before next case...
2026-06-23 18:48:10,935 | INFO | 
Batch done. Output saved to: data\output\cases_results.xlsx
2026-06-23 18:48:10,936 | INFO | Batch complete. Closing browser...
2026-06-23 18:48:23,987 | INFO | Columns found: ['Case ID']
2026-06-23 18:48:23,990 | INFO | Loaded 1213 Case IDs from data\input\case_ids.xlsx
2026-06-23 18:48:23,991 | INFO | Starting from index: 180
2026-06-23 18:48:23,992 | INFO | Processing this batch: 10 cases
2026-06-23 18:48:24,124 | INFO | Loaded existing output rows: 180
2026-06-23 18:48:26,056 | INFO | 
===== Batch item 1/10 =====
2026-06-23 18:48:26,057 | INFO | Real index: 181/1213
2026-06-23 18:48:26,057 | INFO | 
Scraping Case ID: 2510T0185
2026-06-23 18:48:26,061 | INFO | Attempt 1/2
2026-06-23 18:48:26,062 | INFO | Opening main page...
2026-06-23 18:48:30,381 | INFO | Main page URL: https://fjdefile.phila.gov/efsfjd/zk_fjd_public_qry_00.zp_main_idx?uid=sYj3TmjICIolqsSYDxam&o=_3peKWcbYxozKg8
2026-06-23 18:48:31,060 | INFO | Search page URL: https://fjdefile.phila.gov/efsfjd/zk_fjd_public_qry_03.zp_dktrpt_setup_idx?uid=sYj3TmjICIolqsSYDxam&o=y0phNW98Y!rzHdb
2026-06-23 18:48:31,061 | INFO | Filling Case ID: 2510T0185
2026-06-23 18:48:31,311 | INFO | Submitting search...
2026-06-23 18:49:16,554 | INFO | Timeout waiting for result. Current URL: https://fjdefile.phila.gov/efsfjd/zk_fjd_public_qry_00.zp_main_idx?uid=sYj3TmjICIolqsSYDxam&o=_3peKWcbYxozKg8
2026-06-23 18:49:16,801 | INFO | Debug saved: screenshots\redirected_main_page_2510T0185_20260623_184916.png
2026-06-23 18:49:16,802 | INFO | HTML saved: screenshots\redirected_main_page_2510T0185_20260623_184916.html
2026-06-23 18:49:16,802 | INFO | Attempt failed: Redirected to main page instead of result page
2026-06-23 18:49:16,802 | INFO | Waiting 2s before retry...
2026-06-23 18:49:18,803 | INFO | Attempt 2/2
2026-06-23 18:49:18,804 | INFO | Opening main page...
2026-06-23 18:49:20,536 | INFO | Main page URL: https://fjdefile.phila.gov/efsfjd/zk_fjd_public_qry_00.zp_main_idx
2026-06-23 18:49:21,100 | INFO | Search page URL: https://fjdefile.phila.gov/efsfjd/zk_fjd_public_qry_03.zp_dktrpt_setup_idx?uid=sYj3TmjICIolqsSYDxam&o=y0phNW98Y!rzHdb
2026-06-23 18:49:21,101 | INFO | Filling Case ID: 2510T0185
2026-06-23 18:49:21,253 | INFO | Submitting search...
2026-06-23 18:50:06,436 | INFO | Timeout waiting for result. Current URL: https://fjdefile.phila.gov/efsfjd/zk_fjd_public_qry_00.zp_main_idx?uid=sYj3TmjICIolqsSYDxam&o=_3peKWcbYxozKg8
2026-06-23 18:50:06,616 | INFO | Debug saved: screenshots\redirected_main_page_2510T0185_20260623_185006.png
2026-06-23 18:50:06,616 | INFO | HTML saved: screenshots\redirected_main_page_2510T0185_20260623_185006.html
2026-06-23 18:50:06,616 | INFO | Attempt failed: Redirected to main page instead of result page
2026-06-23 18:50:06,617 | INFO | Failed after 2 attempts. Moving to next case.
2026-06-23 18:50:06,799 | INFO | Progress saved to: data\output\cases_results.xlsx
2026-06-23 18:50:06,800 | INFO | Progress index saved: 181
2026-06-23 18:50:06,800 | INFO | Waiting 2s before next case...
2026-06-23 18:50:08,801 | INFO | 
===== Batch item 2/10 =====
2026-06-23 18:50:08,801 | INFO | Real index: 182/1213
2026-06-23 18:50:08,801 | INFO | 
Scraping Case ID: 2510T0186
2026-06-23 18:50:08,801 | INFO | Attempt 1/2
2026-06-23 18:50:08,801 | INFO | Opening main page...
2026-06-23 18:50:10,689 | INFO | Main page URL: https://fjdefile.phila.gov/efsfjd/zk_fjd_public_qry_00.zp_main_idx
2026-06-23 18:50:11,282 | INFO | Search page URL: https://fjdefile.phila.gov/efsfjd/zk_fjd_public_qry_03.zp_dktrpt_setup_idx?uid=sYj3TmjICIolqsSYDxam&o=y0phNW98Y!rzHdb
2026-06-23 18:50:11,282 | INFO | Filling Case ID: 2510T0186
2026-06-23 18:50:11,416 | INFO | Submitting search...
2026-06-23 18:50:56,658 | INFO | Timeout waiting for result. Current URL: https://fjdefile.phila.gov/efsfjd/zk_fjd_public_qry_00.zp_main_idx?uid=sYj3TmjICIolqsSYDxam&o=_3peKWcbYxozKg8
2026-06-23 18:50:56,831 | INFO | Debug saved: screenshots\redirected_main_page_2510T0186_20260623_185056.png
2026-06-23 18:50:56,831 | INFO | HTML saved: screenshots\redirected_main_page_2510T0186_20260623_185056.html
2026-06-23 18:50:56,831 | INFO | Attempt failed: Redirected to main page instead of result page
2026-06-23 18:50:56,831 | INFO | Waiting 2s before retry...
2026-06-23 18:50:58,832 | INFO | Attempt 2/2
2026-06-23 18:50:58,833 | INFO | Opening main page...
2026-06-23 18:51:00,529 | INFO | Main page URL: https://fjdefile.phila.gov/efsfjd/zk_fjd_public_qry_00.zp_main_idx
2026-06-23 18:51:02,260 | INFO | Search page URL: https://fjdefile.phila.gov/efsfjd/zk_fjd_public_qry_03.zp_dktrpt_setup_idx?uid=sYj3TmjICIolqsSYDxam&o=y0phNW98Y!rzHdb
2026-06-23 18:51:02,261 | INFO | Filling Case ID: 2510T0186
2026-06-23 18:51:02,394 | INFO | Submitting search...
2026-06-23 18:51:04,928 | INFO | Result URL: https://fjdefile.phila.gov/efsfjd/zk_fjd_public_qry_03.zp_dktrpt_search
2026-06-23 18:51:05,164 | INFO | Progress saved to: data\output\cases_results.xlsx
2026-06-23 18:51:05,165 | INFO | Progress index saved: 182
2026-06-23 18:51:05,166 | INFO | Waiting 2s before next case...
2026-06-23 18:51:07,166 | INFO | 
===== Batch item 3/10 =====
2026-06-23 18:51:07,166 | INFO | Real index: 183/1213
2026-06-23 18:51:07,167 | INFO | 
Scraping Case ID: 2510T0187
2026-06-23 18:51:07,167 | INFO | Attempt 1/2
2026-06-23 18:51:07,167 | INFO | Opening main page...
2026-06-23 18:51:08,505 | INFO | Main page URL: https://fjdefile.phila.gov/efsfjd/zk_fjd_public_qry_00.zp_main_idx
2026-06-23 18:51:10,521 | INFO | Search page URL: https://fjdefile.phila.gov/efsfjd/zk_fjd_public_qry_03.zp_dktrpt_setup_idx?uid=sYj3TmjICIolqsSYDxam&o=y0phNW98Y!rzHdb
2026-06-23 18:51:10,522 | INFO | Filling Case ID: 2510T0187
2026-06-23 18:51:10,667 | INFO | Submitting search...
2026-06-23 18:51:57,312 | INFO | Timeout waiting for result. Current URL: https://fjdefile.phila.gov/efsfjd/zk_fjd_public_qry_00.zp_main_idx?uid=sYj3TmjICIolqsSYDxam&o=_3peKWcbYxozKg8
2026-06-23 18:51:57,509 | INFO | Debug saved: screenshots\redirected_main_page_2510T0187_20260623_185157.png
2026-06-23 18:51:57,510 | INFO | HTML saved: screenshots\redirected_main_page_2510T0187_20260623_185157.html
2026-06-23 18:51:57,510 | INFO | Attempt failed: Redirected to main page instead of result page
2026-06-23 18:51:57,510 | INFO | Waiting 2s before retry...
2026-06-23 18:51:59,511 | INFO | Attempt 2/2
2026-06-23 18:51:59,512 | INFO | Opening main page...
2026-06-23 18:52:01,203 | INFO | Main page URL: https://fjdefile.phila.gov/efsfjd/zk_fjd_public_qry_00.zp_main_idx
2026-06-23 18:52:01,615 | INFO | Search page URL: https://fjdefile.phila.gov/efsfjd/zk_fjd_public_qry_03.zp_dktrpt_setup_idx?uid=sYj3TmjICIolqsSYDxam&o=y0phNW98Y!rzHdb
2026-06-23 18:52:01,615 | INFO | Filling Case ID: 2510T0187
2026-06-23 18:52:01,752 | INFO | Submitting search...
2026-06-23 18:52:46,970 | INFO | Timeout waiting for result. Current URL: https://fjdefile.phila.gov/efsfjd/zk_fjd_public_qry_00.zp_main_idx?uid=sYj3TmjICIolqsSYDxam&o=_3peKWcbYxozKg8
2026-06-23 18:52:47,165 | INFO | Debug saved: screenshots\redirected_main_page_2510T0187_20260623_185246.png
2026-06-23 18:52:47,165 | INFO | HTML saved: screenshots\redirected_main_page_2510T0187_20260623_185246.html
2026-06-23 18:52:47,165 | INFO | Attempt failed: Redirected to main page instead of result page
2026-06-23 18:52:47,166 | INFO | Failed after 2 attempts. Moving to next case.
2026-06-23 18:52:47,471 | INFO | Progress saved to: data\output\cases_results.xlsx
2026-06-23 18:52:47,472 | INFO | Progress index saved: 183
2026-06-23 18:52:47,472 | INFO | Waiting 2s before next case...
2026-06-23 18:52:49,473 | INFO | 
===== Batch item 4/10 =====
2026-06-23 18:52:49,473 | INFO | Real index: 184/1213
2026-06-23 18:52:49,474 | INFO | 
Scraping Case ID: 2510T0188
2026-06-23 18:52:49,474 | INFO | Attempt 1/2
2026-06-23 18:52:49,474 | INFO | Opening main page...
2026-06-23 18:52:51,490 | INFO | Main page URL: https://fjdefile.phila.gov/efsfjd/zk_fjd_public_qry_00.zp_main_idx
2026-06-23 18:52:52,097 | INFO | Search page URL: https://fjdefile.phila.gov/efsfjd/zk_fjd_public_qry_03.zp_dktrpt_setup_idx?uid=sYj3TmjICIolqsSYDxam&o=y0phNW98Y!rzHdb
2026-06-23 18:52:52,098 | INFO | Filling Case ID: 2510T0188
2026-06-23 18:52:52,222 | INFO | Submitting search...
2026-06-23 18:53:37,431 | INFO | Timeout waiting for result. Current URL: https://fjdefile.phila.gov/efsfjd/zk_fjd_public_qry_00.zp_main_idx?uid=sYj3TmjICIolqsSYDxam&o=_3peKWcbYxozKg8
2026-06-23 18:53:38,612 | INFO | Debug saved: screenshots\redirected_main_page_2510T0188_20260623_185337.png
2026-06-23 18:53:38,612 | INFO | HTML saved: screenshots\redirected_main_page_2510T0188_20260623_185337.html
2026-06-23 18:53:38,612 | INFO | Attempt failed: Redirected to main page instead of result page
2026-06-23 18:53:38,612 | INFO | Waiting 2s before retry...
2026-06-23 18:53:40,613 | INFO | Attempt 2/2
2026-06-23 18:53:40,614 | INFO | Opening main page...
2026-06-23 18:53:42,701 | INFO | Main page URL: https://fjdefile.phila.gov/efsfjd/zk_fjd_public_qry_00.zp_main_idx
2026-06-23 18:53:43,966 | INFO | Search page URL: https://fjdefile.phila.gov/efsfjd/zk_fjd_public_qry_03.zp_dktrpt_setup_idx?uid=sYj3TmjICIolqsSYDxam&o=y0phNW98Y!rzHdb
2026-06-23 18:53:43,966 | INFO | Filling Case ID: 2510T0188
2026-06-23 18:53:44,077 | INFO | Submitting search...
2026-06-23 18:54:30,812 | INFO | Timeout waiting for result. Current URL: https://fjdefile.phila.gov/efsfjd/zk_fjd_public_qry_00.zp_main_idx?uid=sYj3TmjICIolqsSYDxam&o=_3peKWcbYxozKg8
2026-06-23 18:54:32,916 | INFO | Debug saved: screenshots\redirected_main_page_2510T0188_20260623_185430.png
2026-06-23 18:54:32,916 | INFO | HTML saved: screenshots\redirected_main_page_2510T0188_20260623_185430.html
2026-06-23 18:54:32,917 | INFO | Attempt failed: Redirected to main page instead of result page
2026-06-23 18:54:32,917 | INFO | Failed after 2 attempts. Moving to next case.
2026-06-23 18:54:33,112 | INFO | Progress saved to: data\output\cases_results.xlsx
2026-06-23 18:54:33,114 | INFO | Progress index saved: 184
2026-06-23 18:54:33,114 | INFO | Waiting 2s before next case...
2026-06-23 18:54:35,116 | INFO | 
===== Batch item 5/10 =====
2026-06-23 18:54:35,126 | INFO | Real index: 185/1213
2026-06-23 18:54:35,145 | INFO | 
Scraping Case ID: 2510T0189
2026-06-23 18:54:35,160 | INFO | Attempt 1/2
2026-06-23 18:54:35,173 | INFO | Opening main page...
2026-06-23 18:54:37,037 | INFO | Main page URL: https://fjdefile.phila.gov/efsfjd/zk_fjd_public_qry_00.zp_main_idx
2026-06-23 18:54:38,521 | INFO | Search page URL: https://fjdefile.phila.gov/efsfjd/zk_fjd_public_qry_03.zp_dktrpt_setup_idx?uid=sYj3TmjICIolqsSYDxam&o=y0phNW98Y!rzHdb
2026-06-23 18:54:38,523 | INFO | Filling Case ID: 2510T0189
2026-06-23 18:54:38,662 | INFO | Submitting search...
2026-06-23 18:55:25,321 | INFO | Timeout waiting for result. Current URL: https://fjdefile.phila.gov/efsfjd/zk_fjd_public_qry_00.zp_main_idx?uid=sYj3TmjICIolqsSYDxam&o=_3peKWcbYxozKg8
2026-06-23 18:55:26,047 | INFO | Debug saved: screenshots\redirected_main_page_2510T0189_20260623_185525.png
2026-06-23 18:55:26,047 | INFO | HTML saved: screenshots\redirected_main_page_2510T0189_20260623_185525.html
2026-06-23 18:55:26,047 | INFO | Attempt failed: Redirected to main page instead of result page
2026-06-23 18:55:26,047 | INFO | Waiting 2s before retry...
2026-06-23 18:55:28,048 | INFO | Attempt 2/2
2026-06-23 18:55:28,049 | INFO | Opening main page...
2026-06-23 18:55:29,693 | INFO | Main page URL: https://fjdefile.phila.gov/efsfjd/zk_fjd_public_qry_00.zp_main_idx
2026-06-23 18:55:30,353 | INFO | Search page URL: https://fjdefile.phila.gov/efsfjd/zk_fjd_public_qry_03.zp_dktrpt_setup_idx?uid=sYj3TmjICIolqsSYDxam&o=y0phNW98Y!rzHdb
2026-06-23 18:55:30,354 | INFO | Filling Case ID: 2510T0189
2026-06-23 18:55:30,496 | INFO | Submitting search...
2026-06-23 18:56:15,753 | INFO | Timeout waiting for result. Current URL: https://fjdefile.phila.gov/efsfjd/zk_fjd_public_qry_00.zp_main_idx?uid=sYj3TmjICIolqsSYDxam&o=_3peKWcbYxozKg8
2026-06-23 18:56:15,954 | INFO | Debug saved: screenshots\redirected_main_page_2510T0189_20260623_185615.png
2026-06-23 18:56:15,954 | INFO | HTML saved: screenshots\redirected_main_page_2510T0189_20260623_185615.html
2026-06-23 18:56:15,955 | INFO | Attempt failed: Redirected to main page instead of result page
2026-06-23 18:56:15,955 | INFO | Failed after 2 attempts. Moving to next case.
2026-06-23 18:56:16,350 | INFO | Progress saved to: data\output\cases_results.xlsx
2026-06-23 18:56:16,352 | INFO | Progress index saved: 185
2026-06-23 18:56:16,352 | INFO | Waiting 2s before next case...
2026-06-23 18:56:18,352 | INFO | 
===== Batch item 6/10 =====
2026-06-23 18:56:18,353 | INFO | Real index: 186/1213
2026-06-23 18:56:18,353 | INFO | 
Scraping Case ID: 2510T0190
2026-06-23 18:56:18,354 | INFO | Attempt 1/2
2026-06-23 18:56:18,354 | INFO | Opening main page...
2026-06-23 18:56:20,291 | INFO | Main page URL: https://fjdefile.phila.gov/efsfjd/zk_fjd_public_qry_00.zp_main_idx
2026-06-23 18:56:20,809 | INFO | Search page URL: https://fjdefile.phila.gov/efsfjd/zk_fjd_public_qry_03.zp_dktrpt_setup_idx?uid=sYj3TmjICIolqsSYDxam&o=y0phNW98Y!rzHdb
2026-06-23 18:56:20,809 | INFO | Filling Case ID: 2510T0190
2026-06-23 18:56:20,935 | INFO | Submitting search...
2026-06-23 18:57:06,208 | INFO | Timeout waiting for result. Current URL: https://fjdefile.phila.gov/efsfjd/zk_fjd_public_qry_00.zp_main_idx?uid=sYj3TmjICIolqsSYDxam&o=_3peKWcbYxozKg8
2026-06-23 18:57:06,416 | INFO | Debug saved: screenshots\redirected_main_page_2510T0190_20260623_185706.png
2026-06-23 18:57:06,417 | INFO | HTML saved: screenshots\redirected_main_page_2510T0190_20260623_185706.html
2026-06-23 18:57:06,417 | INFO | Attempt failed: Redirected to main page instead of result page
2026-06-23 18:57:06,417 | INFO | Waiting 2s before retry...
2026-06-23 18:57:08,418 | INFO | Attempt 2/2
2026-06-23 18:57:08,418 | INFO | Opening main page...
2026-06-23 18:57:10,182 | INFO | Main page URL: https://fjdefile.phila.gov/efsfjd/zk_fjd_public_qry_00.zp_main_idx
2026-06-23 18:57:10,757 | INFO | Search page URL: https://fjdefile.phila.gov/efsfjd/zk_fjd_public_qry_03.zp_dktrpt_setup_idx?uid=sYj3TmjICIolqsSYDxam&o=y0phNW98Y!rzHdb
2026-06-23 18:57:10,757 | INFO | Filling Case ID: 2510T0190
2026-06-23 18:57:10,905 | INFO | Submitting search...
2026-06-23 18:57:56,158 | INFO | Timeout waiting for result. Current URL: https://fjdefile.phila.gov/efsfjd/zk_fjd_public_qry_00.zp_main_idx?uid=sYj3TmjICIolqsSYDxam&o=_3peKWcbYxozKg8
2026-06-23 18:57:56,304 | INFO | Debug saved: screenshots\redirected_main_page_2510T0190_20260623_185756.png
2026-06-23 18:57:56,304 | INFO | HTML saved: screenshots\redirected_main_page_2510T0190_20260623_185756.html
2026-06-23 18:57:56,304 | INFO | Attempt failed: Redirected to main page instead of result page
2026-06-23 18:57:56,304 | INFO | Failed after 2 attempts. Moving to next case.
2026-06-23 18:57:56,404 | INFO | Progress saved to: data\output\cases_results.xlsx
2026-06-23 18:57:56,406 | INFO | Progress index saved: 186
2026-06-23 18:57:56,406 | INFO | Waiting 2s before next case...
2026-06-23 18:57:58,407 | INFO | 
===== Batch item 7/10 =====
2026-06-23 18:57:58,407 | INFO | Real index: 187/1213
2026-06-23 18:57:58,407 | INFO | 
Scraping Case ID: 2510T0191
2026-06-23 18:57:58,408 | INFO | Attempt 1/2
2026-06-23 18:57:58,408 | INFO | Opening main page...
2026-06-23 18:58:00,240 | INFO | Main page URL: https://fjdefile.phila.gov/efsfjd/zk_fjd_public_qry_00.zp_main_idx
2026-06-23 18:58:00,869 | INFO | Search page URL: https://fjdefile.phila.gov/efsfjd/zk_fjd_public_qry_03.zp_dktrpt_setup_idx?uid=sYj3TmjICIolqsSYDxam&o=y0phNW98Y!rzHdb
2026-06-23 18:58:00,869 | INFO | Filling Case ID: 2510T0191
2026-06-23 18:58:00,986 | INFO | Submitting search...
2026-06-23 18:58:46,213 | INFO | Timeout waiting for result. Current URL: https://fjdefile.phila.gov/efsfjd/zk_fjd_public_qry_00.zp_main_idx?uid=sYj3TmjICIolqsSYDxam&o=_3peKWcbYxozKg8
2026-06-23 18:58:46,422 | INFO | Debug saved: screenshots\redirected_main_page_2510T0191_20260623_185846.png
2026-06-23 18:58:46,423 | INFO | HTML saved: screenshots\redirected_main_page_2510T0191_20260623_185846.html
2026-06-23 18:58:46,423 | INFO | Attempt failed: Redirected to main page instead of result page
2026-06-23 18:58:46,423 | INFO | Waiting 2s before retry...
2026-06-23 18:58:48,424 | INFO | Attempt 2/2
2026-06-23 18:58:48,424 | INFO | Opening main page...
2026-06-23 18:58:52,883 | INFO | Main page URL: https://fjdefile.phila.gov/efsfjd/zk_fjd_public_qry_00.zp_main_idx
2026-06-23 18:58:55,693 | INFO | Search page URL: https://fjdefile.phila.gov/efsfjd/zk_fjd_public_qry_03.zp_dktrpt_setup_idx?uid=sYj3TmjICIolqsSYDxam&o=y0phNW98Y!rzHdb
2026-06-23 18:58:55,693 | INFO | Filling Case ID: 2510T0191
2026-06-23 18:58:55,824 | INFO | Submitting search...
2026-06-23 18:59:41,014 | INFO | Timeout waiting for result. Current URL: https://fjdefile.phila.gov/efsfjd/zk_fjd_public_qry_00.zp_main_idx?uid=sYj3TmjICIolqsSYDxam&o=_3peKWcbYxozKg8
2026-06-23 18:59:41,239 | INFO | Debug saved: screenshots\redirected_main_page_2510T0191_20260623_185941.png
2026-06-23 18:59:41,240 | INFO | HTML saved: screenshots\redirected_main_page_2510T0191_20260623_185941.html
2026-06-23 18:59:41,240 | INFO | Attempt failed: Redirected to main page instead of result page
2026-06-23 18:59:41,240 | INFO | Failed after 2 attempts. Moving to next case.
2026-06-23 18:59:41,685 | INFO | Progress saved to: data\output\cases_results.xlsx
2026-06-23 18:59:41,686 | INFO | Progress index saved: 187
2026-06-23 18:59:41,687 | INFO | 
5 failures in a row. Cooling down for 20s...
2026-06-23 19:00:01,688 | INFO | Waiting 2s before next case...
2026-06-23 19:00:03,689 | INFO | 
===== Batch item 8/10 =====
2026-06-23 19:00:03,689 | INFO | Real index: 188/1213
2026-06-23 19:00:03,690 | INFO | 
Scraping Case ID: 2510T0192
2026-06-23 19:00:03,690 | INFO | Attempt 1/2
2026-06-23 19:00:03,690 | INFO | Opening main page...
2026-06-23 19:00:05,487 | INFO | Main page URL: https://fjdefile.phila.gov/efsfjd/zk_fjd_public_qry_00.zp_main_idx
2026-06-23 19:00:06,020 | INFO | Search page URL: https://fjdefile.phila.gov/efsfjd/zk_fjd_public_qry_03.zp_dktrpt_setup_idx?uid=sYj3TmjICIolqsSYDxam&o=y0phNW98Y!rzHdb
2026-06-23 19:00:06,020 | INFO | Filling Case ID: 2510T0192
2026-06-23 19:00:06,175 | INFO | Submitting search...
2026-06-23 19:00:08,280 | INFO | Result URL: https://fjdefile.phila.gov/efsfjd/zk_fjd_public_qry_03.zp_dktrpt_search
2026-06-23 19:00:08,456 | INFO | Progress saved to: data\output\cases_results.xlsx
2026-06-23 19:00:08,457 | INFO | Progress index saved: 188
2026-06-23 19:00:08,457 | INFO | Waiting 2s before next case...
2026-06-23 19:00:10,458 | INFO | 
===== Batch item 9/10 =====
2026-06-23 19:00:10,458 | INFO | Real index: 189/1213
2026-06-23 19:00:10,458 | INFO | 
Scraping Case ID: 2510T0193
2026-06-23 19:00:10,459 | INFO | Attempt 1/2
2026-06-23 19:00:10,459 | INFO | Opening main page...
2026-06-23 19:00:11,938 | INFO | Main page URL: https://fjdefile.phila.gov/efsfjd/zk_fjd_public_qry_00.zp_main_idx
2026-06-23 19:00:12,548 | INFO | Search page URL: https://fjdefile.phila.gov/efsfjd/zk_fjd_public_qry_03.zp_dktrpt_setup_idx?uid=sYj3TmjICIolqsSYDxam&o=y0phNW98Y!rzHdb
2026-06-23 19:00:12,550 | INFO | Filling Case ID: 2510T0193
2026-06-23 19:00:12,705 | INFO | Submitting search...
2026-06-23 19:00:15,404 | INFO | Result URL: https://fjdefile.phila.gov/efsfjd/zk_fjd_public_qry_03.zp_dktrpt_search
2026-06-23 19:00:15,560 | INFO | Progress saved to: data\output\cases_results.xlsx
2026-06-23 19:00:15,567 | INFO | Progress index saved: 189
2026-06-23 19:00:15,569 | INFO | Waiting 2s before next case...
2026-06-23 19:00:17,570 | INFO | 
===== Batch item 10/10 =====
2026-06-23 19:00:17,570 | INFO | Real index: 190/1213
2026-06-23 19:00:17,570 | INFO | 
Scraping Case ID: 2510T0194
2026-06-23 19:00:17,571 | INFO | Attempt 1/2
2026-06-23 19:00:17,571 | INFO | Opening main page...
2026-06-23 19:00:19,097 | INFO | Main page URL: https://fjdefile.phila.gov/efsfjd/zk_fjd_public_qry_00.zp_main_idx
2026-06-23 19:00:19,859 | INFO | Search page URL: https://fjdefile.phila.gov/efsfjd/zk_fjd_public_qry_03.zp_dktrpt_setup_idx?uid=sYj3TmjICIolqsSYDxam&o=y0phNW98Y!rzHdb
2026-06-23 19:00:19,860 | INFO | Filling Case ID: 2510T0194
2026-06-23 19:00:19,981 | INFO | Submitting search...
2026-06-23 19:01:05,188 | INFO | Timeout waiting for result. Current URL: https://fjdefile.phila.gov/efsfjd/zk_fjd_public_qry_00.zp_main_idx?uid=sYj3TmjICIolqsSYDxam&o=_3peKWcbYxozKg8
2026-06-23 19:01:05,341 | INFO | Debug saved: screenshots\redirected_main_page_2510T0194_20260623_190105.png
2026-06-23 19:01:05,341 | INFO | HTML saved: screenshots\redirected_main_page_2510T0194_20260623_190105.html
2026-06-23 19:01:05,341 | INFO | Attempt failed: Redirected to main page instead of result page
2026-06-23 19:01:05,341 | INFO | Waiting 2s before retry...
2026-06-23 19:01:07,343 | INFO | Attempt 2/2
2026-06-23 19:01:07,343 | INFO | Opening main page...
2026-06-23 19:01:09,065 | INFO | Main page URL: https://fjdefile.phila.gov/efsfjd/zk_fjd_public_qry_00.zp_main_idx
2026-06-23 19:01:09,752 | INFO | Search page URL: https://fjdefile.phila.gov/efsfjd/zk_fjd_public_qry_03.zp_dktrpt_setup_idx?uid=sYj3TmjICIolqsSYDxam&o=y0phNW98Y!rzHdb
2026-06-23 19:01:09,752 | INFO | Filling Case ID: 2510T0194
2026-06-23 19:01:09,888 | INFO | Submitting search...
2026-06-23 19:01:55,095 | INFO | Timeout waiting for result. Current URL: https://fjdefile.phila.gov/efsfjd/zk_fjd_public_qry_00.zp_main_idx?uid=sYj3TmjICIolqsSYDxam&o=_3peKWcbYxozKg8
2026-06-23 19:01:55,286 | INFO | Debug saved: screenshots\redirected_main_page_2510T0194_20260623_190155.png
2026-06-23 19:01:55,286 | INFO | HTML saved: screenshots\redirected_main_page_2510T0194_20260623_190155.html
2026-06-23 19:01:55,286 | INFO | Attempt failed: Redirected to main page instead of result page
2026-06-23 19:01:55,286 | INFO | Failed after 2 attempts. Moving to next case.
2026-06-23 19:01:55,981 | INFO | Progress saved to: data\output\cases_results.xlsx
2026-06-23 19:01:55,983 | INFO | Progress index saved: 190
2026-06-23 19:01:55,983 | INFO | Waiting 2s before next case...
2026-06-23 19:01:57,984 | INFO | 
Batch done. Output saved to: data\output\cases_results.xlsx
2026-06-23 19:01:57,984 | INFO | Batch complete. Closing browser...
2026-06-23 19:02:11,468 | INFO | Columns found: ['Case ID']
2026-06-23 19:02:11,473 | INFO | Loaded 1213 Case IDs from data\input\case_ids.xlsx
2026-06-23 19:02:11,473 | INFO | Starting from index: 190
2026-06-23 19:02:11,473 | INFO | Processing this batch: 10 cases
2026-06-23 19:02:11,586 | INFO | Loaded existing output rows: 190
2026-06-23 19:02:13,190 | INFO | 
===== Batch item 1/10 =====
2026-06-23 19:02:13,194 | INFO | Real index: 191/1213
2026-06-23 19:02:13,199 | INFO | 
Scraping Case ID: 2510T0195
2026-06-23 19:02:13,200 | INFO | Attempt 1/2
2026-06-23 19:02:13,202 | INFO | Opening main page...
2026-06-23 19:02:17,738 | INFO | Main page URL: https://fjdefile.phila.gov/efsfjd/zk_fjd_public_qry_00.zp_main_idx?uid=zaoWHjuL!IolqsSYDxam&o=Gfu7!TneUxozKg8
2026-06-23 19:02:19,119 | INFO | Search page URL: https://fjdefile.phila.gov/efsfjd/zk_fjd_public_qry_03.zp_dktrpt_setup_idx?uid=zaoWHjuL!IolqsSYDxam&o=DcuaBTkbU!rzHdb
2026-06-23 19:02:19,121 | INFO | Filling Case ID: 2510T0195
2026-06-23 19:02:19,388 | INFO | Submitting search...
2026-06-23 19:02:25,645 | INFO | Result URL: https://fjdefile.phila.gov/efsfjd/zk_fjd_public_qry_03.zp_dktrpt_search
2026-06-23 19:02:26,077 | INFO | Progress saved to: data\output\cases_results.xlsx
2026-06-23 19:02:26,082 | INFO | Progress index saved: 191
2026-06-23 19:02:26,083 | INFO | Waiting 2s before next case...
2026-06-23 19:02:28,084 | INFO | 
===== Batch item 2/10 =====
2026-06-23 19:02:28,085 | INFO | Real index: 192/1213
2026-06-23 19:02:28,085 | INFO | 
Scraping Case ID: 2510T0196
2026-06-23 19:02:28,086 | INFO | Attempt 1/2
2026-06-23 19:02:28,086 | INFO | Opening main page...
2026-06-23 19:02:29,625 | INFO | Main page URL: https://fjdefile.phila.gov/efsfjd/zk_fjd_public_qry_00.zp_main_idx
2026-06-23 19:02:30,558 | INFO | Search page URL: https://fjdefile.phila.gov/efsfjd/zk_fjd_public_qry_03.zp_dktrpt_setup_idx?uid=zaoWHjuL!IolqsSYDxam&o=DcuaBTkbU!rzHdb
2026-06-23 19:02:30,559 | INFO | Filling Case ID: 2510T0196
2026-06-23 19:02:30,701 | INFO | Submitting search...
2026-06-23 19:02:33,623 | INFO | Result URL: https://fjdefile.phila.gov/efsfjd/zk_fjd_public_qry_03.zp_dktrpt_search
2026-06-23 19:02:33,839 | INFO | Progress saved to: data\output\cases_results.xlsx
2026-06-23 19:02:33,841 | INFO | Progress index saved: 192
2026-06-23 19:02:33,841 | INFO | Waiting 2s before next case...
2026-06-23 19:02:35,842 | INFO | 
===== Batch item 3/10 =====
2026-06-23 19:02:35,843 | INFO | Real index: 193/1213
2026-06-23 19:02:35,844 | INFO | 
Scraping Case ID: 2510T0197
2026-06-23 19:02:35,844 | INFO | Attempt 1/2
2026-06-23 19:02:35,844 | INFO | Opening main page...
2026-06-23 19:02:37,241 | INFO | Main page URL: https://fjdefile.phila.gov/efsfjd/zk_fjd_public_qry_00.zp_main_idx
2026-06-23 19:02:37,839 | INFO | Search page URL: https://fjdefile.phila.gov/efsfjd/zk_fjd_public_qry_03.zp_dktrpt_setup_idx?uid=zaoWHjuL!IolqsSYDxam&o=DcuaBTkbU!rzHdb
2026-06-23 19:02:37,840 | INFO | Filling Case ID: 2510T0197
2026-06-23 19:02:37,970 | INFO | Submitting search...
2026-06-23 19:02:41,654 | INFO | Result URL: https://fjdefile.phila.gov/efsfjd/zk_fjd_public_qry_03.zp_dktrpt_search
2026-06-23 19:02:41,781 | INFO | Progress saved to: data\output\cases_results.xlsx
2026-06-23 19:02:41,784 | INFO | Progress index saved: 193
2026-06-23 19:02:41,784 | INFO | Waiting 2s before next case...
2026-06-23 19:02:43,785 | INFO | 
===== Batch item 4/10 =====
2026-06-23 19:02:43,785 | INFO | Real index: 194/1213
2026-06-23 19:02:43,785 | INFO | 
Scraping Case ID: 2510T0198
2026-06-23 19:02:43,786 | INFO | Attempt 1/2
2026-06-23 19:02:43,786 | INFO | Opening main page...
2026-06-23 19:02:45,151 | INFO | Main page URL: https://fjdefile.phila.gov/efsfjd/zk_fjd_public_qry_00.zp_main_idx
2026-06-23 19:02:45,803 | INFO | Search page URL: https://fjdefile.phila.gov/efsfjd/zk_fjd_public_qry_03.zp_dktrpt_setup_idx?uid=zaoWHjuL!IolqsSYDxam&o=DcuaBTkbU!rzHdb
2026-06-23 19:02:45,803 | INFO | Filling Case ID: 2510T0198
2026-06-23 19:02:45,964 | INFO | Submitting search...
2026-06-23 19:02:48,875 | INFO | Result URL: https://fjdefile.phila.gov/efsfjd/zk_fjd_public_qry_03.zp_dktrpt_search
2026-06-23 19:02:49,058 | INFO | Progress saved to: data\output\cases_results.xlsx
2026-06-23 19:02:49,059 | INFO | Progress index saved: 194
2026-06-23 19:02:49,059 | INFO | Waiting 2s before next case...
2026-06-23 19:02:51,059 | INFO | 
===== Batch item 5/10 =====
2026-06-23 19:02:51,060 | INFO | Real index: 195/1213
2026-06-23 19:02:51,060 | INFO | 
Scraping Case ID: 2510T0199
2026-06-23 19:02:51,061 | INFO | Attempt 1/2
2026-06-23 19:02:51,061 | INFO | Opening main page...
2026-06-23 19:02:52,556 | INFO | Main page URL: https://fjdefile.phila.gov/efsfjd/zk_fjd_public_qry_00.zp_main_idx
2026-06-23 19:02:53,183 | INFO | Search page URL: https://fjdefile.phila.gov/efsfjd/zk_fjd_public_qry_03.zp_dktrpt_setup_idx?uid=zaoWHjuL!IolqsSYDxam&o=DcuaBTkbU!rzHdb
2026-06-23 19:02:53,184 | INFO | Filling Case ID: 2510T0199
2026-06-23 19:02:53,350 | INFO | Submitting search...
2026-06-23 19:02:55,818 | INFO | Result URL: https://fjdefile.phila.gov/efsfjd/zk_fjd_public_qry_03.zp_dktrpt_search
2026-06-23 19:02:55,984 | INFO | Progress saved to: data\output\cases_results.xlsx
2026-06-23 19:02:55,985 | INFO | Progress index saved: 195
2026-06-23 19:02:55,985 | INFO | Waiting 2s before next case...
2026-06-23 19:02:57,986 | INFO | 
===== Batch item 6/10 =====
2026-06-23 19:02:57,986 | INFO | Real index: 196/1213
2026-06-23 19:02:57,986 | INFO | 
Scraping Case ID: 2510T0200
2026-06-23 19:02:57,986 | INFO | Attempt 1/2
2026-06-23 19:02:57,986 | INFO | Opening main page...
2026-06-23 19:03:00,818 | INFO | Main page URL: https://fjdefile.phila.gov/efsfjd/zk_fjd_public_qry_00.zp_main_idx
2026-06-23 19:03:01,701 | INFO | Search page URL: https://fjdefile.phila.gov/efsfjd/zk_fjd_public_qry_03.zp_dktrpt_setup_idx?uid=zaoWHjuL!IolqsSYDxam&o=DcuaBTkbU!rzHdb
2026-06-23 19:03:01,703 | INFO | Filling Case ID: 2510T0200
2026-06-23 19:03:01,892 | INFO | Submitting search...
2026-06-23 19:03:05,631 | INFO | Result URL: https://fjdefile.phila.gov/efsfjd/zk_fjd_public_qry_03.zp_dktrpt_search
2026-06-23 19:03:05,850 | INFO | Progress saved to: data\output\cases_results.xlsx
2026-06-23 19:03:05,852 | INFO | Progress index saved: 196
2026-06-23 19:03:05,853 | INFO | Waiting 2s before next case...
2026-06-23 19:03:07,854 | INFO | 
===== Batch item 7/10 =====
2026-06-23 19:03:07,855 | INFO | Real index: 197/1213
2026-06-23 19:03:07,855 | INFO | 
Scraping Case ID: 2510T0201
2026-06-23 19:03:07,855 | INFO | Attempt 1/2
2026-06-23 19:03:07,855 | INFO | Opening main page...
2026-06-23 19:03:09,388 | INFO | Main page URL: https://fjdefile.phila.gov/efsfjd/zk_fjd_public_qry_00.zp_main_idx
2026-06-23 19:03:09,986 | INFO | Search page URL: https://fjdefile.phila.gov/efsfjd/zk_fjd_public_qry_03.zp_dktrpt_setup_idx?uid=zaoWHjuL!IolqsSYDxam&o=DcuaBTkbU!rzHdb
2026-06-23 19:03:09,986 | INFO | Filling Case ID: 2510T0201
2026-06-23 19:03:10,210 | INFO | Submitting search...
2026-06-23 19:03:13,653 | INFO | Result URL: https://fjdefile.phila.gov/efsfjd/zk_fjd_public_qry_03.zp_dktrpt_search
2026-06-23 19:03:13,883 | INFO | Progress saved to: data\output\cases_results.xlsx
2026-06-23 19:03:13,884 | INFO | Progress index saved: 197
2026-06-23 19:03:13,885 | INFO | Waiting 2s before next case...
2026-06-23 19:03:15,886 | INFO | 
===== Batch item 8/10 =====
2026-06-23 19:03:15,886 | INFO | Real index: 198/1213
2026-06-23 19:03:15,886 | INFO | 
Scraping Case ID: 2510T0202
2026-06-23 19:03:15,886 | INFO | Attempt 1/2
2026-06-23 19:03:15,886 | INFO | Opening main page...
2026-06-23 19:03:17,232 | INFO | Main page URL: https://fjdefile.phila.gov/efsfjd/zk_fjd_public_qry_00.zp_main_idx
2026-06-23 19:03:17,832 | INFO | Search page URL: https://fjdefile.phila.gov/efsfjd/zk_fjd_public_qry_03.zp_dktrpt_setup_idx?uid=zaoWHjuL!IolqsSYDxam&o=DcuaBTkbU!rzHdb
2026-06-23 19:03:17,833 | INFO | Filling Case ID: 2510T0202
2026-06-23 19:03:17,982 | INFO | Submitting search...
2026-06-23 19:03:21,134 | INFO | Result URL: https://fjdefile.phila.gov/efsfjd/zk_fjd_public_qry_03.zp_dktrpt_search
2026-06-23 19:03:21,350 | INFO | Progress saved to: data\output\cases_results.xlsx
2026-06-23 19:03:21,351 | INFO | Progress index saved: 198
2026-06-23 19:03:21,352 | INFO | Waiting 2s before next case...
2026-06-23 19:03:23,353 | INFO | 
===== Batch item 9/10 =====
2026-06-23 19:03:23,353 | INFO | Real index: 199/1213
2026-06-23 19:03:23,353 | INFO | 
Scraping Case ID: 2510T0203
2026-06-23 19:03:23,354 | INFO | Attempt 1/2
2026-06-23 19:03:23,354 | INFO | Opening main page...
2026-06-23 19:03:24,698 | INFO | Main page URL: https://fjdefile.phila.gov/efsfjd/zk_fjd_public_qry_00.zp_main_idx
2026-06-23 19:03:25,317 | INFO | Search page URL: https://fjdefile.phila.gov/efsfjd/zk_fjd_public_qry_03.zp_dktrpt_setup_idx?uid=zaoWHjuL!IolqsSYDxam&o=DcuaBTkbU!rzHdb
2026-06-23 19:03:25,317 | INFO | Filling Case ID: 2510T0203
2026-06-23 19:03:25,445 | INFO | Submitting search...
2026-06-23 19:03:28,407 | INFO | Result URL: https://fjdefile.phila.gov/efsfjd/zk_fjd_public_qry_03.zp_dktrpt_search
2026-06-23 19:03:28,859 | INFO | Progress saved to: data\output\cases_results.xlsx
2026-06-23 19:03:28,862 | INFO | Progress index saved: 199
2026-06-23 19:03:28,863 | INFO | Waiting 2s before next case...
2026-06-23 19:03:30,864 | INFO | 
===== Batch item 10/10 =====
2026-06-23 19:03:30,865 | INFO | Real index: 200/1213
2026-06-23 19:03:30,865 | INFO | 
Scraping Case ID: 2510T0204
2026-06-23 19:03:30,865 | INFO | Attempt 1/2
2026-06-23 19:03:30,866 | INFO | Opening main page...
2026-06-23 19:03:32,201 | INFO | Main page URL: https://fjdefile.phila.gov/efsfjd/zk_fjd_public_qry_00.zp_main_idx
2026-06-23 19:03:32,772 | INFO | Search page URL: https://fjdefile.phila.gov/efsfjd/zk_fjd_public_qry_03.zp_dktrpt_setup_idx?uid=zaoWHjuL!IolqsSYDxam&o=DcuaBTkbU!rzHdb
2026-06-23 19:03:32,772 | INFO | Filling Case ID: 2510T0204
2026-06-23 19:03:32,903 | INFO | Submitting search...
2026-06-23 19:03:35,779 | INFO | Result URL: https://fjdefile.phila.gov/efsfjd/zk_fjd_public_qry_03.zp_dktrpt_search
2026-06-23 19:03:35,942 | INFO | Progress saved to: data\output\cases_results.xlsx
2026-06-23 19:03:35,944 | INFO | Progress index saved: 200
2026-06-23 19:03:35,944 | INFO | Waiting 2s before next case...
2026-06-23 19:03:37,945 | INFO | 
Batch done. Output saved to: data\output\cases_results.xlsx
2026-06-23 19:03:37,946 | INFO | Batch complete. Closing browser...
2026-06-23 19:03:51,195 | INFO | Columns found: ['Case ID']
2026-06-23 19:03:51,200 | INFO | Loaded 1213 Case IDs from data\input\case_ids.xlsx
2026-06-23 19:03:51,201 | INFO | Starting from index: 200
2026-06-23 19:03:51,201 | INFO | Processing this batch: 10 cases
2026-06-23 19:03:51,319 | INFO | Loaded existing output rows: 200
2026-06-23 19:03:52,917 | INFO | 
===== Batch item 1/10 =====
2026-06-23 19:03:52,918 | INFO | Real index: 201/1213
2026-06-23 19:03:52,919 | INFO | 
Scraping Case ID: 2510T0205
2026-06-23 19:03:52,920 | INFO | Attempt 1/2
2026-06-23 19:03:52,920 | INFO | Opening main page...
2026-06-23 19:03:57,382 | INFO | Main page URL: https://fjdefile.phila.gov/efsfjd/zk_fjd_public_qry_00.zp_main_idx?uid=A8jTJpqPxIolqsSYDxam&o=Jdp4AZjiRxozKg8
2026-06-23 19:03:57,909 | INFO | Search page URL: https://fjdefile.phila.gov/efsfjd/zk_fjd_public_qry_03.zp_dktrpt_setup_idx?uid=A8jTJpqPxIolqsSYDxam&o=Gap7DZgfR!rzHdb
2026-06-23 19:03:57,910 | INFO | Filling Case ID: 2510T0205
2026-06-23 19:03:58,107 | INFO | Submitting search...
2026-06-23 19:04:01,861 | INFO | Result URL: https://fjdefile.phila.gov/efsfjd/zk_fjd_public_qry_03.zp_dktrpt_search
2026-06-23 19:04:02,076 | INFO | Progress saved to: data\output\cases_results.xlsx
2026-06-23 19:04:02,079 | INFO | Progress index saved: 201
2026-06-23 19:04:02,080 | INFO | Waiting 2s before next case...
2026-06-23 19:04:04,082 | INFO | 
===== Batch item 2/10 =====
2026-06-23 19:04:04,082 | INFO | Real index: 202/1213
2026-06-23 19:04:04,083 | INFO | 
Scraping Case ID: 2510T0206
2026-06-23 19:04:04,083 | INFO | Attempt 1/2
2026-06-23 19:04:04,083 | INFO | Opening main page...
2026-06-23 19:04:05,478 | INFO | Main page URL: https://fjdefile.phila.gov/efsfjd/zk_fjd_public_qry_00.zp_main_idx
2026-06-23 19:04:06,103 | INFO | Search page URL: https://fjdefile.phila.gov/efsfjd/zk_fjd_public_qry_03.zp_dktrpt_setup_idx?uid=A8jTJpqPxIolqsSYDxam&o=Gap7DZgfR!rzHdb
2026-06-23 19:04:06,104 | INFO | Filling Case ID: 2510T0206
2026-06-23 19:04:06,236 | INFO | Submitting search...
2026-06-23 19:04:09,205 | INFO | Result URL: https://fjdefile.phila.gov/efsfjd/zk_fjd_public_qry_03.zp_dktrpt_search
2026-06-23 19:04:09,403 | INFO | Progress saved to: data\output\cases_results.xlsx
2026-06-23 19:04:09,405 | INFO | Progress index saved: 202
2026-06-23 19:04:09,405 | INFO | Waiting 2s before next case...
2026-06-23 19:04:11,406 | INFO | 
===== Batch item 3/10 =====
2026-06-23 19:04:11,406 | INFO | Real index: 203/1213
2026-06-23 19:04:11,406 | INFO | 
Scraping Case ID: 2510T0208
2026-06-23 19:04:11,406 | INFO | Attempt 1/2
2026-06-23 19:04:11,407 | INFO | Opening main page...
2026-06-23 19:04:12,801 | INFO | Main page URL: https://fjdefile.phila.gov/efsfjd/zk_fjd_public_qry_00.zp_main_idx
2026-06-23 19:04:13,319 | INFO | Search page URL: https://fjdefile.phila.gov/efsfjd/zk_fjd_public_qry_03.zp_dktrpt_setup_idx?uid=A8jTJpqPxIolqsSYDxam&o=Gap7DZgfR!rzHdb
2026-06-23 19:04:13,319 | INFO | Filling Case ID: 2510T0208
2026-06-23 19:04:13,442 | INFO | Submitting search...
2026-06-23 19:04:16,989 | INFO | Result URL: https://fjdefile.phila.gov/efsfjd/zk_fjd_public_qry_03.zp_dktrpt_search
2026-06-23 19:04:17,180 | INFO | Progress saved to: data\output\cases_results.xlsx
2026-06-23 19:04:17,183 | INFO | Progress index saved: 203
2026-06-23 19:04:17,183 | INFO | Waiting 2s before next case...
2026-06-23 19:04:19,184 | INFO | 
===== Batch item 4/10 =====
2026-06-23 19:04:19,184 | INFO | Real index: 204/1213
2026-06-23 19:04:19,184 | INFO | 
Scraping Case ID: 2510T0209
2026-06-23 19:04:19,184 | INFO | Attempt 1/2
2026-06-23 19:04:19,185 | INFO | Opening main page...
2026-06-23 19:04:20,567 | INFO | Main page URL: https://fjdefile.phila.gov/efsfjd/zk_fjd_public_qry_00.zp_main_idx
2026-06-23 19:04:21,273 | INFO | Search page URL: https://fjdefile.phila.gov/efsfjd/zk_fjd_public_qry_03.zp_dktrpt_setup_idx?uid=A8jTJpqPxIolqsSYDxam&o=Gap7DZgfR!rzHdb
2026-06-23 19:04:21,274 | INFO | Filling Case ID: 2510T0209
2026-06-23 19:04:21,420 | INFO | Submitting search...
2026-06-23 19:04:24,894 | INFO | Result URL: https://fjdefile.phila.gov/efsfjd/zk_fjd_public_qry_03.zp_dktrpt_search
2026-06-23 19:04:25,057 | INFO | Progress saved to: data\output\cases_results.xlsx
2026-06-23 19:04:25,059 | INFO | Progress index saved: 204
2026-06-23 19:04:25,059 | INFO | Waiting 2s before next case...
2026-06-23 19:04:27,060 | INFO | 
===== Batch item 5/10 =====
2026-06-23 19:04:27,060 | INFO | Real index: 205/1213
2026-06-23 19:04:27,061 | INFO | 
Scraping Case ID: 2510T0210
2026-06-23 19:04:27,062 | INFO | Attempt 1/2
2026-06-23 19:04:27,063 | INFO | Opening main page...
2026-06-23 19:04:28,699 | INFO | Main page URL: https://fjdefile.phila.gov/efsfjd/zk_fjd_public_qry_00.zp_main_idx
2026-06-23 19:04:29,288 | INFO | Search page URL: https://fjdefile.phila.gov/efsfjd/zk_fjd_public_qry_03.zp_dktrpt_setup_idx?uid=A8jTJpqPxIolqsSYDxam&o=Gap7DZgfR!rzHdb
2026-06-23 19:04:29,288 | INFO | Filling Case ID: 2510T0210
2026-06-23 19:04:29,419 | INFO | Submitting search...
2026-06-23 19:04:32,052 | INFO | Result URL: https://fjdefile.phila.gov/efsfjd/zk_fjd_public_qry_03.zp_dktrpt_search
2026-06-23 19:04:32,223 | INFO | Progress saved to: data\output\cases_results.xlsx
2026-06-23 19:04:32,224 | INFO | Progress index saved: 205
2026-06-23 19:04:32,225 | INFO | Waiting 2s before next case...
2026-06-23 19:04:34,226 | INFO | 
===== Batch item 6/10 =====
2026-06-23 19:04:34,226 | INFO | Real index: 206/1213
2026-06-23 19:04:34,226 | INFO | 
Scraping Case ID: 2510T0211
2026-06-23 19:04:34,227 | INFO | Attempt 1/2
2026-06-23 19:04:34,227 | INFO | Opening main page...
2026-06-23 19:04:35,581 | INFO | Main page URL: https://fjdefile.phila.gov/efsfjd/zk_fjd_public_qry_00.zp_main_idx
2026-06-23 19:04:36,136 | INFO | Search page URL: https://fjdefile.phila.gov/efsfjd/zk_fjd_public_qry_03.zp_dktrpt_setup_idx?uid=A8jTJpqPxIolqsSYDxam&o=Gap7DZgfR!rzHdb
2026-06-23 19:04:36,136 | INFO | Filling Case ID: 2510T0211
2026-06-23 19:04:36,268 | INFO | Submitting search...
2026-06-23 19:04:38,461 | INFO | Result URL: https://fjdefile.phila.gov/efsfjd/zk_fjd_public_qry_03.zp_dktrpt_search
2026-06-23 19:04:38,639 | INFO | Progress saved to: data\output\cases_results.xlsx
2026-06-23 19:04:38,641 | INFO | Progress index saved: 206
2026-06-23 19:04:38,641 | INFO | Waiting 2s before next case...
2026-06-23 19:04:40,642 | INFO | 
===== Batch item 7/10 =====
2026-06-23 19:04:40,642 | INFO | Real index: 207/1213
2026-06-23 19:04:40,642 | INFO | 
Scraping Case ID: 2510T0212
2026-06-23 19:04:40,643 | INFO | Attempt 1/2
2026-06-23 19:04:40,643 | INFO | Opening main page...
2026-06-23 19:04:42,003 | INFO | Main page URL: https://fjdefile.phila.gov/efsfjd/zk_fjd_public_qry_00.zp_main_idx
2026-06-23 19:04:42,535 | INFO | Search page URL: https://fjdefile.phila.gov/efsfjd/zk_fjd_public_qry_03.zp_dktrpt_setup_idx?uid=A8jTJpqPxIolqsSYDxam&o=Gap7DZgfR!rzHdb
2026-06-23 19:04:42,535 | INFO | Filling Case ID: 2510T0212
2026-06-23 19:04:42,652 | INFO | Submitting search...
2026-06-23 19:04:45,309 | INFO | Result URL: https://fjdefile.phila.gov/efsfjd/zk_fjd_public_qry_03.zp_dktrpt_search
2026-06-23 19:04:45,474 | INFO | Progress saved to: data\output\cases_results.xlsx
2026-06-23 19:04:45,477 | INFO | Progress index saved: 207
2026-06-23 19:04:45,478 | INFO | Waiting 2s before next case...
2026-06-23 19:04:47,479 | INFO | 
===== Batch item 8/10 =====
2026-06-23 19:04:47,479 | INFO | Real index: 208/1213
2026-06-23 19:04:47,479 | INFO | 
Scraping Case ID: 2510T0213
2026-06-23 19:04:47,479 | INFO | Attempt 1/2
2026-06-23 19:04:47,480 | INFO | Opening main page...
2026-06-23 19:04:48,831 | INFO | Main page URL: https://fjdefile.phila.gov/efsfjd/zk_fjd_public_qry_00.zp_main_idx
2026-06-23 19:04:49,487 | INFO | Search page URL: https://fjdefile.phila.gov/efsfjd/zk_fjd_public_qry_03.zp_dktrpt_setup_idx?uid=A8jTJpqPxIolqsSYDxam&o=Gap7DZgfR!rzHdb
2026-06-23 19:04:49,488 | INFO | Filling Case ID: 2510T0213
2026-06-23 19:04:49,654 | INFO | Submitting search...
2026-06-23 19:04:52,409 | INFO | Result URL: https://fjdefile.phila.gov/efsfjd/zk_fjd_public_qry_03.zp_dktrpt_search
2026-06-23 19:04:52,574 | INFO | Progress saved to: data\output\cases_results.xlsx
2026-06-23 19:04:52,575 | INFO | Progress index saved: 208
2026-06-23 19:04:52,575 | INFO | Waiting 2s before next case...
2026-06-23 19:04:54,576 | INFO | 
===== Batch item 9/10 =====
2026-06-23 19:04:54,576 | INFO | Real index: 209/1213
2026-06-23 19:04:54,577 | INFO | 
Scraping Case ID: 2510T0215
2026-06-23 19:04:54,577 | INFO | Attempt 1/2
2026-06-23 19:04:54,577 | INFO | Opening main page...
2026-06-23 19:04:56,088 | INFO | Main page URL: https://fjdefile.phila.gov/efsfjd/zk_fjd_public_qry_00.zp_main_idx
2026-06-23 19:04:56,590 | INFO | Search page URL: https://fjdefile.phila.gov/efsfjd/zk_fjd_public_qry_03.zp_dktrpt_setup_idx?uid=A8jTJpqPxIolqsSYDxam&o=Gap7DZgfR!rzHdb
2026-06-23 19:04:56,591 | INFO | Filling Case ID: 2510T0215
2026-06-23 19:04:56,712 | INFO | Submitting search...
2026-06-23 19:04:59,981 | INFO | Result URL: https://fjdefile.phila.gov/efsfjd/zk_fjd_public_qry_03.zp_dktrpt_search
2026-06-23 19:05:00,123 | INFO | Progress saved to: data\output\cases_results.xlsx
2026-06-23 19:05:00,124 | INFO | Progress index saved: 209
2026-06-23 19:05:00,124 | INFO | Waiting 2s before next case...
2026-06-23 19:05:02,125 | INFO | 
===== Batch item 10/10 =====
2026-06-23 19:05:02,125 | INFO | Real index: 210/1213
2026-06-23 19:05:02,126 | INFO | 
Scraping Case ID: 2510T0216
2026-06-23 19:05:02,126 | INFO | Attempt 1/2
2026-06-23 19:05:02,126 | INFO | Opening main page...
2026-06-23 19:05:03,441 | INFO | Main page URL: https://fjdefile.phila.gov/efsfjd/zk_fjd_public_qry_00.zp_main_idx
2026-06-23 19:05:05,817 | INFO | Search page URL: https://fjdefile.phila.gov/efsfjd/zk_fjd_public_qry_03.zp_dktrpt_setup_idx?uid=A8jTJpqPxIolqsSYDxam&o=Gap7DZgfR!rzHdb
2026-06-23 19:05:05,818 | INFO | Filling Case ID: 2510T0216
2026-06-23 19:05:05,948 | INFO | Submitting search...
2026-06-23 19:05:08,571 | INFO | Result URL: https://fjdefile.phila.gov/efsfjd/zk_fjd_public_qry_03.zp_dktrpt_search
2026-06-23 19:05:08,909 | INFO | Progress saved to: data\output\cases_results.xlsx
2026-06-23 19:05:08,911 | INFO | Progress index saved: 210
2026-06-23 19:05:08,911 | INFO | Waiting 2s before next case...
2026-06-23 19:05:10,922 | INFO | 
Batch done. Output saved to: data\output\cases_results.xlsx
2026-06-23 19:05:10,930 | INFO | Batch complete. Closing browser...
2026-06-23 19:05:23,351 | INFO | Columns found: ['Case ID']
2026-06-23 19:05:23,354 | INFO | Loaded 1213 Case IDs from data\input\case_ids.xlsx
2026-06-23 19:05:23,354 | INFO | Starting from index: 210
2026-06-23 19:05:23,354 | INFO | Processing this batch: 10 cases
2026-06-23 19:05:23,421 | INFO | Loaded existing output rows: 210
2026-06-23 19:05:24,821 | INFO | 
===== Batch item 1/10 =====
2026-06-23 19:05:24,826 | INFO | Real index: 211/1213
2026-06-23 19:05:24,829 | INFO | 
Scraping Case ID: 2510T0217
2026-06-23 19:05:24,830 | INFO | Attempt 1/2
2026-06-23 19:05:24,832 | INFO | Opening main page...
2026-06-23 19:05:28,626 | INFO | Main page URL: https://fjdefile.phila.gov/efsfjd/zk_fjd_public_qry_00.zp_main_idx?uid=ybqXGipTxIolqsSYDxam&o=Fgw8zSimRxozKg8
2026-06-23 19:05:29,374 | INFO | Search page URL: https://fjdefile.phila.gov/efsfjd/zk_fjd_public_qry_03.zp_dktrpt_setup_idx?uid=ybqXGipTxIolqsSYDxam&o=CdwbASfjR!rzHdb
2026-06-23 19:05:29,374 | INFO | Filling Case ID: 2510T0217
2026-06-23 19:05:29,518 | INFO | Submitting search...
2026-06-23 19:05:33,409 | INFO | Result URL: https://fjdefile.phila.gov/efsfjd/zk_fjd_public_qry_03.zp_dktrpt_search
2026-06-23 19:05:33,624 | INFO | Progress saved to: data\output\cases_results.xlsx
2026-06-23 19:05:33,626 | INFO | Progress index saved: 211
2026-06-23 19:05:33,626 | INFO | Waiting 2s before next case...
2026-06-23 19:05:35,627 | INFO | 
===== Batch item 2/10 =====
2026-06-23 19:05:35,627 | INFO | Real index: 212/1213
2026-06-23 19:05:35,628 | INFO | 
Scraping Case ID: 2510T0218
2026-06-23 19:05:35,628 | INFO | Attempt 1/2
2026-06-23 19:05:35,628 | INFO | Opening main page...
2026-06-23 19:05:37,071 | INFO | Main page URL: https://fjdefile.phila.gov/efsfjd/zk_fjd_public_qry_00.zp_main_idx
2026-06-23 19:05:37,928 | INFO | Search page URL: https://fjdefile.phila.gov/efsfjd/zk_fjd_public_qry_03.zp_dktrpt_setup_idx?uid=ybqXGipTxIolqsSYDxam&o=CdwbASfjR!rzHdb
2026-06-23 19:05:37,928 | INFO | Filling Case ID: 2510T0218
2026-06-23 19:05:38,109 | INFO | Submitting search...
2026-06-23 19:05:41,446 | INFO | Result URL: https://fjdefile.phila.gov/efsfjd/zk_fjd_public_qry_03.zp_dktrpt_search
2026-06-23 19:05:41,571 | INFO | Progress saved to: data\output\cases_results.xlsx
2026-06-23 19:05:41,573 | INFO | Progress index saved: 212
2026-06-23 19:05:41,573 | INFO | Waiting 2s before next case...
2026-06-23 19:05:43,574 | INFO | 
===== Batch item 3/10 =====
2026-06-23 19:05:43,574 | INFO | Real index: 213/1213
2026-06-23 19:05:43,574 | INFO | 
Scraping Case ID: 2510T0219
2026-06-23 19:05:43,575 | INFO | Attempt 1/2
2026-06-23 19:05:43,575 | INFO | Opening main page...
2026-06-23 19:05:44,919 | INFO | Main page URL: https://fjdefile.phila.gov/efsfjd/zk_fjd_public_qry_00.zp_main_idx
2026-06-23 19:05:45,624 | INFO | Search page URL: https://fjdefile.phila.gov/efsfjd/zk_fjd_public_qry_03.zp_dktrpt_setup_idx?uid=ybqXGipTxIolqsSYDxam&o=CdwbASfjR!rzHdb
2026-06-23 19:05:45,625 | INFO | Filling Case ID: 2510T0219
2026-06-23 19:05:45,772 | INFO | Submitting search...
2026-06-23 19:05:48,914 | INFO | Result URL: https://fjdefile.phila.gov/efsfjd/zk_fjd_public_qry_03.zp_dktrpt_search
2026-06-23 19:05:49,068 | INFO | Progress saved to: data\output\cases_results.xlsx
2026-06-23 19:05:49,072 | INFO | Progress index saved: 213
2026-06-23 19:05:49,073 | INFO | Waiting 2s before next case...
2026-06-23 19:05:51,074 | INFO | 
===== Batch item 4/10 =====
2026-06-23 19:05:51,075 | INFO | Real index: 214/1213
2026-06-23 19:05:51,075 | INFO | 
Scraping Case ID: 2510T0220
2026-06-23 19:05:51,075 | INFO | Attempt 1/2
2026-06-23 19:05:51,075 | INFO | Opening main page...
2026-06-23 19:05:52,555 | INFO | Main page URL: https://fjdefile.phila.gov/efsfjd/zk_fjd_public_qry_00.zp_main_idx
2026-06-23 19:05:53,322 | INFO | Search page URL: https://fjdefile.phila.gov/efsfjd/zk_fjd_public_qry_03.zp_dktrpt_setup_idx?uid=ybqXGipTxIolqsSYDxam&o=CdwbASfjR!rzHdb
2026-06-23 19:05:53,333 | INFO | Filling Case ID: 2510T0220
2026-06-23 19:05:53,489 | INFO | Submitting search...
2026-06-23 19:05:56,403 | INFO | Result URL: https://fjdefile.phila.gov/efsfjd/zk_fjd_public_qry_03.zp_dktrpt_search
2026-06-23 19:05:56,606 | INFO | Progress saved to: data\output\cases_results.xlsx
2026-06-23 19:05:56,608 | INFO | Progress index saved: 214
2026-06-23 19:05:56,608 | INFO | Waiting 2s before next case...
2026-06-23 19:05:58,609 | INFO | 
===== Batch item 5/10 =====
2026-06-23 19:05:58,610 | INFO | Real index: 215/1213
2026-06-23 19:05:58,610 | INFO | 
Scraping Case ID: 2510T0221
2026-06-23 19:05:58,610 | INFO | Attempt 1/2
2026-06-23 19:05:58,610 | INFO | Opening main page...
2026-06-23 19:06:00,086 | INFO | Main page URL: https://fjdefile.phila.gov/efsfjd/zk_fjd_public_qry_00.zp_main_idx
2026-06-23 19:06:00,509 | INFO | Search page URL: https://fjdefile.phila.gov/efsfjd/zk_fjd_public_qry_03.zp_dktrpt_setup_idx?uid=ybqXGipTxIolqsSYDxam&o=CdwbASfjR!rzHdb
2026-06-23 19:06:00,510 | INFO | Filling Case ID: 2510T0221
2026-06-23 19:06:00,632 | INFO | Submitting search...
2026-06-23 19:06:02,768 | INFO | Result URL: https://fjdefile.phila.gov/efsfjd/zk_fjd_public_qry_03.zp_dktrpt_search
2026-06-23 19:06:02,922 | INFO | Progress saved to: data\output\cases_results.xlsx
2026-06-23 19:06:02,923 | INFO | Progress index saved: 215
2026-06-23 19:06:02,923 | INFO | Waiting 2s before next case...
2026-06-23 19:06:04,923 | INFO | 
===== Batch item 6/10 =====
2026-06-23 19:06:04,924 | INFO | Real index: 216/1213
2026-06-23 19:06:04,924 | INFO | 
Scraping Case ID: 2510T0222
2026-06-23 19:06:04,925 | INFO | Attempt 1/2
2026-06-23 19:06:04,925 | INFO | Opening main page...
2026-06-23 19:06:06,255 | INFO | Main page URL: https://fjdefile.phila.gov/efsfjd/zk_fjd_public_qry_00.zp_main_idx
2026-06-23 19:06:06,768 | INFO | Search page URL: https://fjdefile.phila.gov/efsfjd/zk_fjd_public_qry_03.zp_dktrpt_setup_idx?uid=ybqXGipTxIolqsSYDxam&o=CdwbASfjR!rzHdb
2026-06-23 19:06:06,768 | INFO | Filling Case ID: 2510T0222
2026-06-23 19:06:06,885 | INFO | Submitting search...
2026-06-23 19:06:09,754 | INFO | Result URL: https://fjdefile.phila.gov/efsfjd/zk_fjd_public_qry_03.zp_dktrpt_search
2026-06-23 19:06:09,955 | INFO | Progress saved to: data\output\cases_results.xlsx
2026-06-23 19:06:09,969 | INFO | Progress index saved: 216
2026-06-23 19:06:09,970 | INFO | Waiting 2s before next case...
2026-06-23 19:06:11,971 | INFO | 
===== Batch item 7/10 =====
2026-06-23 19:06:11,972 | INFO | Real index: 217/1213
2026-06-23 19:06:11,972 | INFO | 
Scraping Case ID: 2510T0223
2026-06-23 19:06:11,972 | INFO | Attempt 1/2
2026-06-23 19:06:11,973 | INFO | Opening main page...
2026-06-23 19:06:13,389 | INFO | Main page URL: https://fjdefile.phila.gov/efsfjd/zk_fjd_public_qry_00.zp_main_idx
2026-06-23 19:06:14,051 | INFO | Search page URL: https://fjdefile.phila.gov/efsfjd/zk_fjd_public_qry_03.zp_dktrpt_setup_idx?uid=ybqXGipTxIolqsSYDxam&o=CdwbASfjR!rzHdb
2026-06-23 19:06:14,051 | INFO | Filling Case ID: 2510T0223
2026-06-23 19:06:14,223 | INFO | Submitting search...
2026-06-23 19:06:17,006 | INFO | Result URL: https://fjdefile.phila.gov/efsfjd/zk_fjd_public_qry_03.zp_dktrpt_search
2026-06-23 19:06:17,220 | INFO | Progress saved to: data\output\cases_results.xlsx
2026-06-23 19:06:17,221 | INFO | Progress index saved: 217
2026-06-23 19:06:17,221 | INFO | Waiting 2s before next case...
2026-06-23 19:06:19,223 | INFO | 
===== Batch item 8/10 =====
2026-06-23 19:06:19,224 | INFO | Real index: 218/1213
2026-06-23 19:06:19,224 | INFO | 
Scraping Case ID: 2510T0224
2026-06-23 19:06:19,224 | INFO | Attempt 1/2
2026-06-23 19:06:19,224 | INFO | Opening main page...
2026-06-23 19:06:20,623 | INFO | Main page URL: https://fjdefile.phila.gov/efsfjd/zk_fjd_public_qry_00.zp_main_idx
2026-06-23 19:06:21,256 | INFO | Search page URL: https://fjdefile.phila.gov/efsfjd/zk_fjd_public_qry_03.zp_dktrpt_setup_idx?uid=ybqXGipTxIolqsSYDxam&o=CdwbASfjR!rzHdb
2026-06-23 19:06:21,257 | INFO | Filling Case ID: 2510T0224
2026-06-23 19:06:21,389 | INFO | Submitting search...
2026-06-23 19:06:24,671 | INFO | Result URL: https://fjdefile.phila.gov/efsfjd/zk_fjd_public_qry_03.zp_dktrpt_search
2026-06-23 19:06:24,858 | INFO | Progress saved to: data\output\cases_results.xlsx
2026-06-23 19:06:24,859 | INFO | Progress index saved: 218
2026-06-23 19:06:24,859 | INFO | Waiting 2s before next case...
2026-06-23 19:06:26,860 | INFO | 
===== Batch item 9/10 =====
2026-06-23 19:06:26,860 | INFO | Real index: 219/1213
2026-06-23 19:06:26,861 | INFO | 
Scraping Case ID: 2510T0225
2026-06-23 19:06:26,861 | INFO | Attempt 1/2
2026-06-23 19:06:26,861 | INFO | Opening main page...
2026-06-23 19:06:28,261 | INFO | Main page URL: https://fjdefile.phila.gov/efsfjd/zk_fjd_public_qry_00.zp_main_idx
2026-06-23 19:06:28,841 | INFO | Search page URL: https://fjdefile.phila.gov/efsfjd/zk_fjd_public_qry_03.zp_dktrpt_setup_idx?uid=ybqXGipTxIolqsSYDxam&o=CdwbASfjR!rzHdb
2026-06-23 19:06:28,842 | INFO | Filling Case ID: 2510T0225
2026-06-23 19:06:29,019 | INFO | Submitting search...
2026-06-23 19:06:31,915 | INFO | Result URL: https://fjdefile.phila.gov/efsfjd/zk_fjd_public_qry_03.zp_dktrpt_search
2026-06-23 19:06:32,273 | INFO | Progress saved to: data\output\cases_results.xlsx
2026-06-23 19:06:32,273 | INFO | Progress index saved: 219
2026-06-23 19:06:32,274 | INFO | Waiting 2s before next case...
2026-06-23 19:06:34,274 | INFO | 
===== Batch item 10/10 =====
2026-06-23 19:06:34,275 | INFO | Real index: 220/1213
2026-06-23 19:06:34,275 | INFO | 
Scraping Case ID: 2510T0226
2026-06-23 19:06:34,275 | INFO | Attempt 1/2
2026-06-23 19:06:34,276 | INFO | Opening main page...
2026-06-23 19:06:35,587 | INFO | Main page URL: https://fjdefile.phila.gov/efsfjd/zk_fjd_public_qry_00.zp_main_idx
2026-06-23 19:06:35,951 | INFO | Search page URL: https://fjdefile.phila.gov/efsfjd/zk_fjd_public_qry_03.zp_dktrpt_setup_idx?uid=ybqXGipTxIolqsSYDxam&o=CdwbASfjR!rzHdb
2026-06-23 19:06:35,952 | INFO | Filling Case ID: 2510T0226
2026-06-23 19:06:36,072 | INFO | Submitting search...
2026-06-23 19:06:37,944 | INFO | Result URL: https://fjdefile.phila.gov/efsfjd/zk_fjd_public_qry_03.zp_dktrpt_search
2026-06-23 19:06:38,099 | INFO | Progress saved to: data\output\cases_results.xlsx
2026-06-23 19:06:38,101 | INFO | Progress index saved: 220
2026-06-23 19:06:38,101 | INFO | Waiting 2s before next case...
2026-06-23 19:06:40,102 | INFO | 
Batch done. Output saved to: data\output\cases_results.xlsx
2026-06-23 19:06:40,103 | INFO | Batch complete. Closing browser...
2026-06-23 19:06:54,208 | INFO | Columns found: ['Case ID']
2026-06-23 19:06:54,212 | INFO | Loaded 1213 Case IDs from data\input\case_ids.xlsx
2026-06-23 19:06:54,212 | INFO | Starting from index: 220
2026-06-23 19:06:54,212 | INFO | Processing this batch: 10 cases
2026-06-23 19:06:54,417 | INFO | Loaded existing output rows: 220
2026-06-23 19:06:56,298 | INFO | 
===== Batch item 1/10 =====
2026-06-23 19:06:56,309 | INFO | Real index: 221/1213
2026-06-23 19:06:56,309 | INFO | 
Scraping Case ID: 2510T0227
2026-06-23 19:06:56,309 | INFO | Attempt 1/2
2026-06-23 19:06:56,309 | INFO | Opening main page...
2026-06-23 19:07:01,052 | INFO | Main page URL: https://fjdefile.phila.gov/efsfjd/zk_fjd_public_qry_00.zp_main_idx?uid=BfpSCjzMyIolqsSYDxam&o=Kkv3vTsfSxozKg8
2026-06-23 19:07:02,438 | INFO | Search page URL: https://fjdefile.phila.gov/efsfjd/zk_fjd_public_qry_03.zp_dktrpt_setup_idx?uid=BfpSCjzMyIolqsSYDxam&o=Hhv6yTpcS!rzHdb
2026-06-23 19:07:02,440 | INFO | Filling Case ID: 2510T0227
2026-06-23 19:07:02,717 | INFO | Submitting search...
2026-06-23 19:07:08,808 | INFO | Result URL: https://fjdefile.phila.gov/efsfjd/zk_fjd_public_qry_03.zp_dktrpt_search
2026-06-23 19:07:08,961 | INFO | Progress saved to: data\output\cases_results.xlsx
2026-06-23 19:07:08,962 | INFO | Progress index saved: 221
2026-06-23 19:07:08,962 | INFO | Waiting 2s before next case...
2026-06-23 19:07:10,963 | INFO | 
===== Batch item 2/10 =====
2026-06-23 19:07:10,964 | INFO | Real index: 222/1213
2026-06-23 19:07:10,965 | INFO | 
Scraping Case ID: 2510T0228
2026-06-23 19:07:10,965 | INFO | Attempt 1/2
2026-06-23 19:07:10,965 | INFO | Opening main page...
2026-06-23 19:07:12,484 | INFO | Main page URL: https://fjdefile.phila.gov/efsfjd/zk_fjd_public_qry_00.zp_main_idx
2026-06-23 19:07:13,060 | INFO | Search page URL: https://fjdefile.phila.gov/efsfjd/zk_fjd_public_qry_03.zp_dktrpt_setup_idx?uid=BfpSCjzMyIolqsSYDxam&o=Hhv6yTpcS!rzHdb
2026-06-23 19:07:13,068 | INFO | Filling Case ID: 2510T0228
2026-06-23 19:07:13,203 | INFO | Submitting search...
2026-06-23 19:07:15,939 | INFO | Result URL: https://fjdefile.phila.gov/efsfjd/zk_fjd_public_qry_03.zp_dktrpt_search
2026-06-23 19:07:16,134 | INFO | Progress saved to: data\output\cases_results.xlsx
2026-06-23 19:07:16,135 | INFO | Progress index saved: 222
2026-06-23 19:07:16,136 | INFO | Waiting 2s before next case...
2026-06-23 19:07:18,136 | INFO | 
===== Batch item 3/10 =====
2026-06-23 19:07:18,137 | INFO | Real index: 223/1213
2026-06-23 19:07:18,137 | INFO | 
Scraping Case ID: 2510T0229
2026-06-23 19:07:18,138 | INFO | Attempt 1/2
2026-06-23 19:07:18,138 | INFO | Opening main page...
2026-06-23 19:07:19,500 | INFO | Main page URL: https://fjdefile.phila.gov/efsfjd/zk_fjd_public_qry_00.zp_main_idx
2026-06-23 19:07:20,135 | INFO | Search page URL: https://fjdefile.phila.gov/efsfjd/zk_fjd_public_qry_03.zp_dktrpt_setup_idx?uid=BfpSCjzMyIolqsSYDxam&o=Hhv6yTpcS!rzHdb
2026-06-23 19:07:20,136 | INFO | Filling Case ID: 2510T0229
2026-06-23 19:07:20,289 | INFO | Submitting search...
2026-06-23 19:07:23,086 | INFO | Result URL: https://fjdefile.phila.gov/efsfjd/zk_fjd_public_qry_03.zp_dktrpt_search
2026-06-23 19:07:23,291 | INFO | Progress saved to: data\output\cases_results.xlsx
2026-06-23 19:07:23,293 | INFO | Progress index saved: 223
2026-06-23 19:07:23,293 | INFO | Waiting 2s before next case...
2026-06-23 19:07:25,295 | INFO | 
===== Batch item 4/10 =====
2026-06-23 19:07:25,296 | INFO | Real index: 224/1213
2026-06-23 19:07:25,296 | INFO | 
Scraping Case ID: 2510T0230
2026-06-23 19:07:25,297 | INFO | Attempt 1/2
2026-06-23 19:07:25,297 | INFO | Opening main page...
2026-06-23 19:07:26,654 | INFO | Main page URL: https://fjdefile.phila.gov/efsfjd/zk_fjd_public_qry_00.zp_main_idx
2026-06-23 19:07:27,304 | INFO | Search page URL: https://fjdefile.phila.gov/efsfjd/zk_fjd_public_qry_03.zp_dktrpt_setup_idx?uid=BfpSCjzMyIolqsSYDxam&o=Hhv6yTpcS!rzHdb
2026-06-23 19:07:27,305 | INFO | Filling Case ID: 2510T0230
2026-06-23 19:07:27,443 | INFO | Submitting search...
2026-06-23 19:07:30,156 | INFO | Result URL: https://fjdefile.phila.gov/efsfjd/zk_fjd_public_qry_03.zp_dktrpt_search
2026-06-23 19:07:30,299 | INFO | Progress saved to: data\output\cases_results.xlsx
2026-06-23 19:07:30,301 | INFO | Progress index saved: 224
2026-06-23 19:07:30,301 | INFO | Waiting 2s before next case...
2026-06-23 19:07:32,301 | INFO | 
===== Batch item 5/10 =====
2026-06-23 19:07:32,302 | INFO | Real index: 225/1213
2026-06-23 19:07:32,302 | INFO | 
Scraping Case ID: 2510T0231
2026-06-23 19:07:32,302 | INFO | Attempt 1/2
2026-06-23 19:07:32,302 | INFO | Opening main page...
2026-06-23 19:07:33,628 | INFO | Main page URL: https://fjdefile.phila.gov/efsfjd/zk_fjd_public_qry_00.zp_main_idx
2026-06-23 19:07:34,107 | INFO | Search page URL: https://fjdefile.phila.gov/efsfjd/zk_fjd_public_qry_03.zp_dktrpt_setup_idx?uid=BfpSCjzMyIolqsSYDxam&o=Hhv6yTpcS!rzHdb
2026-06-23 19:07:34,107 | INFO | Filling Case ID: 2510T0231
2026-06-23 19:07:34,237 | INFO | Submitting search...
2026-06-23 19:07:36,347 | INFO | Result URL: https://fjdefile.phila.gov/efsfjd/zk_fjd_public_qry_03.zp_dktrpt_search
2026-06-23 19:07:36,506 | INFO | Progress saved to: data\output\cases_results.xlsx
2026-06-23 19:07:36,508 | INFO | Progress index saved: 225
2026-06-23 19:07:36,508 | INFO | Waiting 2s before next case...
2026-06-23 19:07:38,509 | INFO | 
===== Batch item 6/10 =====
2026-06-23 19:07:38,509 | INFO | Real index: 226/1213
2026-06-23 19:07:38,509 | INFO | 
Scraping Case ID: 2510T0232
2026-06-23 19:07:38,509 | INFO | Attempt 1/2
2026-06-23 19:07:38,510 | INFO | Opening main page...
2026-06-23 19:07:39,904 | INFO | Main page URL: https://fjdefile.phila.gov/efsfjd/zk_fjd_public_qry_00.zp_main_idx
2026-06-23 19:07:40,406 | INFO | Search page URL: https://fjdefile.phila.gov/efsfjd/zk_fjd_public_qry_03.zp_dktrpt_setup_idx?uid=BfpSCjzMyIolqsSYDxam&o=Hhv6yTpcS!rzHdb
2026-06-23 19:07:40,407 | INFO | Filling Case ID: 2510T0232
2026-06-23 19:07:40,530 | INFO | Submitting search...
2026-06-23 19:07:43,143 | INFO | Result URL: https://fjdefile.phila.gov/efsfjd/zk_fjd_public_qry_03.zp_dktrpt_search
2026-06-23 19:07:43,291 | INFO | Progress saved to: data\output\cases_results.xlsx
2026-06-23 19:07:43,300 | INFO | Progress index saved: 226
2026-06-23 19:07:43,300 | INFO | Waiting 2s before next case...
2026-06-23 19:07:45,302 | INFO | 
===== Batch item 7/10 =====
2026-06-23 19:07:45,302 | INFO | Real index: 227/1213
2026-06-23 19:07:45,302 | INFO | 
Scraping Case ID: 2510T0233
2026-06-23 19:07:45,303 | INFO | Attempt 1/2
2026-06-23 19:07:45,303 | INFO | Opening main page...
2026-06-23 19:07:46,757 | INFO | Main page URL: https://fjdefile.phila.gov/efsfjd/zk_fjd_public_qry_00.zp_main_idx
2026-06-23 19:07:47,471 | INFO | Search page URL: https://fjdefile.phila.gov/efsfjd/zk_fjd_public_qry_03.zp_dktrpt_setup_idx?uid=BfpSCjzMyIolqsSYDxam&o=Hhv6yTpcS!rzHdb
2026-06-23 19:07:47,471 | INFO | Filling Case ID: 2510T0233
2026-06-23 19:07:47,655 | INFO | Submitting search...
2026-06-23 19:07:49,851 | INFO | Result URL: https://fjdefile.phila.gov/efsfjd/zk_fjd_public_qry_03.zp_dktrpt_search
2026-06-23 19:07:50,049 | INFO | Progress saved to: data\output\cases_results.xlsx
2026-06-23 19:07:50,051 | INFO | Progress index saved: 227
2026-06-23 19:07:50,051 | INFO | Waiting 2s before next case...
2026-06-23 19:07:52,052 | INFO | 
===== Batch item 8/10 =====
2026-06-23 19:07:52,053 | INFO | Real index: 228/1213
2026-06-23 19:07:52,053 | INFO | 
Scraping Case ID: 2510T0234
2026-06-23 19:07:52,053 | INFO | Attempt 1/2
2026-06-23 19:07:52,053 | INFO | Opening main page...
2026-06-23 19:07:53,507 | INFO | Main page URL: https://fjdefile.phila.gov/efsfjd/zk_fjd_public_qry_00.zp_main_idx
2026-06-23 19:07:54,042 | INFO | Search page URL: https://fjdefile.phila.gov/efsfjd/zk_fjd_public_qry_03.zp_dktrpt_setup_idx?uid=BfpSCjzMyIolqsSYDxam&o=Hhv6yTpcS!rzHdb
2026-06-23 19:07:54,044 | INFO | Filling Case ID: 2510T0234
2026-06-23 19:07:54,199 | INFO | Submitting search...
2026-06-23 19:07:56,336 | INFO | Result URL: https://fjdefile.phila.gov/efsfjd/zk_fjd_public_qry_03.zp_dktrpt_search
2026-06-23 19:07:56,466 | INFO | Progress saved to: data\output\cases_results.xlsx
2026-06-23 19:07:56,469 | INFO | Progress index saved: 228
2026-06-23 19:07:56,469 | INFO | Waiting 2s before next case...
2026-06-23 19:07:58,470 | INFO | 
===== Batch item 9/10 =====
2026-06-23 19:07:58,470 | INFO | Real index: 229/1213
2026-06-23 19:07:58,470 | INFO | 
Scraping Case ID: 2510T0235
2026-06-23 19:07:58,471 | INFO | Attempt 1/2
2026-06-23 19:07:58,471 | INFO | Opening main page...
2026-06-23 19:07:59,821 | INFO | Main page URL: https://fjdefile.phila.gov/efsfjd/zk_fjd_public_qry_00.zp_main_idx
2026-06-23 19:08:00,457 | INFO | Search page URL: https://fjdefile.phila.gov/efsfjd/zk_fjd_public_qry_03.zp_dktrpt_setup_idx?uid=BfpSCjzMyIolqsSYDxam&o=Hhv6yTpcS!rzHdb
2026-06-23 19:08:00,457 | INFO | Filling Case ID: 2510T0235
2026-06-23 19:08:00,605 | INFO | Submitting search...
2026-06-23 19:08:03,239 | INFO | Result URL: https://fjdefile.phila.gov/efsfjd/zk_fjd_public_qry_03.zp_dktrpt_search
2026-06-23 19:08:03,416 | INFO | Progress saved to: data\output\cases_results.xlsx
2026-06-23 19:08:03,417 | INFO | Progress index saved: 229
2026-06-23 19:08:03,417 | INFO | Waiting 2s before next case...
2026-06-23 19:08:05,418 | INFO | 
===== Batch item 10/10 =====
2026-06-23 19:08:05,418 | INFO | Real index: 230/1213
2026-06-23 19:08:05,418 | INFO | 
Scraping Case ID: 2510T0236
2026-06-23 19:08:05,419 | INFO | Attempt 1/2
2026-06-23 19:08:05,419 | INFO | Opening main page...
2026-06-23 19:08:06,835 | INFO | Main page URL: https://fjdefile.phila.gov/efsfjd/zk_fjd_public_qry_00.zp_main_idx
2026-06-23 19:08:07,325 | INFO | Search page URL: https://fjdefile.phila.gov/efsfjd/zk_fjd_public_qry_03.zp_dktrpt_setup_idx?uid=BfpSCjzMyIolqsSYDxam&o=Hhv6yTpcS!rzHdb
2026-06-23 19:08:07,325 | INFO | Filling Case ID: 2510T0236
2026-06-23 19:08:07,452 | INFO | Submitting search...
2026-06-23 19:08:09,744 | INFO | Result URL: https://fjdefile.phila.gov/efsfjd/zk_fjd_public_qry_03.zp_dktrpt_search
2026-06-23 19:08:09,888 | INFO | Progress saved to: data\output\cases_results.xlsx
2026-06-23 19:08:09,889 | INFO | Progress index saved: 230
2026-06-23 19:08:09,889 | INFO | Waiting 2s before next case...
2026-06-23 19:08:11,890 | INFO | 
Batch done. Output saved to: data\output\cases_results.xlsx
2026-06-23 19:08:11,890 | INFO | Batch complete. Closing browser...
2026-06-23 19:08:24,301 | INFO | Columns found: ['Case ID']
2026-06-23 19:08:24,303 | INFO | Loaded 1213 Case IDs from data\input\case_ids.xlsx
2026-06-23 19:08:24,303 | INFO | Starting from index: 230
2026-06-23 19:08:24,304 | INFO | Processing this batch: 10 cases
2026-06-23 19:08:24,391 | INFO | Loaded existing output rows: 230
2026-06-23 19:08:25,801 | INFO | 
===== Batch item 1/10 =====
2026-06-23 19:08:25,801 | INFO | Real index: 231/1213
2026-06-23 19:08:25,802 | INFO | 
Scraping Case ID: 2510T0237
2026-06-23 19:08:25,802 | INFO | Attempt 1/2
2026-06-23 19:08:25,803 | INFO | Opening main page...
2026-06-23 19:08:29,797 | INFO | Main page URL: https://fjdefile.phila.gov/efsfjd/zk_fjd_public_qry_00.zp_main_idx?uid=u3m1OnhMBIolqsSYDxam&o=B8scFXafXxozKg8
2026-06-23 19:08:30,462 | INFO | Search page URL: https://fjdefile.phila.gov/efsfjd/zk_fjd_public_qry_03.zp_dktrpt_setup_idx?uid=u3m1OnhMBIolqsSYDxam&o=!5sfIX7cX!rzHdb
2026-06-23 19:08:30,502 | INFO | Filling Case ID: 2510T0237
2026-06-23 19:08:30,648 | INFO | Submitting search...
2026-06-23 19:08:34,393 | INFO | Result URL: https://fjdefile.phila.gov/efsfjd/zk_fjd_public_qry_03.zp_dktrpt_search
2026-06-23 19:08:34,589 | INFO | Progress saved to: data\output\cases_results.xlsx
2026-06-23 19:08:34,591 | INFO | Progress index saved: 231
2026-06-23 19:08:34,591 | INFO | Waiting 2s before next case...
2026-06-23 19:08:36,592 | INFO | 
===== Batch item 2/10 =====
2026-06-23 19:08:36,592 | INFO | Real index: 232/1213
2026-06-23 19:08:36,593 | INFO | 
Scraping Case ID: 2510T0239
2026-06-23 19:08:36,593 | INFO | Attempt 1/2
2026-06-23 19:08:36,593 | INFO | Opening main page...
2026-06-23 19:08:37,918 | INFO | Main page URL: https://fjdefile.phila.gov/efsfjd/zk_fjd_public_qry_00.zp_main_idx
2026-06-23 19:08:38,482 | INFO | Search page URL: https://fjdefile.phila.gov/efsfjd/zk_fjd_public_qry_03.zp_dktrpt_setup_idx?uid=u3m1OnhMBIolqsSYDxam&o=!5sfIX7cX!rzHdb
2026-06-23 19:08:38,483 | INFO | Filling Case ID: 2510T0239
2026-06-23 19:08:38,595 | INFO | Submitting search...
2026-06-23 19:08:40,918 | INFO | Result URL: https://fjdefile.phila.gov/efsfjd/zk_fjd_public_qry_03.zp_dktrpt_search
2026-06-23 19:08:41,069 | INFO | Progress saved to: data\output\cases_results.xlsx
2026-06-23 19:08:41,070 | INFO | Progress index saved: 232
2026-06-23 19:08:41,071 | INFO | Waiting 2s before next case...
2026-06-23 19:08:43,072 | INFO | 
===== Batch item 3/10 =====
2026-06-23 19:08:43,072 | INFO | Real index: 233/1213
2026-06-23 19:08:43,072 | INFO | 
Scraping Case ID: 2510T0240
2026-06-23 19:08:43,073 | INFO | Attempt 1/2
2026-06-23 19:08:43,073 | INFO | Opening main page...
2026-06-23 19:08:44,597 | INFO | Main page URL: https://fjdefile.phila.gov/efsfjd/zk_fjd_public_qry_00.zp_main_idx
2026-06-23 19:08:45,066 | INFO | Search page URL: https://fjdefile.phila.gov/efsfjd/zk_fjd_public_qry_03.zp_dktrpt_setup_idx?uid=u3m1OnhMBIolqsSYDxam&o=!5sfIX7cX!rzHdb
2026-06-23 19:08:45,067 | INFO | Filling Case ID: 2510T0240
2026-06-23 19:08:45,199 | INFO | Submitting search...
2026-06-23 19:08:47,853 | INFO | Result URL: https://fjdefile.phila.gov/efsfjd/zk_fjd_public_qry_03.zp_dktrpt_search
2026-06-23 19:08:47,986 | INFO | Progress saved to: data\output\cases_results.xlsx
2026-06-23 19:08:47,988 | INFO | Progress index saved: 233
2026-06-23 19:08:47,988 | INFO | Waiting 2s before next case...
2026-06-23 19:08:49,989 | INFO | 
===== Batch item 4/10 =====
2026-06-23 19:08:49,989 | INFO | Real index: 234/1213
2026-06-23 19:08:49,989 | INFO | 
Scraping Case ID: 2510T0241
2026-06-23 19:08:49,989 | INFO | Attempt 1/2
2026-06-23 19:08:49,989 | INFO | Opening main page...
2026-06-23 19:08:51,494 | INFO | Main page URL: https://fjdefile.phila.gov/efsfjd/zk_fjd_public_qry_00.zp_main_idx
2026-06-23 19:08:52,101 | INFO | Search page URL: https://fjdefile.phila.gov/efsfjd/zk_fjd_public_qry_03.zp_dktrpt_setup_idx?uid=u3m1OnhMBIolqsSYDxam&o=!5sfIX7cX!rzHdb
2026-06-23 19:08:52,102 | INFO | Filling Case ID: 2510T0241
2026-06-23 19:08:52,232 | INFO | Submitting search...
2026-06-23 19:08:54,889 | INFO | Result URL: https://fjdefile.phila.gov/efsfjd/zk_fjd_public_qry_03.zp_dktrpt_search
2026-06-23 19:08:55,234 | INFO | Progress saved to: data\output\cases_results.xlsx
2026-06-23 19:08:55,237 | INFO | Progress index saved: 234
2026-06-23 19:08:55,237 | INFO | Waiting 2s before next case...
2026-06-23 19:08:57,238 | INFO | 
===== Batch item 5/10 =====
2026-06-23 19:08:57,238 | INFO | Real index: 235/1213
2026-06-23 19:08:57,238 | INFO | 
Scraping Case ID: 2510T0242
2026-06-23 19:08:57,238 | INFO | Attempt 1/2
2026-06-23 19:08:57,238 | INFO | Opening main page...
2026-06-23 19:08:58,630 | INFO | Main page URL: https://fjdefile.phila.gov/efsfjd/zk_fjd_public_qry_00.zp_main_idx
2026-06-23 19:08:59,224 | INFO | Search page URL: https://fjdefile.phila.gov/efsfjd/zk_fjd_public_qry_03.zp_dktrpt_setup_idx?uid=u3m1OnhMBIolqsSYDxam&o=!5sfIX7cX!rzHdb
2026-06-23 19:08:59,225 | INFO | Filling Case ID: 2510T0242
2026-06-23 19:08:59,355 | INFO | Submitting search...
2026-06-23 19:09:02,137 | INFO | Result URL: https://fjdefile.phila.gov/efsfjd/zk_fjd_public_qry_03.zp_dktrpt_search
2026-06-23 19:09:02,307 | INFO | Progress saved to: data\output\cases_results.xlsx
2026-06-23 19:09:02,308 | INFO | Progress index saved: 235
2026-06-23 19:09:02,308 | INFO | Waiting 2s before next case...
2026-06-23 19:09:04,309 | INFO | 
===== Batch item 6/10 =====
2026-06-23 19:09:04,310 | INFO | Real index: 236/1213
2026-06-23 19:09:04,310 | INFO | 
Scraping Case ID: 2510T0243
2026-06-23 19:09:04,310 | INFO | Attempt 1/2
2026-06-23 19:09:04,310 | INFO | Opening main page...
2026-06-23 19:09:05,709 | INFO | Main page URL: https://fjdefile.phila.gov/efsfjd/zk_fjd_public_qry_00.zp_main_idx
2026-06-23 19:09:06,304 | INFO | Search page URL: https://fjdefile.phila.gov/efsfjd/zk_fjd_public_qry_03.zp_dktrpt_setup_idx?uid=u3m1OnhMBIolqsSYDxam&o=!5sfIX7cX!rzHdb
2026-06-23 19:09:06,305 | INFO | Filling Case ID: 2510T0243
2026-06-23 19:09:06,429 | INFO | Submitting search...
2026-06-23 19:09:09,054 | INFO | Result URL: https://fjdefile.phila.gov/efsfjd/zk_fjd_public_qry_03.zp_dktrpt_search
2026-06-23 19:09:09,184 | INFO | Progress saved to: data\output\cases_results.xlsx
2026-06-23 19:09:09,185 | INFO | Progress index saved: 236
2026-06-23 19:09:09,185 | INFO | Waiting 2s before next case...
2026-06-23 19:09:11,186 | INFO | 
===== Batch item 7/10 =====
2026-06-23 19:09:11,186 | INFO | Real index: 237/1213
2026-06-23 19:09:11,187 | INFO | 
Scraping Case ID: 2510T0244
2026-06-23 19:09:11,187 | INFO | Attempt 1/2
2026-06-23 19:09:11,187 | INFO | Opening main page...
2026-06-23 19:09:12,541 | INFO | Main page URL: https://fjdefile.phila.gov/efsfjd/zk_fjd_public_qry_00.zp_main_idx
2026-06-23 19:09:13,087 | INFO | Search page URL: https://fjdefile.phila.gov/efsfjd/zk_fjd_public_qry_03.zp_dktrpt_setup_idx?uid=u3m1OnhMBIolqsSYDxam&o=!5sfIX7cX!rzHdb
2026-06-23 19:09:13,088 | INFO | Filling Case ID: 2510T0244
2026-06-23 19:09:13,227 | INFO | Submitting search...
2026-06-23 19:09:15,308 | INFO | Result URL: https://fjdefile.phila.gov/efsfjd/zk_fjd_public_qry_03.zp_dktrpt_search
2026-06-23 19:09:15,435 | INFO | Progress saved to: data\output\cases_results.xlsx
2026-06-23 19:09:15,437 | INFO | Progress index saved: 237
2026-06-23 19:09:15,437 | INFO | Waiting 2s before next case...
2026-06-23 19:09:17,437 | INFO | 
===== Batch item 8/10 =====
2026-06-23 19:09:17,438 | INFO | Real index: 238/1213
2026-06-23 19:09:17,438 | INFO | 
Scraping Case ID: 2510T0245
2026-06-23 19:09:17,438 | INFO | Attempt 1/2
2026-06-23 19:09:17,439 | INFO | Opening main page...
2026-06-23 19:09:18,767 | INFO | Main page URL: https://fjdefile.phila.gov/efsfjd/zk_fjd_public_qry_00.zp_main_idx
2026-06-23 19:09:19,280 | INFO | Search page URL: https://fjdefile.phila.gov/efsfjd/zk_fjd_public_qry_03.zp_dktrpt_setup_idx?uid=u3m1OnhMBIolqsSYDxam&o=!5sfIX7cX!rzHdb
2026-06-23 19:09:19,281 | INFO | Filling Case ID: 2510T0245
2026-06-23 19:09:19,428 | INFO | Submitting search...
2026-06-23 19:09:21,624 | INFO | Result URL: https://fjdefile.phila.gov/efsfjd/zk_fjd_public_qry_03.zp_dktrpt_search
2026-06-23 19:09:21,842 | INFO | Progress saved to: data\output\cases_results.xlsx
2026-06-23 19:09:21,843 | INFO | Progress index saved: 238
2026-06-23 19:09:21,843 | INFO | Waiting 2s before next case...
2026-06-23 19:09:23,844 | INFO | 
===== Batch item 9/10 =====
2026-06-23 19:09:23,844 | INFO | Real index: 239/1213
2026-06-23 19:09:23,844 | INFO | 
Scraping Case ID: 2510T0246
2026-06-23 19:09:23,844 | INFO | Attempt 1/2
2026-06-23 19:09:23,845 | INFO | Opening main page...
2026-06-23 19:09:25,188 | INFO | Main page URL: https://fjdefile.phila.gov/efsfjd/zk_fjd_public_qry_00.zp_main_idx
2026-06-23 19:09:25,763 | INFO | Search page URL: https://fjdefile.phila.gov/efsfjd/zk_fjd_public_qry_03.zp_dktrpt_setup_idx?uid=u3m1OnhMBIolqsSYDxam&o=!5sfIX7cX!rzHdb
2026-06-23 19:09:25,764 | INFO | Filling Case ID: 2510T0246
2026-06-23 19:09:25,881 | INFO | Submitting search...
2026-06-23 19:09:28,554 | INFO | Result URL: https://fjdefile.phila.gov/efsfjd/zk_fjd_public_qry_03.zp_dktrpt_search
2026-06-23 19:09:28,760 | INFO | Progress saved to: data\output\cases_results.xlsx
2026-06-23 19:09:28,762 | INFO | Progress index saved: 239
2026-06-23 19:09:28,763 | INFO | Waiting 2s before next case...
2026-06-23 19:09:30,765 | INFO | 
===== Batch item 10/10 =====
2026-06-23 19:09:30,765 | INFO | Real index: 240/1213
2026-06-23 19:09:30,766 | INFO | 
Scraping Case ID: 2510T0247
2026-06-23 19:09:30,766 | INFO | Attempt 1/2
2026-06-23 19:09:30,766 | INFO | Opening main page...
2026-06-23 19:09:32,463 | INFO | Main page URL: https://fjdefile.phila.gov/efsfjd/zk_fjd_public_qry_00.zp_main_idx
2026-06-23 19:09:33,078 | INFO | Search page URL: https://fjdefile.phila.gov/efsfjd/zk_fjd_public_qry_03.zp_dktrpt_setup_idx?uid=u3m1OnhMBIolqsSYDxam&o=!5sfIX7cX!rzHdb
2026-06-23 19:09:33,079 | INFO | Filling Case ID: 2510T0247
2026-06-23 19:09:33,275 | INFO | Submitting search...
2026-06-23 19:09:37,826 | INFO | Result URL: https://fjdefile.phila.gov/efsfjd/zk_fjd_public_qry_03.zp_dktrpt_search
2026-06-23 19:09:38,321 | INFO | Progress saved to: data\output\cases_results.xlsx
2026-06-23 19:09:38,324 | INFO | Progress index saved: 240
2026-06-23 19:09:38,325 | INFO | Waiting 2s before next case...
2026-06-23 19:09:40,326 | INFO | 
Batch done. Output saved to: data\output\cases_results.xlsx
2026-06-23 19:09:40,327 | INFO | Batch complete. Closing browser...
2026-06-23 19:09:52,903 | INFO | Columns found: ['Case ID']
2026-06-23 19:09:52,905 | INFO | Loaded 1213 Case IDs from data\input\case_ids.xlsx
2026-06-23 19:09:52,905 | INFO | Starting from index: 240
2026-06-23 19:09:52,905 | INFO | Processing this batch: 10 cases
2026-06-23 19:09:52,992 | INFO | Loaded existing output rows: 240
2026-06-23 19:09:54,561 | INFO | 
===== Batch item 1/10 =====
2026-06-23 19:09:54,561 | INFO | Real index: 241/1213
2026-06-23 19:09:54,562 | INFO | 
Scraping Case ID: 2510T0248
2026-06-23 19:09:54,562 | INFO | Attempt 1/2
2026-06-23 19:09:54,562 | INFO | Opening main page...
2026-06-23 19:09:58,461 | INFO | Main page URL: https://fjdefile.phila.gov/efsfjd/zk_fjd_public_qry_00.zp_main_idx?uid=u5o1MlkKCIolqsSYDxam&o=BaucDVddYxozKg8
2026-06-23 19:09:59,308 | INFO | Search page URL: https://fjdefile.phila.gov/efsfjd/zk_fjd_public_qry_03.zp_dktrpt_setup_idx?uid=u5o1MlkKCIolqsSYDxam&o=!7ufGVaaY!rzHdb
2026-06-23 19:09:59,309 | INFO | Filling Case ID: 2510T0248
2026-06-23 19:09:59,486 | INFO | Submitting search...
2026-06-23 19:10:03,055 | INFO | Result URL: https://fjdefile.phila.gov/efsfjd/zk_fjd_public_qry_03.zp_dktrpt_search
2026-06-23 19:10:03,278 | INFO | Progress saved to: data\output\cases_results.xlsx
2026-06-23 19:10:03,279 | INFO | Progress index saved: 241
2026-06-23 19:10:03,280 | INFO | Waiting 2s before next case...
2026-06-23 19:10:05,286 | INFO | 
===== Batch item 2/10 =====
2026-06-23 19:10:05,289 | INFO | Real index: 242/1213
2026-06-23 19:10:05,291 | INFO | 
Scraping Case ID: 2510T0249
2026-06-23 19:10:05,292 | INFO | Attempt 1/2
2026-06-23 19:10:05,297 | INFO | Opening main page...
2026-06-23 19:10:06,711 | INFO | Main page URL: https://fjdefile.phila.gov/efsfjd/zk_fjd_public_qry_00.zp_main_idx
2026-06-23 19:10:07,231 | INFO | Search page URL: https://fjdefile.phila.gov/efsfjd/zk_fjd_public_qry_03.zp_dktrpt_setup_idx?uid=u5o1MlkKCIolqsSYDxam&o=!7ufGVaaY!rzHdb
2026-06-23 19:10:07,231 | INFO | Filling Case ID: 2510T0249
2026-06-23 19:10:07,362 | INFO | Submitting search...
2026-06-23 19:10:10,071 | INFO | Result URL: https://fjdefile.phila.gov/efsfjd/zk_fjd_public_qry_03.zp_dktrpt_search
2026-06-23 19:10:10,258 | INFO | Progress saved to: data\output\cases_results.xlsx
2026-06-23 19:10:10,259 | INFO | Progress index saved: 242
2026-06-23 19:10:10,259 | INFO | Waiting 2s before next case...
2026-06-23 19:10:12,261 | INFO | 
===== Batch item 3/10 =====
2026-06-23 19:10:12,261 | INFO | Real index: 243/1213
2026-06-23 19:10:12,262 | INFO | 
Scraping Case ID: 2510T0250
2026-06-23 19:10:12,262 | INFO | Attempt 1/2
2026-06-23 19:10:12,262 | INFO | Opening main page...
2026-06-23 19:10:13,758 | INFO | Main page URL: https://fjdefile.phila.gov/efsfjd/zk_fjd_public_qry_00.zp_main_idx
2026-06-23 19:10:14,307 | INFO | Search page URL: https://fjdefile.phila.gov/efsfjd/zk_fjd_public_qry_03.zp_dktrpt_setup_idx?uid=u5o1MlkKCIolqsSYDxam&o=!7ufGVaaY!rzHdb
2026-06-23 19:10:14,308 | INFO | Filling Case ID: 2510T0250
2026-06-23 19:10:14,437 | INFO | Submitting search...
2026-06-23 19:10:16,639 | INFO | Result URL: https://fjdefile.phila.gov/efsfjd/zk_fjd_public_qry_03.zp_dktrpt_search
2026-06-23 19:10:16,775 | INFO | Progress saved to: data\output\cases_results.xlsx
2026-06-23 19:10:16,776 | INFO | Progress index saved: 243
2026-06-23 19:10:16,777 | INFO | Waiting 2s before next case...
2026-06-23 19:10:18,777 | INFO | 
===== Batch item 4/10 =====
2026-06-23 19:10:18,778 | INFO | Real index: 244/1213
2026-06-23 19:10:18,778 | INFO | 
Scraping Case ID: 2510T0251
2026-06-23 19:10:18,778 | INFO | Attempt 1/2
2026-06-23 19:10:18,779 | INFO | Opening main page...
2026-06-23 19:10:20,139 | INFO | Main page URL: https://fjdefile.phila.gov/efsfjd/zk_fjd_public_qry_00.zp_main_idx
2026-06-23 19:10:20,584 | INFO | Search page URL: https://fjdefile.phila.gov/efsfjd/zk_fjd_public_qry_03.zp_dktrpt_setup_idx?uid=u5o1MlkKCIolqsSYDxam&o=!7ufGVaaY!rzHdb
2026-06-23 19:10:20,584 | INFO | Filling Case ID: 2510T0251
2026-06-23 19:10:20,708 | INFO | Submitting search...
2026-06-23 19:10:22,870 | INFO | Result URL: https://fjdefile.phila.gov/efsfjd/zk_fjd_public_qry_03.zp_dktrpt_search
2026-06-23 19:10:23,019 | INFO | Progress saved to: data\output\cases_results.xlsx
2026-06-23 19:10:23,021 | INFO | Progress index saved: 244
2026-06-23 19:10:23,021 | INFO | Waiting 2s before next case...
2026-06-23 19:10:25,022 | INFO | 
===== Batch item 5/10 =====
2026-06-23 19:10:25,022 | INFO | Real index: 245/1213
2026-06-23 19:10:25,022 | INFO | 
Scraping Case ID: 2510T0252
2026-06-23 19:10:25,022 | INFO | Attempt 1/2
2026-06-23 19:10:25,023 | INFO | Opening main page...
2026-06-23 19:10:26,391 | INFO | Main page URL: https://fjdefile.phila.gov/efsfjd/zk_fjd_public_qry_00.zp_main_idx
2026-06-23 19:10:26,818 | INFO | Search page URL: https://fjdefile.phila.gov/efsfjd/zk_fjd_public_qry_03.zp_dktrpt_setup_idx?uid=u5o1MlkKCIolqsSYDxam&o=!7ufGVaaY!rzHdb
2026-06-23 19:10:26,819 | INFO | Filling Case ID: 2510T0252
2026-06-23 19:10:26,930 | INFO | Submitting search...
2026-06-23 19:10:29,573 | INFO | Result URL: https://fjdefile.phila.gov/efsfjd/zk_fjd_public_qry_03.zp_dktrpt_search
2026-06-23 19:10:29,715 | INFO | Progress saved to: data\output\cases_results.xlsx
2026-06-23 19:10:29,717 | INFO | Progress index saved: 245
2026-06-23 19:10:29,718 | INFO | Waiting 2s before next case...
2026-06-23 19:10:31,719 | INFO | 
===== Batch item 6/10 =====
2026-06-23 19:10:31,719 | INFO | Real index: 246/1213
2026-06-23 19:10:31,719 | INFO | 
Scraping Case ID: 2510T0253
2026-06-23 19:10:31,720 | INFO | Attempt 1/2
2026-06-23 19:10:31,720 | INFO | Opening main page...
2026-06-23 19:10:33,167 | INFO | Main page URL: https://fjdefile.phila.gov/efsfjd/zk_fjd_public_qry_00.zp_main_idx
2026-06-23 19:10:33,739 | INFO | Search page URL: https://fjdefile.phila.gov/efsfjd/zk_fjd_public_qry_03.zp_dktrpt_setup_idx?uid=u5o1MlkKCIolqsSYDxam&o=!7ufGVaaY!rzHdb
2026-06-23 19:10:33,740 | INFO | Filling Case ID: 2510T0253
2026-06-23 19:10:33,872 | INFO | Submitting search...
2026-06-23 19:10:36,506 | INFO | Result URL: https://fjdefile.phila.gov/efsfjd/zk_fjd_public_qry_03.zp_dktrpt_search
2026-06-23 19:10:36,669 | INFO | Progress saved to: data\output\cases_results.xlsx
2026-06-23 19:10:36,670 | INFO | Progress index saved: 246
2026-06-23 19:10:36,670 | INFO | Waiting 2s before next case...
2026-06-23 19:10:38,671 | INFO | 
===== Batch item 7/10 =====
2026-06-23 19:10:38,672 | INFO | Real index: 247/1213
2026-06-23 19:10:38,672 | INFO | 
Scraping Case ID: 2510T0254
2026-06-23 19:10:38,673 | INFO | Attempt 1/2
2026-06-23 19:10:38,673 | INFO | Opening main page...
2026-06-23 19:10:40,057 | INFO | Main page URL: https://fjdefile.phila.gov/efsfjd/zk_fjd_public_qry_00.zp_main_idx
2026-06-23 19:10:40,419 | INFO | Search page URL: https://fjdefile.phila.gov/efsfjd/zk_fjd_public_qry_03.zp_dktrpt_setup_idx?uid=u5o1MlkKCIolqsSYDxam&o=!7ufGVaaY!rzHdb
2026-06-23 19:10:40,419 | INFO | Filling Case ID: 2510T0254
2026-06-23 19:10:40,538 | INFO | Submitting search...
2026-06-23 19:10:42,665 | INFO | Result URL: https://fjdefile.phila.gov/efsfjd/zk_fjd_public_qry_03.zp_dktrpt_search
2026-06-23 19:10:42,828 | INFO | Progress saved to: data\output\cases_results.xlsx
2026-06-23 19:10:42,831 | INFO | Progress index saved: 247
2026-06-23 19:10:42,831 | INFO | Waiting 2s before next case...
2026-06-23 19:10:44,831 | INFO | 
===== Batch item 8/10 =====
2026-06-23 19:10:44,832 | INFO | Real index: 248/1213
2026-06-23 19:10:44,832 | INFO | 
Scraping Case ID: 2510T0255
2026-06-23 19:10:44,832 | INFO | Attempt 1/2
2026-06-23 19:10:44,833 | INFO | Opening main page...
2026-06-23 19:10:46,206 | INFO | Main page URL: https://fjdefile.phila.gov/efsfjd/zk_fjd_public_qry_00.zp_main_idx
2026-06-23 19:10:46,739 | INFO | Search page URL: https://fjdefile.phila.gov/efsfjd/zk_fjd_public_qry_03.zp_dktrpt_setup_idx?uid=u5o1MlkKCIolqsSYDxam&o=!7ufGVaaY!rzHdb
2026-06-23 19:10:46,740 | INFO | Filling Case ID: 2510T0255
2026-06-23 19:10:46,875 | INFO | Submitting search...
2026-06-23 19:10:49,432 | INFO | Result URL: https://fjdefile.phila.gov/efsfjd/zk_fjd_public_qry_03.zp_dktrpt_search
2026-06-23 19:10:49,694 | INFO | Progress saved to: data\output\cases_results.xlsx
2026-06-23 19:10:49,695 | INFO | Progress index saved: 248
2026-06-23 19:10:49,696 | INFO | Waiting 2s before next case...
2026-06-23 19:10:51,696 | INFO | 
===== Batch item 9/10 =====
2026-06-23 19:10:51,696 | INFO | Real index: 249/1213
2026-06-23 19:10:51,697 | INFO | 
Scraping Case ID: 2510T0256
2026-06-23 19:10:51,697 | INFO | Attempt 1/2
2026-06-23 19:10:51,697 | INFO | Opening main page...
2026-06-23 19:10:53,144 | INFO | Main page URL: https://fjdefile.phila.gov/efsfjd/zk_fjd_public_qry_00.zp_main_idx
2026-06-23 19:10:53,522 | INFO | Search page URL: https://fjdefile.phila.gov/efsfjd/zk_fjd_public_qry_03.zp_dktrpt_setup_idx?uid=u5o1MlkKCIolqsSYDxam&o=!7ufGVaaY!rzHdb
2026-06-23 19:10:53,522 | INFO | Filling Case ID: 2510T0256
2026-06-23 19:10:53,643 | INFO | Submitting search...
2026-06-23 19:10:55,228 | INFO | Result URL: https://fjdefile.phila.gov/efsfjd/zk_fjd_public_qry_03.zp_dktrpt_search
2026-06-23 19:10:55,355 | INFO | Progress saved to: data\output\cases_results.xlsx
2026-06-23 19:10:55,356 | INFO | Progress index saved: 249
2026-06-23 19:10:55,356 | INFO | Waiting 2s before next case...
2026-06-23 19:10:57,357 | INFO | 
===== Batch item 10/10 =====
2026-06-23 19:10:57,357 | INFO | Real index: 250/1213
2026-06-23 19:10:57,358 | INFO | 
Scraping Case ID: 2510T0257
2026-06-23 19:10:57,358 | INFO | Attempt 1/2
2026-06-23 19:10:57,358 | INFO | Opening main page...
2026-06-23 19:10:58,692 | INFO | Main page URL: https://fjdefile.phila.gov/efsfjd/zk_fjd_public_qry_00.zp_main_idx
2026-06-23 19:10:59,059 | INFO | Search page URL: https://fjdefile.phila.gov/efsfjd/zk_fjd_public_qry_03.zp_dktrpt_setup_idx?uid=u5o1MlkKCIolqsSYDxam&o=!7ufGVaaY!rzHdb
2026-06-23 19:10:59,059 | INFO | Filling Case ID: 2510T0257
2026-06-23 19:10:59,194 | INFO | Submitting search...
2026-06-23 19:11:00,620 | INFO | Result URL: https://fjdefile.phila.gov/efsfjd/zk_fjd_public_qry_03.zp_dktrpt_search
2026-06-23 19:11:00,751 | INFO | Progress saved to: data\output\cases_results.xlsx
2026-06-23 19:11:00,752 | INFO | Progress index saved: 250
2026-06-23 19:11:00,753 | INFO | Waiting 2s before next case...
2026-06-23 19:11:02,754 | INFO | 
Batch done. Output saved to: data\output\cases_results.xlsx
2026-06-23 19:11:02,755 | INFO | Batch complete. Closing browser...
2026-06-23 19:11:14,787 | INFO | Columns found: ['Case ID']
2026-06-23 19:11:14,789 | INFO | Loaded 1213 Case IDs from data\input\case_ids.xlsx
2026-06-23 19:11:14,790 | INFO | Starting from index: 250
2026-06-23 19:11:14,790 | INFO | Processing this batch: 10 cases
2026-06-23 19:11:14,857 | INFO | Loaded existing output rows: 250
2026-06-23 19:11:16,010 | INFO | 
===== Batch item 1/10 =====
2026-06-23 19:11:16,011 | INFO | Real index: 251/1213
2026-06-23 19:11:16,011 | INFO | 
Scraping Case ID: 2510T0258
2026-06-23 19:11:16,011 | INFO | Attempt 1/2
2026-06-23 19:11:16,011 | INFO | Opening main page...
2026-06-23 19:11:19,488 | INFO | Main page URL: https://fjdefile.phila.gov/efsfjd/zk_fjd_public_qry_00.zp_main_idx?uid=zftWCgtRyIolqsSYDxam&o=Gkz7vQmkSxozKg8
2026-06-23 19:11:20,716 | INFO | Search page URL: https://fjdefile.phila.gov/efsfjd/zk_fjd_public_qry_03.zp_dktrpt_setup_idx?uid=zftWCgtRyIolqsSYDxam&o=DhzayQjhS!rzHdb
2026-06-23 19:11:20,716 | INFO | Filling Case ID: 2510T0258
2026-06-23 19:11:20,863 | INFO | Submitting search...
2026-06-23 19:11:23,040 | INFO | Result URL: https://fjdefile.phila.gov/efsfjd/zk_fjd_public_qry_03.zp_dktrpt_search
2026-06-23 19:11:23,195 | INFO | Progress saved to: data\output\cases_results.xlsx
2026-06-23 19:11:23,196 | INFO | Progress index saved: 251
2026-06-23 19:11:23,196 | INFO | Waiting 2s before next case...
2026-06-23 19:11:25,196 | INFO | 
===== Batch item 2/10 =====
2026-06-23 19:11:25,197 | INFO | Real index: 252/1213
2026-06-23 19:11:25,197 | INFO | 
Scraping Case ID: 2510T0259
2026-06-23 19:11:25,197 | INFO | Attempt 1/2
2026-06-23 19:11:25,197 | INFO | Opening main page...
2026-06-23 19:11:26,522 | INFO | Main page URL: https://fjdefile.phila.gov/efsfjd/zk_fjd_public_qry_00.zp_main_idx
2026-06-23 19:11:26,890 | INFO | Search page URL: https://fjdefile.phila.gov/efsfjd/zk_fjd_public_qry_03.zp_dktrpt_setup_idx?uid=zftWCgtRyIolqsSYDxam&o=DhzayQjhS!rzHdb
2026-06-23 19:11:26,890 | INFO | Filling Case ID: 2510T0259
2026-06-23 19:11:27,011 | INFO | Submitting search...
2026-06-23 19:11:28,858 | INFO | Result URL: https://fjdefile.phila.gov/efsfjd/zk_fjd_public_qry_03.zp_dktrpt_search
2026-06-23 19:11:29,013 | INFO | Progress saved to: data\output\cases_results.xlsx
2026-06-23 19:11:29,015 | INFO | Progress index saved: 252
2026-06-23 19:11:29,015 | INFO | Waiting 2s before next case...
2026-06-23 19:11:31,016 | INFO | 
===== Batch item 3/10 =====
2026-06-23 19:11:31,017 | INFO | Real index: 253/1213
2026-06-23 19:11:31,017 | INFO | 
Scraping Case ID: 2510T0260
2026-06-23 19:11:31,017 | INFO | Attempt 1/2
2026-06-23 19:11:31,017 | INFO | Opening main page...
2026-06-23 19:11:32,336 | INFO | Main page URL: https://fjdefile.phila.gov/efsfjd/zk_fjd_public_qry_00.zp_main_idx
2026-06-23 19:11:32,708 | INFO | Search page URL: https://fjdefile.phila.gov/efsfjd/zk_fjd_public_qry_03.zp_dktrpt_setup_idx?uid=zftWCgtRyIolqsSYDxam&o=DhzayQjhS!rzHdb
2026-06-23 19:11:32,708 | INFO | Filling Case ID: 2510T0260
2026-06-23 19:11:32,821 | INFO | Submitting search...
2026-06-23 19:11:34,407 | INFO | Result URL: https://fjdefile.phila.gov/efsfjd/zk_fjd_public_qry_03.zp_dktrpt_search
2026-06-23 19:11:34,581 | INFO | Progress saved to: data\output\cases_results.xlsx
2026-06-23 19:11:34,583 | INFO | Progress index saved: 253
2026-06-23 19:11:34,583 | INFO | Waiting 2s before next case...
2026-06-23 19:11:36,584 | INFO | 
===== Batch item 4/10 =====
2026-06-23 19:11:36,584 | INFO | Real index: 254/1213
2026-06-23 19:11:36,584 | INFO | 
Scraping Case ID: 2510T0261
2026-06-23 19:11:36,585 | INFO | Attempt 1/2
2026-06-23 19:11:36,585 | INFO | Opening main page...
2026-06-23 19:11:37,911 | INFO | Main page URL: https://fjdefile.phila.gov/efsfjd/zk_fjd_public_qry_00.zp_main_idx
2026-06-23 19:11:38,268 | INFO | Search page URL: https://fjdefile.phila.gov/efsfjd/zk_fjd_public_qry_03.zp_dktrpt_setup_idx?uid=zftWCgtRyIolqsSYDxam&o=DhzayQjhS!rzHdb
2026-06-23 19:11:38,268 | INFO | Filling Case ID: 2510T0261
2026-06-23 19:11:38,383 | INFO | Submitting search...
2026-06-23 19:11:40,006 | INFO | Result URL: https://fjdefile.phila.gov/efsfjd/zk_fjd_public_qry_03.zp_dktrpt_search
2026-06-23 19:11:40,136 | INFO | Progress saved to: data\output\cases_results.xlsx
2026-06-23 19:11:40,137 | INFO | Progress index saved: 254
2026-06-23 19:11:40,137 | INFO | Waiting 2s before next case...
2026-06-23 19:11:42,137 | INFO | 
===== Batch item 5/10 =====
2026-06-23 19:11:42,138 | INFO | Real index: 255/1213
2026-06-23 19:11:42,138 | INFO | 
Scraping Case ID: 2510T0262
2026-06-23 19:11:42,138 | INFO | Attempt 1/2
2026-06-23 19:11:42,139 | INFO | Opening main page...
2026-06-23 19:11:43,466 | INFO | Main page URL: https://fjdefile.phila.gov/efsfjd/zk_fjd_public_qry_00.zp_main_idx
2026-06-23 19:11:43,897 | INFO | Search page URL: https://fjdefile.phila.gov/efsfjd/zk_fjd_public_qry_03.zp_dktrpt_setup_idx?uid=zftWCgtRyIolqsSYDxam&o=DhzayQjhS!rzHdb
2026-06-23 19:11:43,898 | INFO | Filling Case ID: 2510T0262
2026-06-23 19:11:44,047 | INFO | Submitting search...
2026-06-23 19:11:46,228 | INFO | Result URL: https://fjdefile.phila.gov/efsfjd/zk_fjd_public_qry_03.zp_dktrpt_search
2026-06-23 19:11:46,402 | INFO | Progress saved to: data\output\cases_results.xlsx
2026-06-23 19:11:46,403 | INFO | Progress index saved: 255
2026-06-23 19:11:46,404 | INFO | Waiting 2s before next case...
2026-06-23 19:11:48,404 | INFO | 
===== Batch item 6/10 =====
2026-06-23 19:11:48,404 | INFO | Real index: 256/1213
2026-06-23 19:11:48,405 | INFO | 
Scraping Case ID: 2510T0263
2026-06-23 19:11:48,405 | INFO | Attempt 1/2
2026-06-23 19:11:48,405 | INFO | Opening main page...
2026-06-23 19:11:49,701 | INFO | Main page URL: https://fjdefile.phila.gov/efsfjd/zk_fjd_public_qry_00.zp_main_idx
2026-06-23 19:11:50,081 | INFO | Search page URL: https://fjdefile.phila.gov/efsfjd/zk_fjd_public_qry_03.zp_dktrpt_setup_idx?uid=zftWCgtRyIolqsSYDxam&o=DhzayQjhS!rzHdb
2026-06-23 19:11:50,081 | INFO | Filling Case ID: 2510T0263
2026-06-23 19:11:50,226 | INFO | Submitting search...
2026-06-23 19:11:52,382 | INFO | Result URL: https://fjdefile.phila.gov/efsfjd/zk_fjd_public_qry_03.zp_dktrpt_search
2026-06-23 19:11:52,529 | INFO | Progress saved to: data\output\cases_results.xlsx
2026-06-23 19:11:52,531 | INFO | Progress index saved: 256
2026-06-23 19:11:52,532 | INFO | Waiting 2s before next case...
2026-06-23 19:11:54,533 | INFO | 
===== Batch item 7/10 =====
2026-06-23 19:11:54,534 | INFO | Real index: 257/1213
2026-06-23 19:11:54,534 | INFO | 
Scraping Case ID: 2510T0264
2026-06-23 19:11:54,534 | INFO | Attempt 1/2
2026-06-23 19:11:54,534 | INFO | Opening main page...
2026-06-23 19:11:55,834 | INFO | Main page URL: https://fjdefile.phila.gov/efsfjd/zk_fjd_public_qry_00.zp_main_idx
2026-06-23 19:11:56,273 | INFO | Search page URL: https://fjdefile.phila.gov/efsfjd/zk_fjd_public_qry_03.zp_dktrpt_setup_idx?uid=zftWCgtRyIolqsSYDxam&o=DhzayQjhS!rzHdb
2026-06-23 19:11:56,273 | INFO | Filling Case ID: 2510T0264
2026-06-23 19:11:56,399 | INFO | Submitting search...
2026-06-23 19:11:58,513 | INFO | Result URL: https://fjdefile.phila.gov/efsfjd/zk_fjd_public_qry_03.zp_dktrpt_search
2026-06-23 19:11:58,635 | INFO | Progress saved to: data\output\cases_results.xlsx
2026-06-23 19:11:58,637 | INFO | Progress index saved: 257
2026-06-23 19:11:58,637 | INFO | Waiting 2s before next case...
2026-06-23 19:12:00,638 | INFO | 
===== Batch item 8/10 =====
2026-06-23 19:12:00,639 | INFO | Real index: 258/1213
2026-06-23 19:12:00,639 | INFO | 
Scraping Case ID: 2510T0265
2026-06-23 19:12:00,639 | INFO | Attempt 1/2
2026-06-23 19:12:00,639 | INFO | Opening main page...
2026-06-23 19:12:01,949 | INFO | Main page URL: https://fjdefile.phila.gov/efsfjd/zk_fjd_public_qry_00.zp_main_idx
2026-06-23 19:12:02,408 | INFO | Search page URL: https://fjdefile.phila.gov/efsfjd/zk_fjd_public_qry_03.zp_dktrpt_setup_idx?uid=zftWCgtRyIolqsSYDxam&o=DhzayQjhS!rzHdb
2026-06-23 19:12:02,408 | INFO | Filling Case ID: 2510T0265
2026-06-23 19:12:02,572 | INFO | Submitting search...
2026-06-23 19:12:04,868 | INFO | Result URL: https://fjdefile.phila.gov/efsfjd/zk_fjd_public_qry_03.zp_dktrpt_search
2026-06-23 19:12:05,188 | INFO | Progress saved to: data\output\cases_results.xlsx
2026-06-23 19:12:05,190 | INFO | Progress index saved: 258
2026-06-23 19:12:05,190 | INFO | Waiting 2s before next case...
2026-06-23 19:12:07,195 | INFO | 
===== Batch item 9/10 =====
2026-06-23 19:12:07,198 | INFO | Real index: 259/1213
2026-06-23 19:12:07,200 | INFO | 
Scraping Case ID: 2510T0266
2026-06-23 19:12:07,201 | INFO | Attempt 1/2
2026-06-23 19:12:07,202 | INFO | Opening main page...
2026-06-23 19:12:08,606 | INFO | Main page URL: https://fjdefile.phila.gov/efsfjd/zk_fjd_public_qry_00.zp_main_idx
2026-06-23 19:12:09,215 | INFO | Search page URL: https://fjdefile.phila.gov/efsfjd/zk_fjd_public_qry_03.zp_dktrpt_setup_idx?uid=zftWCgtRyIolqsSYDxam&o=DhzayQjhS!rzHdb
2026-06-23 19:12:09,217 | INFO | Filling Case ID: 2510T0266
2026-06-23 19:12:09,384 | INFO | Submitting search...
2026-06-23 19:12:54,615 | INFO | Timeout waiting for result. Current URL: https://fjdefile.phila.gov/efsfjd/zk_fjd_public_qry_00.zp_main_idx?uid=zftWCgtRyIolqsSYDxam&o=Gkz7vQmkSxozKg8
2026-06-23 19:12:54,885 | INFO | Debug saved: screenshots\redirected_main_page_2510T0266_20260623_191254.png
2026-06-23 19:12:54,886 | INFO | HTML saved: screenshots\redirected_main_page_2510T0266_20260623_191254.html
2026-06-23 19:12:54,886 | INFO | Attempt failed: Redirected to main page instead of result page
2026-06-23 19:12:54,886 | INFO | Waiting 2s before retry...
2026-06-23 19:12:56,886 | INFO | Attempt 2/2
2026-06-23 19:12:56,886 | INFO | Opening main page...
2026-06-23 19:12:58,766 | INFO | Main page URL: https://fjdefile.phila.gov/efsfjd/zk_fjd_public_qry_00.zp_main_idx
2026-06-23 19:12:59,439 | INFO | Search page URL: https://fjdefile.phila.gov/efsfjd/zk_fjd_public_qry_03.zp_dktrpt_setup_idx?uid=zftWCgtRyIolqsSYDxam&o=DhzayQjhS!rzHdb
2026-06-23 19:12:59,439 | INFO | Filling Case ID: 2510T0266
2026-06-23 19:12:59,560 | INFO | Submitting search...
2026-06-23 19:13:44,813 | INFO | Timeout waiting for result. Current URL: https://fjdefile.phila.gov/efsfjd/zk_fjd_public_qry_00.zp_main_idx?uid=zftWCgtRyIolqsSYDxam&o=Gkz7vQmkSxozKg8
2026-06-23 19:13:44,974 | INFO | Debug saved: screenshots\redirected_main_page_2510T0266_20260623_191344.png
2026-06-23 19:13:44,975 | INFO | HTML saved: screenshots\redirected_main_page_2510T0266_20260623_191344.html
2026-06-23 19:13:44,975 | INFO | Attempt failed: Redirected to main page instead of result page
2026-06-23 19:13:44,975 | INFO | Failed after 2 attempts. Moving to next case.
2026-06-23 19:13:45,088 | INFO | Progress saved to: data\output\cases_results.xlsx
2026-06-23 19:13:45,090 | INFO | Progress index saved: 259
2026-06-23 19:13:45,090 | INFO | Waiting 2s before next case...
2026-06-23 19:13:47,091 | INFO | 
===== Batch item 10/10 =====
2026-06-23 19:13:47,092 | INFO | Real index: 260/1213
2026-06-23 19:13:47,092 | INFO | 
Scraping Case ID: 2510T0267
2026-06-23 19:13:47,092 | INFO | Attempt 1/2
2026-06-23 19:13:47,092 | INFO | Opening main page...
2026-06-23 19:13:48,860 | INFO | Main page URL: https://fjdefile.phila.gov/efsfjd/zk_fjd_public_qry_00.zp_main_idx
2026-06-23 19:13:49,344 | INFO | Search page URL: https://fjdefile.phila.gov/efsfjd/zk_fjd_public_qry_03.zp_dktrpt_setup_idx?uid=zftWCgtRyIolqsSYDxam&o=DhzayQjhS!rzHdb
2026-06-23 19:13:49,345 | INFO | Filling Case ID: 2510T0267
2026-06-23 19:13:49,491 | INFO | Submitting search...
2026-06-23 19:14:34,675 | INFO | Timeout waiting for result. Current URL: https://fjdefile.phila.gov/efsfjd/zk_fjd_public_qry_00.zp_main_idx?uid=zftWCgtRyIolqsSYDxam&o=Gkz7vQmkSxozKg8
2026-06-23 19:14:34,835 | INFO | Debug saved: screenshots\redirected_main_page_2510T0267_20260623_191434.png
2026-06-23 19:14:34,835 | INFO | HTML saved: screenshots\redirected_main_page_2510T0267_20260623_191434.html
2026-06-23 19:14:34,835 | INFO | Attempt failed: Redirected to main page instead of result page
2026-06-23 19:14:34,835 | INFO | Waiting 2s before retry...
2026-06-23 19:14:36,836 | INFO | Attempt 2/2
2026-06-23 19:14:36,837 | INFO | Opening main page...
2026-06-23 19:14:38,815 | INFO | Main page URL: https://fjdefile.phila.gov/efsfjd/zk_fjd_public_qry_00.zp_main_idx
2026-06-23 19:14:39,382 | INFO | Search page URL: https://fjdefile.phila.gov/efsfjd/zk_fjd_public_qry_03.zp_dktrpt_setup_idx?uid=zftWCgtRyIolqsSYDxam&o=DhzayQjhS!rzHdb
2026-06-23 19:14:39,382 | INFO | Filling Case ID: 2510T0267
2026-06-23 19:14:39,498 | INFO | Submitting search...
2026-06-23 19:15:24,734 | INFO | Timeout waiting for result. Current URL: https://fjdefile.phila.gov/efsfjd/zk_fjd_public_qry_00.zp_main_idx?uid=zftWCgtRyIolqsSYDxam&o=Gkz7vQmkSxozKg8
2026-06-23 19:15:24,920 | INFO | Debug saved: screenshots\redirected_main_page_2510T0267_20260623_191524.png
2026-06-23 19:15:24,921 | INFO | HTML saved: screenshots\redirected_main_page_2510T0267_20260623_191524.html
2026-06-23 19:15:24,922 | INFO | Attempt failed: Redirected to main page instead of result page
2026-06-23 19:15:24,922 | INFO | Failed after 2 attempts. Moving to next case.
2026-06-23 19:15:25,032 | INFO | Progress saved to: data\output\cases_results.xlsx
2026-06-23 19:15:25,033 | INFO | Progress index saved: 260
2026-06-23 19:15:25,034 | INFO | Waiting 2s before next case...
2026-06-23 19:15:27,034 | INFO | 
Batch done. Output saved to: data\output\cases_results.xlsx
2026-06-23 19:15:27,034 | INFO | Batch complete. Closing browser...
2026-06-23 19:15:39,583 | INFO | Columns found: ['Case ID']
2026-06-23 19:15:39,585 | INFO | Loaded 1213 Case IDs from data\input\case_ids.xlsx
2026-06-23 19:15:39,585 | INFO | Starting from index: 260
2026-06-23 19:15:39,586 | INFO | Processing this batch: 10 cases
2026-06-23 19:15:39,715 | INFO | Loaded existing output rows: 260
2026-06-23 19:15:41,240 | INFO | 
===== Batch item 1/10 =====
2026-06-23 19:15:41,241 | INFO | Real index: 261/1213
2026-06-23 19:15:41,241 | INFO | 
Scraping Case ID: 2510T0268
2026-06-23 19:15:41,241 | INFO | Attempt 1/2
2026-06-23 19:15:41,242 | INFO | Opening main page...
2026-06-23 19:16:16,948 | INFO | Main page URL: https://fjdefile.phila.gov/efsfjd/zk_fjd_public_qry_00.zp_main_idx?uid=yhwXAesTyIolqsSYDxam&o=FmA8tOlmSxozKg8
2026-06-23 19:16:17,549 | INFO | Search page URL: https://fjdefile.phila.gov/efsfjd/zk_fjd_public_qry_03.zp_dktrpt_setup_idx?uid=yhwXAesTyIolqsSYDxam&o=CjAbwOijS!rzHdb
2026-06-23 19:16:17,549 | INFO | Filling Case ID: 2510T0268
2026-06-23 19:16:17,685 | INFO | Submitting search...
2026-06-23 19:17:02,980 | INFO | Timeout waiting for result. Current URL: https://fjdefile.phila.gov/efsfjd/zk_fjd_public_qry_00.zp_main_idx?uid=yhwXAesTyIolqsSYDxam&o=FmA8tOlmSxozKg8
2026-06-23 19:17:03,190 | INFO | Debug saved: screenshots\redirected_main_page_2510T0268_20260623_191702.png
2026-06-23 19:17:03,190 | INFO | HTML saved: screenshots\redirected_main_page_2510T0268_20260623_191702.html
2026-06-23 19:17:03,190 | INFO | Attempt failed: Redirected to main page instead of result page
2026-06-23 19:17:03,190 | INFO | Waiting 2s before retry...
2026-06-23 19:17:05,191 | INFO | Attempt 2/2
2026-06-23 19:17:05,191 | INFO | Opening main page...
2026-06-23 19:17:06,967 | INFO | Main page URL: https://fjdefile.phila.gov/efsfjd/zk_fjd_public_qry_00.zp_main_idx
2026-06-23 19:17:07,516 | INFO | Search page URL: https://fjdefile.phila.gov/efsfjd/zk_fjd_public_qry_03.zp_dktrpt_setup_idx?uid=yhwXAesTyIolqsSYDxam&o=CjAbwOijS!rzHdb
2026-06-23 19:17:07,516 | INFO | Filling Case ID: 2510T0268
2026-06-23 19:17:07,657 | INFO | Submitting search...
2026-06-23 19:17:52,916 | INFO | Timeout waiting for result. Current URL: https://fjdefile.phila.gov/efsfjd/zk_fjd_public_qry_00.zp_main_idx?uid=yhwXAesTyIolqsSYDxam&o=FmA8tOlmSxozKg8
2026-06-23 19:17:53,120 | INFO | Debug saved: screenshots\redirected_main_page_2510T0268_20260623_191752.png
2026-06-23 19:17:53,120 | INFO | HTML saved: screenshots\redirected_main_page_2510T0268_20260623_191752.html
2026-06-23 19:17:53,121 | INFO | Attempt failed: Redirected to main page instead of result page
2026-06-23 19:17:53,121 | INFO | Failed after 2 attempts. Moving to next case.
2026-06-23 19:17:53,251 | INFO | Progress saved to: data\output\cases_results.xlsx
2026-06-23 19:17:53,252 | INFO | Progress index saved: 261
2026-06-23 19:17:53,252 | INFO | Waiting 2s before next case...
2026-06-23 19:17:55,253 | INFO | 
===== Batch item 2/10 =====
2026-06-23 19:17:55,253 | INFO | Real index: 262/1213
2026-06-23 19:17:55,254 | INFO | 
Scraping Case ID: 2510T0269
2026-06-23 19:17:55,254 | INFO | Attempt 1/2
2026-06-23 19:17:55,254 | INFO | Opening main page...
2026-06-23 19:17:56,588 | INFO | Main page URL: https://fjdefile.phila.gov/efsfjd/zk_fjd_public_qry_00.zp_main_idx
2026-06-23 19:17:57,242 | INFO | Search page URL: https://fjdefile.phila.gov/efsfjd/zk_fjd_public_qry_03.zp_dktrpt_setup_idx?uid=yhwXAesTyIolqsSYDxam&o=CjAbwOijS!rzHdb
2026-06-23 19:17:57,242 | INFO | Filling Case ID: 2510T0269
2026-06-23 19:17:57,396 | INFO | Submitting search...
2026-06-23 19:18:42,648 | INFO | Timeout waiting for result. Current URL: https://fjdefile.phila.gov/efsfjd/zk_fjd_public_qry_00.zp_main_idx?uid=yhwXAesTyIolqsSYDxam&o=FmA8tOlmSxozKg8
2026-06-23 19:18:42,791 | INFO | Debug saved: screenshots\redirected_main_page_2510T0269_20260623_191842.png
2026-06-23 19:18:42,791 | INFO | HTML saved: screenshots\redirected_main_page_2510T0269_20260623_191842.html
2026-06-23 19:18:42,792 | INFO | Attempt failed: Redirected to main page instead of result page
2026-06-23 19:18:42,792 | INFO | Waiting 2s before retry...
2026-06-23 19:18:44,792 | INFO | Attempt 2/2
2026-06-23 19:18:44,792 | INFO | Opening main page...
2026-06-23 19:18:46,827 | INFO | Main page URL: https://fjdefile.phila.gov/efsfjd/zk_fjd_public_qry_00.zp_main_idx
2026-06-23 19:18:47,496 | INFO | Search page URL: https://fjdefile.phila.gov/efsfjd/zk_fjd_public_qry_03.zp_dktrpt_setup_idx?uid=yhwXAesTyIolqsSYDxam&o=CjAbwOijS!rzHdb
2026-06-23 19:18:47,496 | INFO | Filling Case ID: 2510T0269
2026-06-23 19:18:47,633 | INFO | Submitting search...
2026-06-23 19:19:32,869 | INFO | Timeout waiting for result. Current URL: https://fjdefile.phila.gov/efsfjd/zk_fjd_public_qry_00.zp_main_idx?uid=yhwXAesTyIolqsSYDxam&o=FmA8tOlmSxozKg8
2026-06-23 19:19:33,055 | INFO | Debug saved: screenshots\redirected_main_page_2510T0269_20260623_191932.png
2026-06-23 19:19:33,055 | INFO | HTML saved: screenshots\redirected_main_page_2510T0269_20260623_191932.html
2026-06-23 19:19:33,056 | INFO | Attempt failed: Redirected to main page instead of result page
2026-06-23 19:19:33,056 | INFO | Failed after 2 attempts. Moving to next case.
2026-06-23 19:19:33,168 | INFO | Progress saved to: data\output\cases_results.xlsx
2026-06-23 19:19:33,169 | INFO | Progress index saved: 262
2026-06-23 19:19:33,169 | INFO | Waiting 2s before next case...
2026-06-23 19:19:35,170 | INFO | 
===== Batch item 3/10 =====
2026-06-23 19:19:35,170 | INFO | Real index: 263/1213
2026-06-23 19:19:35,170 | INFO | 
Scraping Case ID: 2510T0270
2026-06-23 19:19:35,170 | INFO | Attempt 1/2
2026-06-23 19:19:35,170 | INFO | Opening main page...
2026-06-23 19:19:38,054 | INFO | Main page URL: https://fjdefile.phila.gov/efsfjd/zk_fjd_public_qry_00.zp_main_idx
2026-06-23 19:19:38,745 | INFO | Search page URL: https://fjdefile.phila.gov/efsfjd/zk_fjd_public_qry_03.zp_dktrpt_setup_idx?uid=yhwXAesTyIolqsSYDxam&o=CjAbwOijS!rzHdb
2026-06-23 19:19:38,746 | INFO | Filling Case ID: 2510T0270
2026-06-23 19:19:38,877 | INFO | Submitting search...
2026-06-23 19:20:24,191 | INFO | Timeout waiting for result. Current URL: https://fjdefile.phila.gov/efsfjd/zk_fjd_public_qry_00.zp_main_idx?uid=yhwXAesTyIolqsSYDxam&o=FmA8tOlmSxozKg8
2026-06-23 19:20:24,357 | INFO | Debug saved: screenshots\redirected_main_page_2510T0270_20260623_192024.png
2026-06-23 19:20:24,358 | INFO | HTML saved: screenshots\redirected_main_page_2510T0270_20260623_192024.html
2026-06-23 19:20:24,358 | INFO | Attempt failed: Redirected to main page instead of result page
2026-06-23 19:20:24,358 | INFO | Waiting 2s before retry...
2026-06-23 19:20:26,359 | INFO | Attempt 2/2
2026-06-23 19:20:26,360 | INFO | Opening main page...
2026-06-23 19:20:28,410 | INFO | Main page URL: https://fjdefile.phila.gov/efsfjd/zk_fjd_public_qry_00.zp_main_idx
2026-06-23 19:20:28,975 | INFO | Search page URL: https://fjdefile.phila.gov/efsfjd/zk_fjd_public_qry_03.zp_dktrpt_setup_idx?uid=yhwXAesTyIolqsSYDxam&o=CjAbwOijS!rzHdb
2026-06-23 19:20:28,975 | INFO | Filling Case ID: 2510T0270
2026-06-23 19:20:29,114 | INFO | Submitting search...
2026-06-23 19:21:14,317 | INFO | Timeout waiting for result. Current URL: https://fjdefile.phila.gov/efsfjd/zk_fjd_public_qry_00.zp_main_idx?uid=yhwXAesTyIolqsSYDxam&o=FmA8tOlmSxozKg8
2026-06-23 19:21:14,510 | INFO | Debug saved: screenshots\redirected_main_page_2510T0270_20260623_192114.png
2026-06-23 19:21:14,510 | INFO | HTML saved: screenshots\redirected_main_page_2510T0270_20260623_192114.html
2026-06-23 19:21:14,510 | INFO | Attempt failed: Redirected to main page instead of result page
2026-06-23 19:21:14,510 | INFO | Failed after 2 attempts. Moving to next case.
2026-06-23 19:21:14,626 | INFO | Progress saved to: data\output\cases_results.xlsx
2026-06-23 19:21:14,627 | INFO | Progress index saved: 263
2026-06-23 19:21:14,628 | INFO | Waiting 2s before next case...
2026-06-23 19:21:16,629 | INFO | 
===== Batch item 4/10 =====
2026-06-23 19:21:16,629 | INFO | Real index: 264/1213
2026-06-23 19:21:16,629 | INFO | 
Scraping Case ID: 2510T0271
2026-06-23 19:21:16,630 | INFO | Attempt 1/2
2026-06-23 19:21:16,630 | INFO | Opening main page...
2026-06-23 19:21:18,610 | INFO | Main page URL: https://fjdefile.phila.gov/efsfjd/zk_fjd_public_qry_00.zp_main_idx
2026-06-23 19:21:19,056 | INFO | Search page URL: https://fjdefile.phila.gov/efsfjd/zk_fjd_public_qry_03.zp_dktrpt_setup_idx?uid=yhwXAesTyIolqsSYDxam&o=CjAbwOijS!rzHdb
2026-06-23 19:21:19,056 | INFO | Filling Case ID: 2510T0271
2026-06-23 19:21:19,183 | INFO | Submitting search...
2026-06-23 19:21:21,171 | INFO | Result URL: https://fjdefile.phila.gov/efsfjd/zk_fjd_public_qry_03.zp_dktrpt_search
2026-06-23 19:21:21,353 | INFO | Progress saved to: data\output\cases_results.xlsx
2026-06-23 19:21:21,354 | INFO | Progress index saved: 264
2026-06-23 19:21:21,355 | INFO | Waiting 2s before next case...
2026-06-23 19:21:23,355 | INFO | 
===== Batch item 5/10 =====
2026-06-23 19:21:23,356 | INFO | Real index: 265/1213
2026-06-23 19:21:23,356 | INFO | 
Scraping Case ID: 2510T0272
2026-06-23 19:21:23,356 | INFO | Attempt 1/2
2026-06-23 19:21:23,356 | INFO | Opening main page...
2026-06-23 19:21:24,728 | INFO | Main page URL: https://fjdefile.phila.gov/efsfjd/zk_fjd_public_qry_00.zp_main_idx
2026-06-23 19:21:25,159 | INFO | Search page URL: https://fjdefile.phila.gov/efsfjd/zk_fjd_public_qry_03.zp_dktrpt_setup_idx?uid=yhwXAesTyIolqsSYDxam&o=CjAbwOijS!rzHdb
2026-06-23 19:21:25,159 | INFO | Filling Case ID: 2510T0272
2026-06-23 19:21:25,276 | INFO | Submitting search...
2026-06-23 19:22:10,519 | INFO | Timeout waiting for result. Current URL: https://fjdefile.phila.gov/efsfjd/zk_fjd_public_qry_00.zp_main_idx?uid=yhwXAesTyIolqsSYDxam&o=FmA8tOlmSxozKg8
2026-06-23 19:22:10,690 | INFO | Debug saved: screenshots\redirected_main_page_2510T0272_20260623_192210.png
2026-06-23 19:22:10,690 | INFO | HTML saved: screenshots\redirected_main_page_2510T0272_20260623_192210.html
2026-06-23 19:22:10,690 | INFO | Attempt failed: Redirected to main page instead of result page
2026-06-23 19:22:10,690 | INFO | Waiting 2s before retry...
2026-06-23 19:22:12,691 | INFO | Attempt 2/2
2026-06-23 19:22:12,691 | INFO | Opening main page...
2026-06-23 19:22:14,520 | INFO | Main page URL: https://fjdefile.phila.gov/efsfjd/zk_fjd_public_qry_00.zp_main_idx
2026-06-23 19:22:15,010 | INFO | Search page URL: https://fjdefile.phila.gov/efsfjd/zk_fjd_public_qry_03.zp_dktrpt_setup_idx?uid=yhwXAesTyIolqsSYDxam&o=CjAbwOijS!rzHdb
2026-06-23 19:22:15,010 | INFO | Filling Case ID: 2510T0272
2026-06-23 19:22:15,133 | INFO | Submitting search...
2026-06-23 19:23:00,368 | INFO | Timeout waiting for result. Current URL: https://fjdefile.phila.gov/efsfjd/zk_fjd_public_qry_00.zp_main_idx?uid=yhwXAesTyIolqsSYDxam&o=FmA8tOlmSxozKg8
2026-06-23 19:23:00,515 | INFO | Debug saved: screenshots\redirected_main_page_2510T0272_20260623_192300.png
2026-06-23 19:23:00,515 | INFO | HTML saved: screenshots\redirected_main_page_2510T0272_20260623_192300.html
2026-06-23 19:23:00,515 | INFO | Attempt failed: Redirected to main page instead of result page
2026-06-23 19:23:00,515 | INFO | Failed after 2 attempts. Moving to next case.
2026-06-23 19:23:00,617 | INFO | Progress saved to: data\output\cases_results.xlsx
2026-06-23 19:23:00,618 | INFO | Progress index saved: 265
2026-06-23 19:23:00,618 | INFO | Waiting 2s before next case...
2026-06-23 19:23:02,619 | INFO | 
===== Batch item 6/10 =====
2026-06-23 19:23:02,620 | INFO | Real index: 266/1213
2026-06-23 19:23:02,620 | INFO | 
Scraping Case ID: 2510T0273
2026-06-23 19:23:02,620 | INFO | Attempt 1/2
2026-06-23 19:23:02,620 | INFO | Opening main page...
2026-06-23 19:23:04,523 | INFO | Main page URL: https://fjdefile.phila.gov/efsfjd/zk_fjd_public_qry_00.zp_main_idx
2026-06-23 19:23:04,937 | INFO | Search page URL: https://fjdefile.phila.gov/efsfjd/zk_fjd_public_qry_03.zp_dktrpt_setup_idx?uid=yhwXAesTyIolqsSYDxam&o=CjAbwOijS!rzHdb
2026-06-23 19:23:04,937 | INFO | Filling Case ID: 2510T0273
2026-06-23 19:23:05,052 | INFO | Submitting search...
2026-06-23 19:23:50,292 | INFO | Timeout waiting for result. Current URL: https://fjdefile.phila.gov/efsfjd/zk_fjd_public_qry_00.zp_main_idx?uid=yhwXAesTyIolqsSYDxam&o=FmA8tOlmSxozKg8
2026-06-23 19:23:50,501 | INFO | Debug saved: screenshots\redirected_main_page_2510T0273_20260623_192350.png
2026-06-23 19:23:50,502 | INFO | HTML saved: screenshots\redirected_main_page_2510T0273_20260623_192350.html
2026-06-23 19:23:50,502 | INFO | Attempt failed: Redirected to main page instead of result page
2026-06-23 19:23:50,502 | INFO | Waiting 2s before retry...
2026-06-23 19:23:52,503 | INFO | Attempt 2/2
2026-06-23 19:23:52,503 | INFO | Opening main page...
2026-06-23 19:23:54,144 | INFO | Main page URL: https://fjdefile.phila.gov/efsfjd/zk_fjd_public_qry_00.zp_main_idx
2026-06-23 19:23:54,601 | INFO | Search page URL: https://fjdefile.phila.gov/efsfjd/zk_fjd_public_qry_03.zp_dktrpt_setup_idx?uid=yhwXAesTyIolqsSYDxam&o=CjAbwOijS!rzHdb
2026-06-23 19:23:54,601 | INFO | Filling Case ID: 2510T0273
2026-06-23 19:23:54,738 | INFO | Submitting search...
2026-06-23 19:24:39,960 | INFO | Timeout waiting for result. Current URL: https://fjdefile.phila.gov/efsfjd/zk_fjd_public_qry_00.zp_main_idx?uid=yhwXAesTyIolqsSYDxam&o=FmA8tOlmSxozKg8
2026-06-23 19:24:40,166 | INFO | Debug saved: screenshots\redirected_main_page_2510T0273_20260623_192439.png
2026-06-23 19:24:40,166 | INFO | HTML saved: screenshots\redirected_main_page_2510T0273_20260623_192439.html
2026-06-23 19:24:40,167 | INFO | Attempt failed: Redirected to main page instead of result page
2026-06-23 19:24:40,167 | INFO | Failed after 2 attempts. Moving to next case.
2026-06-23 19:24:40,269 | INFO | Progress saved to: data\output\cases_results.xlsx
2026-06-23 19:24:40,271 | INFO | Progress index saved: 266
2026-06-23 19:24:40,271 | INFO | Waiting 2s before next case...
2026-06-23 19:24:42,275 | INFO | 
===== Batch item 7/10 =====
2026-06-23 19:24:42,276 | INFO | Real index: 267/1213
2026-06-23 19:24:42,277 | INFO | 
Scraping Case ID: 2510T0274
2026-06-23 19:24:42,277 | INFO | Attempt 1/2
2026-06-23 19:24:42,278 | INFO | Opening main page...
2026-06-23 19:24:43,985 | INFO | Main page URL: https://fjdefile.phila.gov/efsfjd/zk_fjd_public_qry_00.zp_main_idx
2026-06-23 19:24:44,461 | INFO | Search page URL: https://fjdefile.phila.gov/efsfjd/zk_fjd_public_qry_03.zp_dktrpt_setup_idx?uid=yhwXAesTyIolqsSYDxam&o=CjAbwOijS!rzHdb
2026-06-23 19:24:44,462 | INFO | Filling Case ID: 2510T0274
2026-06-23 19:24:44,578 | INFO | Submitting search...
2026-06-23 19:25:29,820 | INFO | Timeout waiting for result. Current URL: https://fjdefile.phila.gov/efsfjd/zk_fjd_public_qry_00.zp_main_idx?uid=yhwXAesTyIolqsSYDxam&o=FmA8tOlmSxozKg8
2026-06-23 19:25:29,963 | INFO | Debug saved: screenshots\redirected_main_page_2510T0274_20260623_192529.png
2026-06-23 19:25:29,963 | INFO | HTML saved: screenshots\redirected_main_page_2510T0274_20260623_192529.html
2026-06-23 19:25:29,963 | INFO | Attempt failed: Redirected to main page instead of result page
2026-06-23 19:25:29,964 | INFO | Waiting 2s before retry...
2026-06-23 19:25:31,964 | INFO | Attempt 2/2
2026-06-23 19:25:31,965 | INFO | Opening main page...
2026-06-23 19:25:33,825 | INFO | Main page URL: https://fjdefile.phila.gov/efsfjd/zk_fjd_public_qry_00.zp_main_idx
2026-06-23 19:25:34,417 | INFO | Search page URL: https://fjdefile.phila.gov/efsfjd/zk_fjd_public_qry_03.zp_dktrpt_setup_idx?uid=yhwXAesTyIolqsSYDxam&o=CjAbwOijS!rzHdb
2026-06-23 19:25:34,418 | INFO | Filling Case ID: 2510T0274
2026-06-23 19:25:34,560 | INFO | Submitting search...
2026-06-23 19:26:19,794 | INFO | Timeout waiting for result. Current URL: https://fjdefile.phila.gov/efsfjd/zk_fjd_public_qry_00.zp_main_idx?uid=yhwXAesTyIolqsSYDxam&o=FmA8tOlmSxozKg8
2026-06-23 19:26:19,945 | INFO | Debug saved: screenshots\redirected_main_page_2510T0274_20260623_192619.png
2026-06-23 19:26:19,946 | INFO | HTML saved: screenshots\redirected_main_page_2510T0274_20260623_192619.html
2026-06-23 19:26:19,946 | INFO | Attempt failed: Redirected to main page instead of result page
2026-06-23 19:26:19,946 | INFO | Failed after 2 attempts. Moving to next case.
2026-06-23 19:26:20,064 | INFO | Progress saved to: data\output\cases_results.xlsx
2026-06-23 19:26:20,065 | INFO | Progress index saved: 267
2026-06-23 19:26:20,065 | INFO | Waiting 2s before next case...
2026-06-23 19:26:22,066 | INFO | 
===== Batch item 8/10 =====
2026-06-23 19:26:22,067 | INFO | Real index: 268/1213
2026-06-23 19:26:22,067 | INFO | 
Scraping Case ID: 2510T0275
2026-06-23 19:26:22,068 | INFO | Attempt 1/2
2026-06-23 19:26:22,068 | INFO | Opening main page...
2026-06-23 19:26:25,765 | INFO | Main page URL: https://fjdefile.phila.gov/efsfjd/zk_fjd_public_qry_00.zp_main_idx
2026-06-23 19:26:27,591 | INFO | Search page URL: https://fjdefile.phila.gov/efsfjd/zk_fjd_public_qry_03.zp_dktrpt_setup_idx?uid=yhwXAesTyIolqsSYDxam&o=CjAbwOijS!rzHdb
2026-06-23 19:26:27,592 | INFO | Filling Case ID: 2510T0275
2026-06-23 19:26:27,704 | INFO | Submitting search...
2026-06-23 19:27:12,882 | INFO | Timeout waiting for result. Current URL: https://fjdefile.phila.gov/efsfjd/zk_fjd_public_qry_00.zp_main_idx?uid=yhwXAesTyIolqsSYDxam&o=FmA8tOlmSxozKg8
2026-06-23 19:27:13,077 | INFO | Debug saved: screenshots\redirected_main_page_2510T0275_20260623_192712.png
2026-06-23 19:27:13,077 | INFO | HTML saved: screenshots\redirected_main_page_2510T0275_20260623_192712.html
2026-06-23 19:27:13,077 | INFO | Attempt failed: Redirected to main page instead of result page
2026-06-23 19:27:13,077 | INFO | Waiting 2s before retry...
2026-06-23 19:27:15,078 | INFO | Attempt 2/2
2026-06-23 19:27:15,078 | INFO | Opening main page...
2026-06-23 19:27:16,777 | INFO | Main page URL: https://fjdefile.phila.gov/efsfjd/zk_fjd_public_qry_00.zp_main_idx
2026-06-23 19:27:17,222 | INFO | Search page URL: https://fjdefile.phila.gov/efsfjd/zk_fjd_public_qry_03.zp_dktrpt_setup_idx?uid=yhwXAesTyIolqsSYDxam&o=CjAbwOijS!rzHdb
2026-06-23 19:27:17,222 | INFO | Filling Case ID: 2510T0275
2026-06-23 19:27:17,346 | INFO | Submitting search...
2026-06-23 19:27:38,704 | INFO | Batch complete. Closing browser...
2026-06-23 19:31:13,860 | INFO | Columns found: ['Case ID']
2026-06-23 19:31:13,866 | INFO | Loaded 1213 Case IDs from data\input\case_ids.xlsx
2026-06-23 19:31:13,867 | INFO | Starting from index: 267
2026-06-23 19:31:13,867 | INFO | Processing this batch: 10 cases
2026-06-23 19:31:14,002 | INFO | Loaded existing output rows: 267
2026-06-23 19:31:15,552 | INFO | 
===== Batch item 1/10 =====
2026-06-23 19:31:15,558 | INFO | Real index: 268/1213
2026-06-23 19:31:15,560 | INFO | 
Scraping Case ID: 2510T0275
2026-06-23 19:31:15,562 | INFO | Attempt 1/2
2026-06-23 19:31:15,563 | INFO | Opening main page...
2026-06-23 19:31:20,344 | INFO | Main page URL: https://fjdefile.phila.gov/efsfjd/zk_fjd_public_qry_00.zp_main_idx?uid=t8s2KbqRzIolqsSYDxam&o=AdydBLjkTxozKg8
2026-06-23 19:31:20,943 | INFO | Search page URL: https://fjdefile.phila.gov/efsfjd/zk_fjd_public_qry_03.zp_dktrpt_setup_idx?uid=t8s2KbqRzIolqsSYDxam&o=zaygELghT!rzHdb
2026-06-23 19:31:20,943 | INFO | Filling Case ID: 2510T0275
2026-06-23 19:31:21,107 | INFO | Submitting search...
2026-06-23 19:32:06,313 | INFO | Timeout waiting for result. Current URL: https://fjdefile.phila.gov/efsfjd/zk_fjd_public_qry_00.zp_main_idx?uid=t8s2KbqRzIolqsSYDxam&o=AdydBLjkTxozKg8
2026-06-23 19:32:06,644 | INFO | Debug saved: screenshots\redirected_main_page_2510T0275_20260623_193206.png
2026-06-23 19:32:06,645 | INFO | HTML saved: screenshots\redirected_main_page_2510T0275_20260623_193206.html
2026-06-23 19:32:06,645 | INFO | Site redirected to main page.
2026-06-23 19:32:06,645 | INFO | Stopping main.py now so runner.py can restart from the same case.
2026-06-23 19:32:06,645 | INFO | Batch complete. Closing browser...
2026-06-23 19:32:14,071 | INFO | Columns found: ['Case ID']
2026-06-23 19:32:14,073 | INFO | Loaded 1213 Case IDs from data\input\case_ids.xlsx
2026-06-23 19:32:14,073 | INFO | Starting from index: 267
2026-06-23 19:32:14,073 | INFO | Processing this batch: 10 cases
2026-06-23 19:32:14,134 | INFO | Loaded existing output rows: 267
2026-06-23 19:32:15,423 | INFO | 
===== Batch item 1/10 =====
2026-06-23 19:32:15,424 | INFO | Real index: 268/1213
2026-06-23 19:32:15,424 | INFO | 
Scraping Case ID: 2510T0275
2026-06-23 19:32:15,424 | INFO | Attempt 1/2
2026-06-23 19:32:15,424 | INFO | Opening main page...
2026-06-23 19:32:20,817 | INFO | Main page URL: https://fjdefile.phila.gov/efsfjd/zk_fjd_public_qry_00.zp_main_idx?uid=_5hUNnqQwIolqsSYDxam&o=Ian5EXjjQxozKg8
2026-06-23 19:32:25,146 | INFO | Search page URL: https://fjdefile.phila.gov/efsfjd/zk_fjd_public_qry_03.zp_dktrpt_setup_idx?uid=_5hUNnqQwIolqsSYDxam&o=F7n8HXggQ!rzHdb
2026-06-23 19:32:25,147 | INFO | Filling Case ID: 2510T0275
2026-06-23 19:32:25,285 | INFO | Submitting search...
2026-06-23 19:33:05,360 | INFO | Batch complete. Closing browser...
2026-06-23 19:33:05,948 | ERROR | Task was destroyed but it is pending!
task: <Task pending name='Task-14' coro=<Page.close() done, defined at C:\Users\thinkpad\Desktop\steven-automation-scripts\venv\Lib\site-packages\playwright\_impl\_page.py:850> wait_for=<Future pending cb=[Task.task_wakeup()]> cb=[SyncBase._sync.<locals>.<lambda>() at C:\Users\thinkpad\Desktop\steven-automation-scripts\venv\Lib\site-packages\playwright\_impl\_sync_base.py:111, ProtocolCallback.__init__.<locals>.cb() at C:\Users\thinkpad\Desktop\steven-automation-scripts\venv\Lib\site-packages\playwright\_impl\_connection.py:230]>
2026-06-23 19:33:05,949 | ERROR | Task was destroyed but it is pending!
task: <Task pending name='Task-13' coro=<Page.wait_for_selector() done, defined at C:\Users\thinkpad\Desktop\steven-automation-scripts\venv\Lib\site-packages\playwright\_impl\_page.py:417> wait_for=<Future pending cb=[Task.task_wakeup()]> cb=[SyncBase._sync.<locals>.<lambda>() at C:\Users\thinkpad\Desktop\steven-automation-scripts\venv\Lib\site-packages\playwright\_impl\_sync_base.py:111, ProtocolCallback.__init__.<locals>.cb() at C:\Users\thinkpad\Desktop\steven-automation-scripts\venv\Lib\site-packages\playwright\_impl\_connection.py:230]>
2026-06-23 19:35:59,197 | INFO | Columns found: ['Case ID']
2026-06-23 19:35:59,204 | INFO | Loaded 1213 Case IDs from data\input\case_ids.xlsx
2026-06-23 19:35:59,204 | INFO | Starting from index: 267
2026-06-23 19:35:59,204 | INFO | Processing this batch: 10 cases
2026-06-23 19:35:59,268 | INFO | Loaded existing output rows: 267
2026-06-23 19:36:01,261 | INFO | 
===== Batch item 1/10 =====
2026-06-23 19:36:01,262 | INFO | Real index: 268/1213
2026-06-23 19:36:01,263 | INFO | 
Scraping Case ID: 2510T0275
2026-06-23 19:36:01,263 | INFO | Attempt 1/2
2026-06-23 19:36:01,263 | INFO | Opening main page...
2026-06-23 19:36:05,923 | INFO | Main page URL: https://fjdefile.phila.gov/efsfjd/zk_fjd_public_qry_00.zp_main_idx?uid=v9r0JdqSyIolqsSYDxam&o=CexbANjlSxozKg8
2026-06-23 19:36:06,655 | INFO | Search page URL: https://fjdefile.phila.gov/efsfjd/zk_fjd_public_qry_03.zp_dktrpt_setup_idx?uid=v9r0JdqSyIolqsSYDxam&o=_bxeDNgiS!rzHdb
2026-06-23 19:36:06,655 | INFO | Filling Case ID: 2510T0275
2026-06-23 19:36:06,798 | INFO | Submitting search...
2026-06-23 19:36:51,970 | INFO | Timeout waiting for result. Current URL: https://fjdefile.phila.gov/efsfjd/zk_fjd_public_qry_00.zp_main_idx?uid=v9r0JdqSyIolqsSYDxam&o=CexbANjlSxozKg8
2026-06-23 19:36:52,262 | INFO | Debug saved: screenshots\redirected_main_page_2510T0275_20260623_193651.png
2026-06-23 19:36:52,263 | INFO | HTML saved: screenshots\redirected_main_page_2510T0275_20260623_193651.html
2026-06-23 19:36:52,264 | INFO | Site redirected to main page.
2026-06-23 19:36:52,264 | INFO | Stopping main.py now so runner.py can restart from the same case.
2026-06-23 19:36:52,265 | INFO | Batch complete. Closing browser...
2026-06-23 19:37:00,300 | INFO | Columns found: ['Case ID']
2026-06-23 19:37:00,302 | INFO | Loaded 1213 Case IDs from data\input\case_ids.xlsx
2026-06-23 19:37:00,302 | INFO | Starting from index: 267
2026-06-23 19:37:00,302 | INFO | Processing this batch: 10 cases
2026-06-23 19:37:00,372 | INFO | Loaded existing output rows: 267
2026-06-23 19:37:02,136 | INFO | 
===== Batch item 1/10 =====
2026-06-23 19:37:02,138 | INFO | Real index: 268/1213
2026-06-23 19:37:02,141 | INFO | 
Scraping Case ID: 2510T0275
2026-06-23 19:37:02,142 | INFO | Attempt 1/2
2026-06-23 19:37:02,143 | INFO | Opening main page...
2026-06-23 19:37:05,841 | INFO | Main page URL: https://fjdefile.phila.gov/efsfjd/zk_fjd_public_qry_00.zp_main_idx?uid=q7u5LaoNBIolqsSYDxam&o=zc!gCKhgXxozKg8
2026-06-23 19:37:06,836 | INFO | Search page URL: https://fjdefile.phila.gov/efsfjd/zk_fjd_public_qry_03.zp_dktrpt_setup_idx?uid=q7u5LaoNBIolqsSYDxam&o=w9!jFKedX!rzHdb
2026-06-23 19:37:06,838 | INFO | Filling Case ID: 2510T0275
2026-06-23 19:37:07,094 | INFO | Submitting search...
2026-06-23 19:37:52,352 | INFO | Timeout waiting for result. Current URL: https://fjdefile.phila.gov/efsfjd/zk_fjd_public_qry_00.zp_main_idx?uid=q7u5LaoNBIolqsSYDxam&o=zc!gCKhgXxozKg8
2026-06-23 19:37:52,734 | INFO | Debug saved: screenshots\redirected_main_page_2510T0275_20260623_193752.png
2026-06-23 19:37:52,734 | INFO | HTML saved: screenshots\redirected_main_page_2510T0275_20260623_193752.html
2026-06-23 19:37:52,735 | INFO | Site redirected to main page.
2026-06-23 19:37:52,735 | INFO | Stopping main.py now so runner.py can restart from the same case.
2026-06-23 19:37:52,736 | INFO | Batch complete. Closing browser...
2026-06-23 19:38:03,357 | INFO | Columns found: ['Case ID']
2026-06-23 19:38:03,369 | INFO | Loaded 1213 Case IDs from data\input\case_ids.xlsx
2026-06-23 19:38:03,370 | INFO | Starting from index: 267
2026-06-23 19:38:03,372 | INFO | Processing this batch: 10 cases
2026-06-23 19:38:03,476 | INFO | Loaded existing output rows: 267
2026-06-23 19:38:06,779 | INFO | 
===== Batch item 1/10 =====
2026-06-23 19:38:06,780 | INFO | Real index: 268/1213
2026-06-23 19:38:06,780 | INFO | 
Scraping Case ID: 2510T0275
2026-06-23 19:38:06,782 | INFO | Attempt 1/2
2026-06-23 19:38:06,783 | INFO | Opening main page...
2026-06-23 19:38:11,440 | INFO | Main page URL: https://fjdefile.phila.gov/efsfjd/zk_fjd_public_qry_00.zp_main_idx?uid=x1hYRonHBIolqsSYDxam&o=E6n9IYgaXxozKg8
2026-06-23 19:38:12,724 | INFO | Search page URL: https://fjdefile.phila.gov/efsfjd/zk_fjd_public_qry_03.zp_dktrpt_setup_idx?uid=x1hYRonHBIolqsSYDxam&o=B3ncLYd7X!rzHdb
2026-06-23 19:38:12,724 | INFO | Filling Case ID: 2510T0275
2026-06-23 19:38:12,876 | INFO | Submitting search...
2026-06-23 19:38:58,253 | INFO | Timeout waiting for result. Current URL: https://fjdefile.phila.gov/efsfjd/zk_fjd_public_qry_03.zp_dktrpt_setup_idx?uid=x1hYRonHBIolqsSYDxam&o=B3ncLYd7X!rzHdb
2026-06-23 19:39:32,769 | INFO | Debug saved: screenshots\result_timeout_2510T0275_20260623_193929.png
2026-06-23 19:39:32,771 | INFO | HTML saved: screenshots\result_timeout_2510T0275_20260623_193929.html
2026-06-23 19:39:32,771 | INFO | Attempt failed: Result page did not load
2026-06-23 19:39:32,772 | INFO | Waiting 2s before retry...
2026-06-23 19:39:34,774 | INFO | Attempt 2/2
2026-06-23 19:39:34,780 | INFO | Opening main page...
2026-06-23 19:39:36,354 | INFO | Main page URL: https://fjdefile.phila.gov/efsfjd/zk_fjd_public_qry_00.zp_main_idx
2026-06-23 19:39:37,428 | INFO | Search page URL: https://fjdefile.phila.gov/efsfjd/zk_fjd_public_qry_03.zp_dktrpt_setup_idx?uid=x1hYRonHBIolqsSYDxam&o=B3ncLYd7X!rzHdb
2026-06-23 19:39:37,430 | INFO | Filling Case ID: 2510T0275
2026-06-23 19:39:37,624 | INFO | Submitting search...
2026-06-23 19:40:22,974 | INFO | Timeout waiting for result. Current URL: https://fjdefile.phila.gov/efsfjd/zk_fjd_public_qry_00.zp_main_idx?uid=x1hYRonHBIolqsSYDxam&o=E6n9IYgaXxozKg8
2026-06-23 19:40:23,172 | INFO | Debug saved: screenshots\redirected_main_page_2510T0275_20260623_194022.png
2026-06-23 19:40:23,172 | INFO | HTML saved: screenshots\redirected_main_page_2510T0275_20260623_194022.html
2026-06-23 19:40:23,172 | INFO | Site redirected to main page.
2026-06-23 19:40:23,173 | INFO | Stopping main.py now so runner.py can restart from the same case.
2026-06-23 19:40:23,174 | INFO | Batch complete. Closing browser...
2026-06-23 19:40:31,257 | INFO | Columns found: ['Case ID']
2026-06-23 19:40:31,262 | INFO | Loaded 1213 Case IDs from data\input\case_ids.xlsx
2026-06-23 19:40:31,262 | INFO | Starting from index: 267
2026-06-23 19:40:31,262 | INFO | Processing this batch: 10 cases
2026-06-23 19:40:31,323 | INFO | Loaded existing output rows: 267
2026-06-23 19:40:32,755 | INFO | 
===== Batch item 1/10 =====
2026-06-23 19:40:32,755 | INFO | Real index: 268/1213
2026-06-23 19:40:32,756 | INFO | 
Scraping Case ID: 2510T0275
2026-06-23 19:40:32,756 | INFO | Attempt 1/2
2026-06-23 19:40:32,756 | INFO | Opening main page...
2026-06-23 19:40:37,048 | INFO | Main page URL: https://fjdefile.phila.gov/efsfjd/zk_fjd_public_qry_00.zp_main_idx?uid=!cpVGgvQxIolqsSYDxam&o=Hhv6zQojRxozKg8
2026-06-23 19:40:37,947 | INFO | Search page URL: https://fjdefile.phila.gov/efsfjd/zk_fjd_public_qry_03.zp_dktrpt_setup_idx?uid=!cpVGgvQxIolqsSYDxam&o=Eev9AQlgR!rzHdb
2026-06-23 19:40:37,948 | INFO | Filling Case ID: 2510T0275
2026-06-23 19:40:38,152 | INFO | Submitting search...
2026-06-23 19:41:23,332 | INFO | Timeout waiting for result. Current URL: https://fjdefile.phila.gov/efsfjd/zk_fjd_public_qry_00.zp_main_idx?uid=!cpVGgvQxIolqsSYDxam&o=Hhv6zQojRxozKg8
2026-06-23 19:41:23,554 | INFO | Debug saved: screenshots\redirected_main_page_2510T0275_20260623_194123.png
2026-06-23 19:41:23,555 | INFO | HTML saved: screenshots\redirected_main_page_2510T0275_20260623_194123.html
2026-06-23 19:41:23,555 | INFO | Site redirected to main page.
2026-06-23 19:41:23,555 | INFO | Stopping main.py now so runner.py can restart from the same case.
2026-06-23 19:41:23,555 | INFO | Batch complete. Closing browser...
2026-06-23 19:41:30,672 | INFO | Columns found: ['Case ID']
2026-06-23 19:41:30,673 | INFO | Loaded 1213 Case IDs from data\input\case_ids.xlsx
2026-06-23 19:41:30,674 | INFO | Starting from index: 267
2026-06-23 19:41:30,674 | INFO | Processing this batch: 10 cases
2026-06-23 19:41:30,733 | INFO | Loaded existing output rows: 267
2026-06-23 19:41:31,850 | INFO | 
===== Batch item 1/10 =====
2026-06-23 19:41:31,852 | INFO | Real index: 268/1213
2026-06-23 19:41:31,852 | INFO | 
Scraping Case ID: 2510T0275
2026-06-23 19:41:31,852 | INFO | Attempt 1/2
2026-06-23 19:41:31,852 | INFO | Opening main page...
2026-06-23 19:41:37,237 | INFO | Main page URL: https://fjdefile.phila.gov/efsfjd/zk_fjd_public_qry_00.zp_main_idx?uid=zbpWHgwL!IolqsSYDxam&o=Ggv7!QpeUxozKg8
2026-06-23 19:41:37,767 | INFO | Search page URL: https://fjdefile.phila.gov/efsfjd/zk_fjd_public_qry_03.zp_dktrpt_setup_idx?uid=zbpWHgwL!IolqsSYDxam&o=DdvaBQmbU!rzHdb
2026-06-23 19:41:37,768 | INFO | Filling Case ID: 2510T0275
2026-06-23 19:41:37,905 | INFO | Submitting search...
2026-06-23 19:42:23,111 | INFO | Timeout waiting for result. Current URL: https://fjdefile.phila.gov/efsfjd/zk_fjd_public_qry_00.zp_main_idx?uid=zbpWHgwL!IolqsSYDxam&o=Ggv7!QpeUxozKg8
2026-06-23 19:42:23,309 | INFO | Debug saved: screenshots\redirected_main_page_2510T0275_20260623_194223.png
2026-06-23 19:42:23,310 | INFO | HTML saved: screenshots\redirected_main_page_2510T0275_20260623_194223.html
2026-06-23 19:42:23,310 | INFO | Site redirected to main page.
2026-06-23 19:42:23,310 | INFO | Stopping main.py now so runner.py can restart from the same case.
2026-06-23 19:42:23,310 | INFO | Batch complete. Closing browser...
2026-06-23 19:42:30,751 | INFO | Columns found: ['Case ID']
2026-06-23 19:42:30,754 | INFO | Loaded 1213 Case IDs from data\input\case_ids.xlsx
2026-06-23 19:42:30,754 | INFO | Starting from index: 267
2026-06-23 19:42:30,754 | INFO | Processing this batch: 10 cases
2026-06-23 19:42:30,812 | INFO | Loaded existing output rows: 267
2026-06-23 19:42:32,608 | INFO | 
===== Batch item 1/10 =====
2026-06-23 19:42:32,609 | INFO | Real index: 268/1213
2026-06-23 19:42:32,609 | INFO | 
Scraping Case ID: 2510T0275
2026-06-23 19:42:32,609 | INFO | Attempt 1/2
2026-06-23 19:42:32,610 | INFO | Opening main page...
2026-06-23 19:42:37,966 | INFO | Main page URL: https://fjdefile.phila.gov/efsfjd/zk_fjd_public_qry_00.zp_main_idx?uid=E7ePLsuLxIolqsSYDxam&o=Nck0C2neRxozKg8
2026-06-23 19:42:38,588 | INFO | Search page URL: https://fjdefile.phila.gov/efsfjd/zk_fjd_public_qry_03.zp_dktrpt_setup_idx?uid=E7ePLsuLxIolqsSYDxam&o=K9k3F2kbR!rzHdb
2026-06-23 19:42:38,589 | INFO | Filling Case ID: 2510T0275
2026-06-23 19:42:38,741 | INFO | Submitting search...
2026-06-23 19:43:23,973 | INFO | Timeout waiting for result. Current URL: https://fjdefile.phila.gov/efsfjd/zk_fjd_public_qry_00.zp_main_idx?uid=E7ePLsuLxIolqsSYDxam&o=Nck0C2neRxozKg8
2026-06-23 19:43:24,250 | INFO | Debug saved: screenshots\redirected_main_page_2510T0275_20260623_194323.png
2026-06-23 19:43:24,250 | INFO | HTML saved: screenshots\redirected_main_page_2510T0275_20260623_194323.html
2026-06-23 19:43:24,250 | INFO | Site redirected to main page.
2026-06-23 19:43:24,251 | INFO | Stopping main.py now so runner.py can restart from the same case.
2026-06-23 19:43:24,251 | INFO | Batch complete. Closing browser...
2026-06-23 19:43:44,602 | INFO | Columns found: ['Case ID']
2026-06-23 19:43:44,604 | INFO | Loaded 1213 Case IDs from data\input\case_ids.xlsx
2026-06-23 19:43:44,605 | INFO | Starting from index: 267
2026-06-23 19:43:44,605 | INFO | Processing this batch: 10 cases
2026-06-23 19:43:44,668 | INFO | Loaded existing output rows: 267
2026-06-23 19:43:46,988 | INFO | 
===== Batch item 1/10 =====
2026-06-23 19:43:46,989 | INFO | Real index: 268/1213
2026-06-23 19:43:46,989 | INFO | 
Scraping Case ID: 2510T0275
2026-06-23 19:43:46,989 | INFO | Attempt 1/2
2026-06-23 19:43:46,990 | INFO | Opening main page...
2026-06-23 19:43:51,465 | INFO | Main page URL: https://fjdefile.phila.gov/efsfjd/zk_fjd_public_qry_00.zp_main_idx?uid=!9mVJksNzIolqsSYDxam&o=Hes6AUlgTxozKg8
2026-06-23 19:43:52,202 | INFO | Search page URL: https://fjdefile.phila.gov/efsfjd/zk_fjd_public_qry_03.zp_dktrpt_setup_idx?uid=!9mVJksNzIolqsSYDxam&o=Ebs9DUidT!rzHdb
2026-06-23 19:43:52,203 | INFO | Filling Case ID: 2510T0275
2026-06-23 19:43:52,383 | INFO | Submitting search...
2026-06-23 19:44:37,598 | INFO | Timeout waiting for result. Current URL: https://fjdefile.phila.gov/efsfjd/zk_fjd_public_qry_00.zp_main_idx?uid=!9mVJksNzIolqsSYDxam&o=Hes6AUlgTxozKg8
2026-06-23 19:44:37,798 | INFO | Debug saved: screenshots\redirected_main_page_2510T0275_20260623_194437.png
2026-06-23 19:44:37,798 | INFO | HTML saved: screenshots\redirected_main_page_2510T0275_20260623_194437.html
2026-06-23 19:44:37,799 | INFO | Attempt failed: Redirected to main page instead of result page
2026-06-23 19:44:37,799 | INFO | Waiting 2s before retry...
2026-06-23 19:44:39,801 | INFO | Attempt 2/2
2026-06-23 19:44:39,802 | INFO | Opening main page...
2026-06-23 19:44:41,429 | INFO | Main page URL: https://fjdefile.phila.gov/efsfjd/zk_fjd_public_qry_00.zp_main_idx
2026-06-23 19:44:41,850 | INFO | Search page URL: https://fjdefile.phila.gov/efsfjd/zk_fjd_public_qry_03.zp_dktrpt_setup_idx?uid=!9mVJksNzIolqsSYDxam&o=Ebs9DUidT!rzHdb
2026-06-23 19:44:41,850 | INFO | Filling Case ID: 2510T0275
2026-06-23 19:44:41,992 | INFO | Submitting search...
2026-06-23 19:45:27,190 | INFO | Timeout waiting for result. Current URL: https://fjdefile.phila.gov/efsfjd/zk_fjd_public_qry_00.zp_main_idx?uid=!9mVJksNzIolqsSYDxam&o=Hes6AUlgTxozKg8
2026-06-23 19:45:27,381 | INFO | Debug saved: screenshots\redirected_main_page_2510T0275_20260623_194527.png
2026-06-23 19:45:27,381 | INFO | HTML saved: screenshots\redirected_main_page_2510T0275_20260623_194527.html
2026-06-23 19:45:27,381 | INFO | Attempt failed: Redirected to main page instead of result page
2026-06-23 19:45:27,382 | INFO | Failed after 2 attempts. Moving to next case.
2026-06-23 19:45:27,620 | INFO | Progress saved to: data\output\cases_results.xlsx
2026-06-23 19:45:27,621 | INFO | Progress index saved: 268
2026-06-23 19:45:27,622 | INFO | Waiting 2s before next case...
2026-06-23 19:45:29,623 | INFO | 
===== Batch item 2/10 =====
2026-06-23 19:45:29,623 | INFO | Real index: 269/1213
2026-06-23 19:45:29,624 | INFO | 
Scraping Case ID: 2510T0276
2026-06-23 19:45:29,624 | INFO | Attempt 1/2
2026-06-23 19:45:29,624 | INFO | Opening main page...
2026-06-23 19:45:31,538 | INFO | Main page URL: https://fjdefile.phila.gov/efsfjd/zk_fjd_public_qry_00.zp_main_idx
2026-06-23 19:45:32,158 | INFO | Search page URL: https://fjdefile.phila.gov/efsfjd/zk_fjd_public_qry_03.zp_dktrpt_setup_idx?uid=!9mVJksNzIolqsSYDxam&o=Ebs9DUidT!rzHdb
2026-06-23 19:45:32,159 | INFO | Filling Case ID: 2510T0276
2026-06-23 19:45:32,286 | INFO | Submitting search...
2026-06-23 19:46:17,481 | INFO | Timeout waiting for result. Current URL: https://fjdefile.phila.gov/efsfjd/zk_fjd_public_qry_00.zp_main_idx?uid=!9mVJksNzIolqsSYDxam&o=Hes6AUlgTxozKg8
2026-06-23 19:46:17,678 | INFO | Debug saved: screenshots\redirected_main_page_2510T0276_20260623_194617.png
2026-06-23 19:46:17,678 | INFO | HTML saved: screenshots\redirected_main_page_2510T0276_20260623_194617.html
2026-06-23 19:46:17,679 | INFO | Attempt failed: Redirected to main page instead of result page
2026-06-23 19:46:17,679 | INFO | Waiting 2s before retry...
2026-06-23 19:46:19,679 | INFO | Attempt 2/2
2026-06-23 19:46:19,680 | INFO | Opening main page...
2026-06-23 19:46:21,539 | INFO | Main page URL: https://fjdefile.phila.gov/efsfjd/zk_fjd_public_qry_00.zp_main_idx
2026-06-23 19:46:22,226 | INFO | Search page URL: https://fjdefile.phila.gov/efsfjd/zk_fjd_public_qry_03.zp_dktrpt_setup_idx?uid=!9mVJksNzIolqsSYDxam&o=Ebs9DUidT!rzHdb
2026-06-23 19:46:22,226 | INFO | Filling Case ID: 2510T0276
2026-06-23 19:46:22,359 | INFO | Submitting search...
2026-06-23 19:47:07,663 | INFO | Timeout waiting for result. Current URL: https://fjdefile.phila.gov/efsfjd/zk_fjd_public_qry_00.zp_main_idx?uid=!9mVJksNzIolqsSYDxam&o=Hes6AUlgTxozKg8
2026-06-23 19:47:07,854 | INFO | Debug saved: screenshots\redirected_main_page_2510T0276_20260623_194707.png
2026-06-23 19:47:07,854 | INFO | HTML saved: screenshots\redirected_main_page_2510T0276_20260623_194707.html
2026-06-23 19:47:07,854 | INFO | Attempt failed: Redirected to main page instead of result page
2026-06-23 19:47:07,855 | INFO | Failed after 2 attempts. Moving to next case.
2026-06-23 19:47:07,960 | INFO | Progress saved to: data\output\cases_results.xlsx
2026-06-23 19:47:07,962 | INFO | Progress index saved: 269
2026-06-23 19:47:07,963 | INFO | Waiting 2s before next case...
2026-06-23 19:47:09,964 | INFO | 
===== Batch item 3/10 =====
2026-06-23 19:47:09,965 | INFO | Real index: 270/1213
2026-06-23 19:47:09,965 | INFO | 
Scraping Case ID: 2510T0277
2026-06-23 19:47:09,966 | INFO | Attempt 1/2
2026-06-23 19:47:09,966 | INFO | Opening main page...
2026-06-23 19:47:11,891 | INFO | Main page URL: https://fjdefile.phila.gov/efsfjd/zk_fjd_public_qry_00.zp_main_idx
2026-06-23 19:47:12,502 | INFO | Search page URL: https://fjdefile.phila.gov/efsfjd/zk_fjd_public_qry_03.zp_dktrpt_setup_idx?uid=!9mVJksNzIolqsSYDxam&o=Ebs9DUidT!rzHdb
2026-06-23 19:47:12,502 | INFO | Filling Case ID: 2510T0277
2026-06-23 19:47:12,627 | INFO | Submitting search...
2026-06-23 19:47:57,924 | INFO | Timeout waiting for result. Current URL: https://fjdefile.phila.gov/efsfjd/zk_fjd_public_qry_00.zp_main_idx?uid=!9mVJksNzIolqsSYDxam&o=Hes6AUlgTxozKg8
2026-06-23 19:47:58,075 | INFO | Debug saved: screenshots\redirected_main_page_2510T0277_20260623_194757.png
2026-06-23 19:47:58,076 | INFO | HTML saved: screenshots\redirected_main_page_2510T0277_20260623_194757.html
2026-06-23 19:47:58,076 | INFO | Attempt failed: Redirected to main page instead of result page
2026-06-23 19:47:58,076 | INFO | Waiting 2s before retry...
2026-06-23 19:48:00,076 | INFO | Attempt 2/2
2026-06-23 19:48:00,077 | INFO | Opening main page...
2026-06-23 19:48:01,839 | INFO | Main page URL: https://fjdefile.phila.gov/efsfjd/zk_fjd_public_qry_00.zp_main_idx
2026-06-23 19:48:02,377 | INFO | Search page URL: https://fjdefile.phila.gov/efsfjd/zk_fjd_public_qry_03.zp_dktrpt_setup_idx?uid=!9mVJksNzIolqsSYDxam&o=Ebs9DUidT!rzHdb
2026-06-23 19:48:02,377 | INFO | Filling Case ID: 2510T0277
2026-06-23 19:48:02,512 | INFO | Submitting search...
2026-06-23 19:48:47,705 | INFO | Timeout waiting for result. Current URL: https://fjdefile.phila.gov/efsfjd/zk_fjd_public_qry_00.zp_main_idx?uid=!9mVJksNzIolqsSYDxam&o=Hes6AUlgTxozKg8
2026-06-23 19:48:47,887 | INFO | Debug saved: screenshots\redirected_main_page_2510T0277_20260623_194847.png
2026-06-23 19:48:47,888 | INFO | HTML saved: screenshots\redirected_main_page_2510T0277_20260623_194847.html
2026-06-23 19:48:47,888 | INFO | Attempt failed: Redirected to main page instead of result page
2026-06-23 19:48:47,888 | INFO | Failed after 2 attempts. Moving to next case.
2026-06-23 19:48:48,014 | INFO | Progress saved to: data\output\cases_results.xlsx
2026-06-23 19:48:48,015 | INFO | Progress index saved: 270
2026-06-23 19:48:48,016 | INFO | Waiting 2s before next case...
2026-06-23 19:48:50,017 | INFO | 
===== Batch item 4/10 =====
2026-06-23 19:48:50,017 | INFO | Real index: 271/1213
2026-06-23 19:48:50,018 | INFO | 
Scraping Case ID: 2510T0278
2026-06-23 19:48:50,018 | INFO | Attempt 1/2
2026-06-23 19:48:50,018 | INFO | Opening main page...
2026-06-23 19:48:52,726 | INFO | Main page URL: https://fjdefile.phila.gov/efsfjd/zk_fjd_public_qry_00.zp_main_idx
2026-06-23 19:48:54,092 | INFO | Search page URL: https://fjdefile.phila.gov/efsfjd/zk_fjd_public_qry_03.zp_dktrpt_setup_idx?uid=!9mVJksNzIolqsSYDxam&o=Ebs9DUidT!rzHdb
2026-06-23 19:48:54,093 | INFO | Filling Case ID: 2510T0278
2026-06-23 19:48:54,236 | INFO | Submitting search...
2026-06-23 19:49:39,472 | INFO | Timeout waiting for result. Current URL: https://fjdefile.phila.gov/efsfjd/zk_fjd_public_qry_00.zp_main_idx?uid=!9mVJksNzIolqsSYDxam&o=Hes6AUlgTxozKg8
2026-06-23 19:49:39,640 | INFO | Debug saved: screenshots\redirected_main_page_2510T0278_20260623_194939.png
2026-06-23 19:49:39,640 | INFO | HTML saved: screenshots\redirected_main_page_2510T0278_20260623_194939.html
2026-06-23 19:49:39,640 | INFO | Attempt failed: Redirected to main page instead of result page
2026-06-23 19:49:39,640 | INFO | Waiting 2s before retry...
2026-06-23 19:49:41,640 | INFO | Attempt 2/2
2026-06-23 19:49:41,641 | INFO | Opening main page...
2026-06-23 19:49:43,368 | INFO | Main page URL: https://fjdefile.phila.gov/efsfjd/zk_fjd_public_qry_00.zp_main_idx
2026-06-23 19:49:44,125 | INFO | Search page URL: https://fjdefile.phila.gov/efsfjd/zk_fjd_public_qry_03.zp_dktrpt_setup_idx?uid=!9mVJksNzIolqsSYDxam&o=Ebs9DUidT!rzHdb
2026-06-23 19:49:44,125 | INFO | Filling Case ID: 2510T0278
2026-06-23 19:49:44,264 | INFO | Submitting search...
2026-06-23 19:50:29,518 | INFO | Timeout waiting for result. Current URL: https://fjdefile.phila.gov/efsfjd/zk_fjd_public_qry_00.zp_main_idx?uid=!9mVJksNzIolqsSYDxam&o=Hes6AUlgTxozKg8
2026-06-23 19:50:29,703 | INFO | Debug saved: screenshots\redirected_main_page_2510T0278_20260623_195029.png
2026-06-23 19:50:29,704 | INFO | HTML saved: screenshots\redirected_main_page_2510T0278_20260623_195029.html
2026-06-23 19:50:29,704 | INFO | Attempt failed: Redirected to main page instead of result page
2026-06-23 19:50:29,704 | INFO | Failed after 2 attempts. Moving to next case.
2026-06-23 19:50:29,810 | INFO | Progress saved to: data\output\cases_results.xlsx
2026-06-23 19:50:29,812 | INFO | Progress index saved: 271
2026-06-23 19:50:29,812 | INFO | Waiting 2s before next case...
2026-06-23 19:50:31,813 | INFO | 
===== Batch item 5/10 =====
2026-06-23 19:50:31,816 | INFO | Real index: 272/1213
2026-06-23 19:50:31,818 | INFO | 
Scraping Case ID: 2510T0279
2026-06-23 19:50:31,819 | INFO | Attempt 1/2
2026-06-23 19:50:31,819 | INFO | Opening main page...
2026-06-23 19:50:33,809 | INFO | Main page URL: https://fjdefile.phila.gov/efsfjd/zk_fjd_public_qry_00.zp_main_idx
2026-06-23 19:50:34,357 | INFO | Search page URL: https://fjdefile.phila.gov/efsfjd/zk_fjd_public_qry_03.zp_dktrpt_setup_idx?uid=!9mVJksNzIolqsSYDxam&o=Ebs9DUidT!rzHdb
2026-06-23 19:50:34,357 | INFO | Filling Case ID: 2510T0279
2026-06-23 19:50:34,480 | INFO | Submitting search...
2026-06-23 19:51:19,755 | INFO | Timeout waiting for result. Current URL: https://fjdefile.phila.gov/efsfjd/zk_fjd_public_qry_00.zp_main_idx?uid=!9mVJksNzIolqsSYDxam&o=Hes6AUlgTxozKg8
2026-06-23 19:51:19,992 | INFO | Debug saved: screenshots\redirected_main_page_2510T0279_20260623_195119.png
2026-06-23 19:51:19,992 | INFO | HTML saved: screenshots\redirected_main_page_2510T0279_20260623_195119.html
2026-06-23 19:51:19,993 | INFO | Attempt failed: Redirected to main page instead of result page
2026-06-23 19:51:19,993 | INFO | Waiting 2s before retry...
2026-06-23 19:51:21,995 | INFO | Attempt 2/2
2026-06-23 19:51:21,995 | INFO | Opening main page...
2026-06-23 19:51:23,895 | INFO | Main page URL: https://fjdefile.phila.gov/efsfjd/zk_fjd_public_qry_00.zp_main_idx
2026-06-23 19:51:24,595 | INFO | Search page URL: https://fjdefile.phila.gov/efsfjd/zk_fjd_public_qry_03.zp_dktrpt_setup_idx?uid=!9mVJksNzIolqsSYDxam&o=Ebs9DUidT!rzHdb
2026-06-23 19:51:24,595 | INFO | Filling Case ID: 2510T0279
2026-06-23 19:51:24,738 | INFO | Submitting search...
2026-06-23 19:52:09,951 | INFO | Timeout waiting for result. Current URL: https://fjdefile.phila.gov/efsfjd/zk_fjd_public_qry_00.zp_main_idx?uid=!9mVJksNzIolqsSYDxam&o=Hes6AUlgTxozKg8
2026-06-23 19:52:10,108 | INFO | Debug saved: screenshots\redirected_main_page_2510T0279_20260623_195209.png
2026-06-23 19:52:10,108 | INFO | HTML saved: screenshots\redirected_main_page_2510T0279_20260623_195209.html
2026-06-23 19:52:10,109 | INFO | Attempt failed: Redirected to main page instead of result page
2026-06-23 19:52:10,109 | INFO | Failed after 2 attempts. Moving to next case.
2026-06-23 19:52:10,219 | INFO | Progress saved to: data\output\cases_results.xlsx
2026-06-23 19:52:10,220 | INFO | Progress index saved: 272
2026-06-23 19:52:10,221 | INFO | 
5 failures in a row. Cooling down for 20s...
2026-06-23 19:52:30,222 | INFO | Waiting 2s before next case...
2026-06-23 19:52:32,224 | INFO | 
===== Batch item 6/10 =====
2026-06-23 19:52:32,225 | INFO | Real index: 273/1213
2026-06-23 19:52:32,225 | INFO | 
Scraping Case ID: 2510T0280
2026-06-23 19:52:32,225 | INFO | Attempt 1/2
2026-06-23 19:52:32,226 | INFO | Opening main page...
2026-06-23 19:52:34,227 | INFO | Main page URL: https://fjdefile.phila.gov/efsfjd/zk_fjd_public_qry_00.zp_main_idx
2026-06-23 19:52:34,816 | INFO | Search page URL: https://fjdefile.phila.gov/efsfjd/zk_fjd_public_qry_03.zp_dktrpt_setup_idx?uid=!9mVJksNzIolqsSYDxam&o=Ebs9DUidT!rzHdb
2026-06-23 19:52:34,817 | INFO | Filling Case ID: 2510T0280
2026-06-23 19:52:34,946 | INFO | Submitting search...
2026-06-23 19:53:20,251 | INFO | Timeout waiting for result. Current URL: https://fjdefile.phila.gov/efsfjd/zk_fjd_public_qry_00.zp_main_idx?uid=!9mVJksNzIolqsSYDxam&o=Hes6AUlgTxozKg8
2026-06-23 19:53:20,424 | INFO | Debug saved: screenshots\redirected_main_page_2510T0280_20260623_195320.png
2026-06-23 19:53:20,424 | INFO | HTML saved: screenshots\redirected_main_page_2510T0280_20260623_195320.html
2026-06-23 19:53:20,425 | INFO | Attempt failed: Redirected to main page instead of result page
2026-06-23 19:53:20,425 | INFO | Waiting 2s before retry...
2026-06-23 19:53:22,426 | INFO | Attempt 2/2
2026-06-23 19:53:22,426 | INFO | Opening main page...
2026-06-23 19:53:24,286 | INFO | Main page URL: https://fjdefile.phila.gov/efsfjd/zk_fjd_public_qry_00.zp_main_idx
2026-06-23 19:53:24,938 | INFO | Search page URL: https://fjdefile.phila.gov/efsfjd/zk_fjd_public_qry_03.zp_dktrpt_setup_idx?uid=!9mVJksNzIolqsSYDxam&o=Ebs9DUidT!rzHdb
2026-06-23 19:53:24,939 | INFO | Filling Case ID: 2510T0280
2026-06-23 19:53:25,107 | INFO | Submitting search...
2026-06-23 19:54:10,317 | INFO | Timeout waiting for result. Current URL: https://fjdefile.phila.gov/efsfjd/zk_fjd_public_qry_00.zp_main_idx?uid=!9mVJksNzIolqsSYDxam&o=Hes6AUlgTxozKg8
2026-06-23 19:54:10,523 | INFO | Debug saved: screenshots\redirected_main_page_2510T0280_20260623_195410.png
2026-06-23 19:54:10,523 | INFO | HTML saved: screenshots\redirected_main_page_2510T0280_20260623_195410.html
2026-06-23 19:54:10,523 | INFO | Attempt failed: Redirected to main page instead of result page
2026-06-23 19:54:10,523 | INFO | Failed after 2 attempts. Moving to next case.
2026-06-23 19:54:10,704 | INFO | Progress saved to: data\output\cases_results.xlsx
2026-06-23 19:54:10,706 | INFO | Progress index saved: 273
2026-06-23 19:54:10,706 | INFO | Waiting 2s before next case...
2026-06-23 19:54:12,706 | INFO | 
===== Batch item 7/10 =====
2026-06-23 19:54:12,707 | INFO | Real index: 274/1213
2026-06-23 19:54:12,707 | INFO | 
Scraping Case ID: 2510T0281
2026-06-23 19:54:12,707 | INFO | Attempt 1/2
2026-06-23 19:54:12,708 | INFO | Opening main page...
2026-06-23 19:54:15,079 | INFO | Main page URL: https://fjdefile.phila.gov/efsfjd/zk_fjd_public_qry_00.zp_main_idx
2026-06-23 19:54:15,561 | INFO | Search page URL: https://fjdefile.phila.gov/efsfjd/zk_fjd_public_qry_03.zp_dktrpt_setup_idx?uid=!9mVJksNzIolqsSYDxam&o=Ebs9DUidT!rzHdb
2026-06-23 19:54:15,561 | INFO | Filling Case ID: 2510T0281
2026-06-23 19:54:15,678 | INFO | Submitting search...
2026-06-23 19:54:17,740 | INFO | Result URL: https://fjdefile.phila.gov/efsfjd/zk_fjd_public_qry_03.zp_dktrpt_search
2026-06-23 19:54:18,016 | INFO | Progress saved to: data\output\cases_results.xlsx
2026-06-23 19:54:18,018 | INFO | Progress index saved: 274
2026-06-23 19:54:18,018 | INFO | Waiting 2s before next case...
2026-06-23 19:54:20,019 | INFO | 
===== Batch item 8/10 =====
2026-06-23 19:54:20,020 | INFO | Real index: 275/1213
2026-06-23 19:54:20,020 | INFO | 
Scraping Case ID: 2510T0282
2026-06-23 19:54:20,020 | INFO | Attempt 1/2
2026-06-23 19:54:20,021 | INFO | Opening main page...
2026-06-23 19:54:21,389 | INFO | Main page URL: https://fjdefile.phila.gov/efsfjd/zk_fjd_public_qry_00.zp_main_idx
2026-06-23 19:54:21,958 | INFO | Search page URL: https://fjdefile.phila.gov/efsfjd/zk_fjd_public_qry_03.zp_dktrpt_setup_idx?uid=!9mVJksNzIolqsSYDxam&o=Ebs9DUidT!rzHdb
2026-06-23 19:54:21,959 | INFO | Filling Case ID: 2510T0282
2026-06-23 19:54:22,103 | INFO | Submitting search...
2026-06-23 19:54:24,919 | INFO | Result URL: https://fjdefile.phila.gov/efsfjd/zk_fjd_public_qry_03.zp_dktrpt_search
2026-06-23 19:54:25,684 | INFO | Progress saved to: data\output\cases_results.xlsx
2026-06-23 19:54:25,687 | INFO | Progress index saved: 275
2026-06-23 19:54:25,687 | INFO | Waiting 2s before next case...
2026-06-23 19:54:27,688 | INFO | 
===== Batch item 9/10 =====
2026-06-23 19:54:27,689 | INFO | Real index: 276/1213
2026-06-23 19:54:27,689 | INFO | 
Scraping Case ID: 2510T0283
2026-06-23 19:54:27,689 | INFO | Attempt 1/2
2026-06-23 19:54:27,689 | INFO | Opening main page...
2026-06-23 19:54:29,097 | INFO | Main page URL: https://fjdefile.phila.gov/efsfjd/zk_fjd_public_qry_00.zp_main_idx
2026-06-23 19:54:29,506 | INFO | Search page URL: https://fjdefile.phila.gov/efsfjd/zk_fjd_public_qry_03.zp_dktrpt_setup_idx?uid=!9mVJksNzIolqsSYDxam&o=Ebs9DUidT!rzHdb
2026-06-23 19:54:29,506 | INFO | Filling Case ID: 2510T0283
2026-06-23 19:54:29,637 | INFO | Submitting search...
2026-06-23 19:55:14,848 | INFO | Timeout waiting for result. Current URL: https://fjdefile.phila.gov/efsfjd/zk_fjd_public_qry_00.zp_main_idx?uid=!9mVJksNzIolqsSYDxam&o=Hes6AUlgTxozKg8
2026-06-23 19:55:15,022 | INFO | Debug saved: screenshots\redirected_main_page_2510T0283_20260623_195514.png
2026-06-23 19:55:15,022 | INFO | HTML saved: screenshots\redirected_main_page_2510T0283_20260623_195514.html
2026-06-23 19:55:15,022 | INFO | Attempt failed: Redirected to main page instead of result page
2026-06-23 19:55:15,023 | INFO | Waiting 2s before retry...
2026-06-23 19:55:17,023 | INFO | Attempt 2/2
2026-06-23 19:55:17,024 | INFO | Opening main page...
2026-06-23 19:55:18,706 | INFO | Main page URL: https://fjdefile.phila.gov/efsfjd/zk_fjd_public_qry_00.zp_main_idx
2026-06-23 19:55:19,082 | INFO | Search page URL: https://fjdefile.phila.gov/efsfjd/zk_fjd_public_qry_03.zp_dktrpt_setup_idx?uid=!9mVJksNzIolqsSYDxam&o=Ebs9DUidT!rzHdb
2026-06-23 19:55:19,082 | INFO | Filling Case ID: 2510T0283
2026-06-23 19:55:19,192 | INFO | Submitting search...
2026-06-23 19:56:04,418 | INFO | Timeout waiting for result. Current URL: https://fjdefile.phila.gov/efsfjd/zk_fjd_public_qry_00.zp_main_idx?uid=!9mVJksNzIolqsSYDxam&o=Hes6AUlgTxozKg8
2026-06-23 19:56:04,584 | INFO | Debug saved: screenshots\redirected_main_page_2510T0283_20260623_195604.png
2026-06-23 19:56:04,584 | INFO | HTML saved: screenshots\redirected_main_page_2510T0283_20260623_195604.html
2026-06-23 19:56:04,584 | INFO | Attempt failed: Redirected to main page instead of result page
2026-06-23 19:56:04,585 | INFO | Failed after 2 attempts. Moving to next case.
2026-06-23 19:56:04,690 | INFO | Progress saved to: data\output\cases_results.xlsx
2026-06-23 19:56:04,691 | INFO | Progress index saved: 276
2026-06-23 19:56:04,692 | INFO | Waiting 2s before next case...
2026-06-23 19:56:06,693 | INFO | 
===== Batch item 10/10 =====
2026-06-23 19:56:06,693 | INFO | Real index: 277/1213
2026-06-23 19:56:06,694 | INFO | 
Scraping Case ID: 2510T0284
2026-06-23 19:56:06,694 | INFO | Attempt 1/2
2026-06-23 19:56:06,694 | INFO | Opening main page...
2026-06-23 19:56:09,384 | INFO | Main page URL: https://fjdefile.phila.gov/efsfjd/zk_fjd_public_qry_00.zp_main_idx
2026-06-23 19:56:09,910 | INFO | Search page URL: https://fjdefile.phila.gov/efsfjd/zk_fjd_public_qry_03.zp_dktrpt_setup_idx?uid=!9mVJksNzIolqsSYDxam&o=Ebs9DUidT!rzHdb
2026-06-23 19:56:09,911 | INFO | Filling Case ID: 2510T0284
2026-06-23 19:56:10,056 | INFO | Submitting search...
2026-06-23 19:56:55,279 | INFO | Timeout waiting for result. Current URL: https://fjdefile.phila.gov/efsfjd/zk_fjd_public_qry_00.zp_main_idx?uid=!9mVJksNzIolqsSYDxam&o=Hes6AUlgTxozKg8
2026-06-23 19:56:55,495 | INFO | Debug saved: screenshots\redirected_main_page_2510T0284_20260623_195655.png
2026-06-23 19:56:55,495 | INFO | HTML saved: screenshots\redirected_main_page_2510T0284_20260623_195655.html
2026-06-23 19:56:55,495 | INFO | Attempt failed: Redirected to main page instead of result page
2026-06-23 19:56:55,496 | INFO | Waiting 2s before retry...
2026-06-23 19:56:57,496 | INFO | Attempt 2/2
2026-06-23 19:56:57,497 | INFO | Opening main page...
2026-06-23 19:56:59,494 | INFO | Main page URL: https://fjdefile.phila.gov/efsfjd/zk_fjd_public_qry_00.zp_main_idx
2026-06-23 19:57:00,943 | INFO | Search page URL: https://fjdefile.phila.gov/efsfjd/zk_fjd_public_qry_03.zp_dktrpt_setup_idx?uid=!9mVJksNzIolqsSYDxam&o=Ebs9DUidT!rzHdb
2026-06-23 19:57:00,944 | INFO | Filling Case ID: 2510T0284
2026-06-23 19:57:01,071 | INFO | Submitting search...
2026-06-23 19:57:46,255 | INFO | Timeout waiting for result. Current URL: https://fjdefile.phila.gov/efsfjd/zk_fjd_public_qry_00.zp_main_idx?uid=!9mVJksNzIolqsSYDxam&o=Hes6AUlgTxozKg8
2026-06-23 19:57:46,443 | INFO | Debug saved: screenshots\redirected_main_page_2510T0284_20260623_195746.png
2026-06-23 19:57:46,444 | INFO | HTML saved: screenshots\redirected_main_page_2510T0284_20260623_195746.html
2026-06-23 19:57:46,444 | INFO | Attempt failed: Redirected to main page instead of result page
2026-06-23 19:57:46,444 | INFO | Failed after 2 attempts. Moving to next case.
2026-06-23 19:57:46,623 | INFO | Progress saved to: data\output\cases_results.xlsx
2026-06-23 19:57:46,625 | INFO | Progress index saved: 277
2026-06-23 19:57:46,625 | INFO | Waiting 2s before next case...
2026-06-23 19:57:48,626 | INFO | 
Batch done. Output saved to: data\output\cases_results.xlsx
2026-06-23 19:57:48,626 | INFO | Batch complete. Closing browser...
2026-06-23 19:58:01,700 | INFO | Columns found: ['Case ID']
2026-06-23 19:58:01,702 | INFO | Loaded 1213 Case IDs from data\input\case_ids.xlsx
2026-06-23 19:58:01,702 | INFO | Starting from index: 277
2026-06-23 19:58:01,702 | INFO | Processing this batch: 10 cases
2026-06-23 19:58:01,838 | INFO | Loaded existing output rows: 277
2026-06-23 19:58:03,204 | INFO | 
===== Batch item 1/10 =====
2026-06-23 19:58:03,205 | INFO | Real index: 278/1213
2026-06-23 19:58:03,205 | INFO | 
Scraping Case ID: 2510T0285
2026-06-23 19:58:03,205 | INFO | Attempt 1/2
2026-06-23 19:58:03,208 | INFO | Opening main page...
2026-06-23 19:58:07,929 | INFO | Main page URL: https://fjdefile.phila.gov/efsfjd/zk_fjd_public_qry_00.zp_main_idx?uid=DbjQHqtLzIolqsSYDxam&o=Mgp1!0meTxozKg8
2026-06-23 19:58:08,695 | INFO | Search page URL: https://fjdefile.phila.gov/efsfjd/zk_fjd_public_qry_03.zp_dktrpt_setup_idx?uid=DbjQHqtLzIolqsSYDxam&o=Jdp4B0jbT!rzHdb
2026-06-23 19:58:08,696 | INFO | Filling Case ID: 2510T0285
2026-06-23 19:58:08,850 | INFO | Submitting search...
2026-06-23 19:58:54,044 | INFO | Timeout waiting for result. Current URL: https://fjdefile.phila.gov/efsfjd/zk_fjd_public_qry_00.zp_main_idx?uid=DbjQHqtLzIolqsSYDxam&o=Mgp1!0meTxozKg8
2026-06-23 19:58:54,273 | INFO | Debug saved: screenshots\redirected_main_page_2510T0285_20260623_195854.png
2026-06-23 19:58:54,273 | INFO | HTML saved: screenshots\redirected_main_page_2510T0285_20260623_195854.html
2026-06-23 19:58:54,273 | INFO | Attempt failed: Redirected to main page instead of result page
2026-06-23 19:58:54,273 | INFO | Waiting 2s before retry...
2026-06-23 19:58:56,274 | INFO | Attempt 2/2
2026-06-23 19:58:56,274 | INFO | Opening main page...
2026-06-23 19:58:58,294 | INFO | Main page URL: https://fjdefile.phila.gov/efsfjd/zk_fjd_public_qry_00.zp_main_idx
2026-06-23 19:58:59,255 | INFO | Search page URL: https://fjdefile.phila.gov/efsfjd/zk_fjd_public_qry_03.zp_dktrpt_setup_idx?uid=DbjQHqtLzIolqsSYDxam&o=Jdp4B0jbT!rzHdb
2026-06-23 19:58:59,256 | INFO | Filling Case ID: 2510T0285
2026-06-23 19:58:59,429 | INFO | Submitting search...
2026-06-23 19:59:44,710 | INFO | Timeout waiting for result. Current URL: https://fjdefile.phila.gov/efsfjd/zk_fjd_public_qry_00.zp_main_idx?uid=DbjQHqtLzIolqsSYDxam&o=Mgp1!0meTxozKg8
2026-06-23 19:59:44,874 | INFO | Debug saved: screenshots\redirected_main_page_2510T0285_20260623_195944.png
2026-06-23 19:59:44,874 | INFO | HTML saved: screenshots\redirected_main_page_2510T0285_20260623_195944.html
2026-06-23 19:59:44,874 | INFO | Attempt failed: Redirected to main page instead of result page
2026-06-23 19:59:44,875 | INFO | Failed after 2 attempts. Moving to next case.
2026-06-23 19:59:45,024 | INFO | Progress saved to: data\output\cases_results.xlsx
2026-06-23 19:59:45,025 | INFO | Progress index saved: 278
2026-06-23 19:59:45,026 | INFO | Waiting 2s before next case...
2026-06-23 19:59:47,027 | INFO | 
===== Batch item 2/10 =====
2026-06-23 19:59:47,027 | INFO | Real index: 279/1213
2026-06-23 19:59:47,027 | INFO | 
Scraping Case ID: 2510T0286
2026-06-23 19:59:47,028 | INFO | Attempt 1/2
2026-06-23 19:59:47,028 | INFO | Opening main page...
2026-06-23 19:59:48,739 | INFO | Main page URL: https://fjdefile.phila.gov/efsfjd/zk_fjd_public_qry_00.zp_main_idx
2026-06-23 19:59:49,137 | INFO | Search page URL: https://fjdefile.phila.gov/efsfjd/zk_fjd_public_qry_03.zp_dktrpt_setup_idx?uid=DbjQHqtLzIolqsSYDxam&o=Jdp4B0jbT!rzHdb
2026-06-23 19:59:49,137 | INFO | Filling Case ID: 2510T0286
2026-06-23 19:59:49,289 | INFO | Submitting search...
2026-06-23 20:00:34,476 | INFO | Timeout waiting for result. Current URL: https://fjdefile.phila.gov/efsfjd/zk_fjd_public_qry_00.zp_main_idx?uid=DbjQHqtLzIolqsSYDxam&o=Mgp1!0meTxozKg8
2026-06-23 20:00:34,626 | INFO | Debug saved: screenshots\redirected_main_page_2510T0286_20260623_200034.png
2026-06-23 20:00:34,626 | INFO | HTML saved: screenshots\redirected_main_page_2510T0286_20260623_200034.html
2026-06-23 20:00:34,627 | INFO | Attempt failed: Redirected to main page instead of result page
2026-06-23 20:00:34,627 | INFO | Waiting 2s before retry...
2026-06-23 20:00:36,628 | INFO | Attempt 2/2
2026-06-23 20:00:36,628 | INFO | Opening main page...
2026-06-23 20:00:38,268 | INFO | Main page URL: https://fjdefile.phila.gov/efsfjd/zk_fjd_public_qry_00.zp_main_idx
2026-06-23 20:00:38,678 | INFO | Search page URL: https://fjdefile.phila.gov/efsfjd/zk_fjd_public_qry_03.zp_dktrpt_setup_idx?uid=DbjQHqtLzIolqsSYDxam&o=Jdp4B0jbT!rzHdb
2026-06-23 20:00:38,678 | INFO | Filling Case ID: 2510T0286
2026-06-23 20:00:38,802 | INFO | Submitting search...
2026-06-23 20:00:40,510 | INFO | Result URL: https://fjdefile.phila.gov/efsfjd/zk_fjd_public_qry_03.zp_dktrpt_search
2026-06-23 20:00:40,680 | INFO | Progress saved to: data\output\cases_results.xlsx
2026-06-23 20:00:40,682 | INFO | Progress index saved: 279
2026-06-23 20:00:40,682 | INFO | Waiting 2s before next case...
2026-06-23 20:00:42,683 | INFO | 
===== Batch item 3/10 =====
2026-06-23 20:00:42,684 | INFO | Real index: 280/1213
2026-06-23 20:00:42,684 | INFO | 
Scraping Case ID: 2510T0287
2026-06-23 20:00:42,684 | INFO | Attempt 1/2
2026-06-23 20:00:42,684 | INFO | Opening main page...
2026-06-23 20:00:44,021 | INFO | Main page URL: https://fjdefile.phila.gov/efsfjd/zk_fjd_public_qry_00.zp_main_idx
2026-06-23 20:00:44,392 | INFO | Search page URL: https://fjdefile.phila.gov/efsfjd/zk_fjd_public_qry_03.zp_dktrpt_setup_idx?uid=DbjQHqtLzIolqsSYDxam&o=Jdp4B0jbT!rzHdb
2026-06-23 20:00:44,393 | INFO | Filling Case ID: 2510T0287
2026-06-23 20:00:44,521 | INFO | Submitting search...
2026-06-23 20:00:46,119 | INFO | Result URL: https://fjdefile.phila.gov/efsfjd/zk_fjd_public_qry_03.zp_dktrpt_search
2026-06-23 20:00:46,252 | INFO | Progress saved to: data\output\cases_results.xlsx
2026-06-23 20:00:46,253 | INFO | Progress index saved: 280
2026-06-23 20:00:46,253 | INFO | Waiting 2s before next case...
2026-06-23 20:00:48,253 | INFO | 
===== Batch item 4/10 =====
2026-06-23 20:00:48,254 | INFO | Real index: 281/1213
2026-06-23 20:00:48,254 | INFO | 
Scraping Case ID: 2510T0074
2026-06-23 20:00:48,254 | INFO | Attempt 1/2
2026-06-23 20:00:48,255 | INFO | Opening main page...
2026-06-23 20:00:49,581 | INFO | Main page URL: https://fjdefile.phila.gov/efsfjd/zk_fjd_public_qry_00.zp_main_idx
2026-06-23 20:00:49,978 | INFO | Search page URL: https://fjdefile.phila.gov/efsfjd/zk_fjd_public_qry_03.zp_dktrpt_setup_idx?uid=DbjQHqtLzIolqsSYDxam&o=Jdp4B0jbT!rzHdb
2026-06-23 20:00:49,978 | INFO | Filling Case ID: 2510T0074
2026-06-23 20:00:50,129 | INFO | Submitting search...
2026-06-23 20:00:52,012 | INFO | Result URL: https://fjdefile.phila.gov/efsfjd/zk_fjd_public_qry_03.zp_dktrpt_search
2026-06-23 20:00:52,143 | INFO | Progress saved to: data\output\cases_results.xlsx
2026-06-23 20:00:52,144 | INFO | Progress index saved: 281
2026-06-23 20:00:52,145 | INFO | Waiting 2s before next case...
2026-06-23 20:00:54,146 | INFO | 
===== Batch item 5/10 =====
2026-06-23 20:00:54,146 | INFO | Real index: 282/1213
2026-06-23 20:00:54,147 | INFO | 
Scraping Case ID: 2510T0075
2026-06-23 20:00:54,147 | INFO | Attempt 1/2
2026-06-23 20:00:54,147 | INFO | Opening main page...
2026-06-23 20:00:55,482 | INFO | Main page URL: https://fjdefile.phila.gov/efsfjd/zk_fjd_public_qry_00.zp_main_idx
2026-06-23 20:00:55,848 | INFO | Search page URL: https://fjdefile.phila.gov/efsfjd/zk_fjd_public_qry_03.zp_dktrpt_setup_idx?uid=DbjQHqtLzIolqsSYDxam&o=Jdp4B0jbT!rzHdb
2026-06-23 20:00:55,848 | INFO | Filling Case ID: 2510T0075
2026-06-23 20:00:55,969 | INFO | Submitting search...
2026-06-23 20:00:57,294 | INFO | Result URL: https://fjdefile.phila.gov/efsfjd/zk_fjd_public_qry_03.zp_dktrpt_search
2026-06-23 20:00:57,422 | INFO | Progress saved to: data\output\cases_results.xlsx
2026-06-23 20:00:57,423 | INFO | Progress index saved: 282
2026-06-23 20:00:57,423 | INFO | Waiting 2s before next case...
2026-06-23 20:00:59,424 | INFO | 
===== Batch item 6/10 =====
2026-06-23 20:00:59,424 | INFO | Real index: 283/1213
2026-06-23 20:00:59,424 | INFO | 
Scraping Case ID: 2510T0076
2026-06-23 20:00:59,425 | INFO | Attempt 1/2
2026-06-23 20:00:59,425 | INFO | Opening main page...
2026-06-23 20:01:00,755 | INFO | Main page URL: https://fjdefile.phila.gov/efsfjd/zk_fjd_public_qry_00.zp_main_idx
2026-06-23 20:01:01,129 | INFO | Search page URL: https://fjdefile.phila.gov/efsfjd/zk_fjd_public_qry_03.zp_dktrpt_setup_idx?uid=DbjQHqtLzIolqsSYDxam&o=Jdp4B0jbT!rzHdb
2026-06-23 20:01:01,129 | INFO | Filling Case ID: 2510T0076
2026-06-23 20:01:01,256 | INFO | Submitting search...
2026-06-23 20:01:02,607 | INFO | Result URL: https://fjdefile.phila.gov/efsfjd/zk_fjd_public_qry_03.zp_dktrpt_search
2026-06-23 20:01:02,761 | INFO | Progress saved to: data\output\cases_results.xlsx
2026-06-23 20:01:02,762 | INFO | Progress index saved: 283
2026-06-23 20:01:02,762 | INFO | Waiting 2s before next case...
2026-06-23 20:01:04,763 | INFO | 
===== Batch item 7/10 =====
2026-06-23 20:01:04,763 | INFO | Real index: 284/1213
2026-06-23 20:01:04,763 | INFO | 
Scraping Case ID: 2510T0077
2026-06-23 20:01:04,764 | INFO | Attempt 1/2
2026-06-23 20:01:04,764 | INFO | Opening main page...
2026-06-23 20:01:06,081 | INFO | Main page URL: https://fjdefile.phila.gov/efsfjd/zk_fjd_public_qry_00.zp_main_idx
2026-06-23 20:01:06,434 | INFO | Search page URL: https://fjdefile.phila.gov/efsfjd/zk_fjd_public_qry_03.zp_dktrpt_setup_idx?uid=DbjQHqtLzIolqsSYDxam&o=Jdp4B0jbT!rzHdb
2026-06-23 20:01:06,434 | INFO | Filling Case ID: 2510T0077
2026-06-23 20:01:06,545 | INFO | Submitting search...
2026-06-23 20:01:08,959 | INFO | Result URL: https://fjdefile.phila.gov/efsfjd/zk_fjd_public_qry_03.zp_dktrpt_search
2026-06-23 20:01:09,133 | INFO | Progress saved to: data\output\cases_results.xlsx
2026-06-23 20:01:09,135 | INFO | Progress index saved: 284
2026-06-23 20:01:09,135 | INFO | Waiting 2s before next case...
2026-06-23 20:01:11,136 | INFO | 
===== Batch item 8/10 =====
2026-06-23 20:01:11,137 | INFO | Real index: 285/1213
2026-06-23 20:01:11,138 | INFO | 
Scraping Case ID: 2510T0078
2026-06-23 20:01:11,138 | INFO | Attempt 1/2
2026-06-23 20:01:11,138 | INFO | Opening main page...
2026-06-23 20:01:12,610 | INFO | Main page URL: https://fjdefile.phila.gov/efsfjd/zk_fjd_public_qry_00.zp_main_idx
2026-06-23 20:01:13,141 | INFO | Search page URL: https://fjdefile.phila.gov/efsfjd/zk_fjd_public_qry_03.zp_dktrpt_setup_idx?uid=DbjQHqtLzIolqsSYDxam&o=Jdp4B0jbT!rzHdb
2026-06-23 20:01:13,141 | INFO | Filling Case ID: 2510T0078
2026-06-23 20:01:13,260 | INFO | Submitting search...
2026-06-23 20:01:15,576 | INFO | Result URL: https://fjdefile.phila.gov/efsfjd/zk_fjd_public_qry_03.zp_dktrpt_search
2026-06-23 20:01:15,902 | INFO | Progress saved to: data\output\cases_results.xlsx
2026-06-23 20:01:15,904 | INFO | Progress index saved: 285
2026-06-23 20:01:15,904 | INFO | Waiting 2s before next case...
2026-06-23 20:01:17,905 | INFO | 
===== Batch item 9/10 =====
2026-06-23 20:01:17,906 | INFO | Real index: 286/1213
2026-06-23 20:01:17,906 | INFO | 
Scraping Case ID: 2510T0079
2026-06-23 20:01:17,906 | INFO | Attempt 1/2
2026-06-23 20:01:17,906 | INFO | Opening main page...
2026-06-23 20:01:19,305 | INFO | Main page URL: https://fjdefile.phila.gov/efsfjd/zk_fjd_public_qry_00.zp_main_idx
2026-06-23 20:01:19,919 | INFO | Search page URL: https://fjdefile.phila.gov/efsfjd/zk_fjd_public_qry_03.zp_dktrpt_setup_idx?uid=DbjQHqtLzIolqsSYDxam&o=Jdp4B0jbT!rzHdb
2026-06-23 20:01:19,919 | INFO | Filling Case ID: 2510T0079
2026-06-23 20:01:20,043 | INFO | Submitting search...
2026-06-23 20:01:23,088 | INFO | Result URL: https://fjdefile.phila.gov/efsfjd/zk_fjd_public_qry_03.zp_dktrpt_search
2026-06-23 20:01:23,299 | INFO | Progress saved to: data\output\cases_results.xlsx
2026-06-23 20:01:23,304 | INFO | Progress index saved: 286
2026-06-23 20:01:23,305 | INFO | Waiting 2s before next case...
2026-06-23 20:01:25,306 | INFO | 
===== Batch item 10/10 =====
2026-06-23 20:01:25,306 | INFO | Real index: 287/1213
2026-06-23 20:01:25,306 | INFO | 
Scraping Case ID: 2510T0080
2026-06-23 20:01:25,307 | INFO | Attempt 1/2
2026-06-23 20:01:25,307 | INFO | Opening main page...
2026-06-23 20:01:26,835 | INFO | Main page URL: https://fjdefile.phila.gov/efsfjd/zk_fjd_public_qry_00.zp_main_idx
2026-06-23 20:01:27,438 | INFO | Search page URL: https://fjdefile.phila.gov/efsfjd/zk_fjd_public_qry_03.zp_dktrpt_setup_idx?uid=DbjQHqtLzIolqsSYDxam&o=Jdp4B0jbT!rzHdb
2026-06-23 20:01:27,438 | INFO | Filling Case ID: 2510T0080
2026-06-23 20:01:27,571 | INFO | Submitting search...
2026-06-23 20:01:30,156 | INFO | Result URL: https://fjdefile.phila.gov/efsfjd/zk_fjd_public_qry_03.zp_dktrpt_search
2026-06-23 20:01:30,471 | INFO | Progress saved to: data\output\cases_results.xlsx
2026-06-23 20:01:30,474 | INFO | Progress index saved: 287
2026-06-23 20:01:30,475 | INFO | Waiting 2s before next case...
2026-06-23 20:01:32,475 | INFO | 
Batch done. Output saved to: data\output\cases_results.xlsx
2026-06-23 20:01:32,476 | INFO | Batch complete. Closing browser...
2026-06-23 20:01:44,961 | INFO | Columns found: ['Case ID']
2026-06-23 20:01:44,964 | INFO | Loaded 1213 Case IDs from data\input\case_ids.xlsx
2026-06-23 20:01:44,965 | INFO | Starting from index: 287
2026-06-23 20:01:44,965 | INFO | Processing this batch: 10 cases
2026-06-23 20:01:45,052 | INFO | Loaded existing output rows: 287
2026-06-23 20:01:46,458 | INFO | 
===== Batch item 1/10 =====
2026-06-23 20:01:46,459 | INFO | Real index: 288/1213
2026-06-23 20:01:46,460 | INFO | 
Scraping Case ID: 2510T0081
2026-06-23 20:01:46,461 | INFO | Attempt 1/2
2026-06-23 20:01:46,462 | INFO | Opening main page...
2026-06-23 20:01:51,497 | INFO | Main page URL: https://fjdefile.phila.gov/efsfjd/zk_fjd_public_qry_00.zp_main_idx?uid=A5gTNulJAIolqsSYDxam&o=Jam4E4ecWxozKg8
2026-06-23 20:01:51,963 | INFO | Search page URL: https://fjdefile.phila.gov/efsfjd/zk_fjd_public_qry_03.zp_dktrpt_setup_idx?uid=A5gTNulJAIolqsSYDxam&o=G7m7H4b9W!rzHdb
2026-06-23 20:01:51,963 | INFO | Filling Case ID: 2510T0081
2026-06-23 20:01:52,120 | INFO | Submitting search...
2026-06-23 20:02:04,062 | INFO | Result URL: https://fjdefile.phila.gov/efsfjd/zk_fjd_public_qry_03.zp_dktrpt_search
2026-06-23 20:02:04,250 | INFO | Progress saved to: data\output\cases_results.xlsx
2026-06-23 20:02:04,253 | INFO | Progress index saved: 288
2026-06-23 20:02:04,254 | INFO | Waiting 2s before next case...
2026-06-23 20:02:06,255 | INFO | 
===== Batch item 2/10 =====
2026-06-23 20:02:06,255 | INFO | Real index: 289/1213
2026-06-23 20:02:06,255 | INFO | 
Scraping Case ID: 2510T0082
2026-06-23 20:02:06,256 | INFO | Attempt 1/2
2026-06-23 20:02:06,256 | INFO | Opening main page...
2026-06-23 20:02:07,879 | INFO | Main page URL: https://fjdefile.phila.gov/efsfjd/zk_fjd_public_qry_00.zp_main_idx
2026-06-23 20:02:08,505 | INFO | Search page URL: https://fjdefile.phila.gov/efsfjd/zk_fjd_public_qry_03.zp_dktrpt_setup_idx?uid=A5gTNulJAIolqsSYDxam&o=G7m7H4b9W!rzHdb
2026-06-23 20:02:08,506 | INFO | Filling Case ID: 2510T0082
2026-06-23 20:02:08,653 | INFO | Submitting search...
2026-06-23 20:02:11,112 | INFO | Result URL: https://fjdefile.phila.gov/efsfjd/zk_fjd_public_qry_03.zp_dktrpt_search
2026-06-23 20:02:11,387 | INFO | Progress saved to: data\output\cases_results.xlsx
2026-06-23 20:02:11,389 | INFO | Progress index saved: 289
2026-06-23 20:02:11,389 | INFO | Waiting 2s before next case...
2026-06-23 20:02:13,390 | INFO | 
===== Batch item 3/10 =====
2026-06-23 20:02:13,390 | INFO | Real index: 290/1213
2026-06-23 20:02:13,390 | INFO | 
Scraping Case ID: 2510T0083
2026-06-23 20:02:13,391 | INFO | Attempt 1/2
2026-06-23 20:02:13,391 | INFO | Opening main page...
2026-06-23 20:02:14,789 | INFO | Main page URL: https://fjdefile.phila.gov/efsfjd/zk_fjd_public_qry_00.zp_main_idx
2026-06-23 20:02:15,369 | INFO | Search page URL: https://fjdefile.phila.gov/efsfjd/zk_fjd_public_qry_03.zp_dktrpt_setup_idx?uid=A5gTNulJAIolqsSYDxam&o=G7m7H4b9W!rzHdb
2026-06-23 20:02:15,370 | INFO | Filling Case ID: 2510T0083
2026-06-23 20:02:15,520 | INFO | Submitting search...
2026-06-23 20:02:18,186 | INFO | Result URL: https://fjdefile.phila.gov/efsfjd/zk_fjd_public_qry_03.zp_dktrpt_search
2026-06-23 20:02:18,346 | INFO | Progress saved to: data\output\cases_results.xlsx
2026-06-23 20:02:18,348 | INFO | Progress index saved: 290
2026-06-23 20:02:18,348 | INFO | Waiting 2s before next case...
2026-06-23 20:02:20,349 | INFO | 
===== Batch item 4/10 =====
2026-06-23 20:02:20,350 | INFO | Real index: 291/1213
2026-06-23 20:02:20,350 | INFO | 
Scraping Case ID: 2510T0084
2026-06-23 20:02:20,350 | INFO | Attempt 1/2
2026-06-23 20:02:20,350 | INFO | Opening main page...
2026-06-23 20:02:21,861 | INFO | Main page URL: https://fjdefile.phila.gov/efsfjd/zk_fjd_public_qry_00.zp_main_idx
2026-06-23 20:02:22,428 | INFO | Search page URL: https://fjdefile.phila.gov/efsfjd/zk_fjd_public_qry_03.zp_dktrpt_setup_idx?uid=A5gTNulJAIolqsSYDxam&o=G7m7H4b9W!rzHdb
2026-06-23 20:02:22,429 | INFO | Filling Case ID: 2510T0084
2026-06-23 20:02:22,556 | INFO | Submitting search...
2026-06-23 20:02:25,292 | INFO | Result URL: https://fjdefile.phila.gov/efsfjd/zk_fjd_public_qry_03.zp_dktrpt_search
2026-06-23 20:02:25,492 | INFO | Progress saved to: data\output\cases_results.xlsx
2026-06-23 20:02:25,494 | INFO | Progress index saved: 291
2026-06-23 20:02:25,494 | INFO | Waiting 2s before next case...
2026-06-23 20:02:27,494 | INFO | 
===== Batch item 5/10 =====
2026-06-23 20:02:27,495 | INFO | Real index: 292/1213
2026-06-23 20:02:27,495 | INFO | 
Scraping Case ID: 2510T0085
2026-06-23 20:02:27,495 | INFO | Attempt 1/2
2026-06-23 20:02:27,496 | INFO | Opening main page...
2026-06-23 20:02:28,922 | INFO | Main page URL: https://fjdefile.phila.gov/efsfjd/zk_fjd_public_qry_00.zp_main_idx
2026-06-23 20:02:29,512 | INFO | Search page URL: https://fjdefile.phila.gov/efsfjd/zk_fjd_public_qry_03.zp_dktrpt_setup_idx?uid=A5gTNulJAIolqsSYDxam&o=G7m7H4b9W!rzHdb
2026-06-23 20:02:29,512 | INFO | Filling Case ID: 2510T0085
2026-06-23 20:02:29,642 | INFO | Submitting search...
2026-06-23 20:02:32,087 | INFO | Result URL: https://fjdefile.phila.gov/efsfjd/zk_fjd_public_qry_03.zp_dktrpt_search
2026-06-23 20:02:32,261 | INFO | Progress saved to: data\output\cases_results.xlsx
2026-06-23 20:02:32,262 | INFO | Progress index saved: 292
2026-06-23 20:02:32,263 | INFO | Waiting 2s before next case...
2026-06-23 20:02:34,263 | INFO | 
===== Batch item 6/10 =====
2026-06-23 20:02:34,264 | INFO | Real index: 293/1213
2026-06-23 20:02:34,264 | INFO | 
Scraping Case ID: 2510T0086
2026-06-23 20:02:34,265 | INFO | Attempt 1/2
2026-06-23 20:02:34,265 | INFO | Opening main page...
2026-06-23 20:02:35,727 | INFO | Main page URL: https://fjdefile.phila.gov/efsfjd/zk_fjd_public_qry_00.zp_main_idx
2026-06-23 20:02:36,329 | INFO | Search page URL: https://fjdefile.phila.gov/efsfjd/zk_fjd_public_qry_03.zp_dktrpt_setup_idx?uid=A5gTNulJAIolqsSYDxam&o=G7m7H4b9W!rzHdb
2026-06-23 20:02:36,329 | INFO | Filling Case ID: 2510T0086
2026-06-23 20:02:36,458 | INFO | Submitting search...
2026-06-23 20:02:39,335 | INFO | Result URL: https://fjdefile.phila.gov/efsfjd/zk_fjd_public_qry_03.zp_dktrpt_search
2026-06-23 20:02:39,488 | INFO | Progress saved to: data\output\cases_results.xlsx
2026-06-23 20:02:39,489 | INFO | Progress index saved: 293
2026-06-23 20:02:39,489 | INFO | Waiting 2s before next case...
2026-06-23 20:02:41,490 | INFO | 
===== Batch item 7/10 =====
2026-06-23 20:02:41,491 | INFO | Real index: 294/1213
2026-06-23 20:02:41,492 | INFO | 
Scraping Case ID: 2510T0087
2026-06-23 20:02:41,492 | INFO | Attempt 1/2
2026-06-23 20:02:41,492 | INFO | Opening main page...
2026-06-23 20:02:42,887 | INFO | Main page URL: https://fjdefile.phila.gov/efsfjd/zk_fjd_public_qry_00.zp_main_idx
2026-06-23 20:02:43,387 | INFO | Search page URL: https://fjdefile.phila.gov/efsfjd/zk_fjd_public_qry_03.zp_dktrpt_setup_idx?uid=A5gTNulJAIolqsSYDxam&o=G7m7H4b9W!rzHdb
2026-06-23 20:02:43,388 | INFO | Filling Case ID: 2510T0087
2026-06-23 20:02:43,517 | INFO | Submitting search...
2026-06-23 20:02:46,225 | INFO | Result URL: https://fjdefile.phila.gov/efsfjd/zk_fjd_public_qry_03.zp_dktrpt_search
2026-06-23 20:02:46,493 | INFO | Progress saved to: data\output\cases_results.xlsx
2026-06-23 20:02:46,494 | INFO | Progress index saved: 294
2026-06-23 20:02:46,495 | INFO | Waiting 2s before next case...
2026-06-23 20:02:48,496 | INFO | 
===== Batch item 8/10 =====
2026-06-23 20:02:48,498 | INFO | Real index: 295/1213
2026-06-23 20:02:48,499 | INFO | 
Scraping Case ID: 2510T0088
2026-06-23 20:02:48,499 | INFO | Attempt 1/2
2026-06-23 20:02:48,499 | INFO | Opening main page...
2026-06-23 20:02:49,861 | INFO | Main page URL: https://fjdefile.phila.gov/efsfjd/zk_fjd_public_qry_00.zp_main_idx
2026-06-23 20:02:51,385 | INFO | Search page URL: https://fjdefile.phila.gov/efsfjd/zk_fjd_public_qry_03.zp_dktrpt_setup_idx?uid=A5gTNulJAIolqsSYDxam&o=G7m7H4b9W!rzHdb
2026-06-23 20:02:51,385 | INFO | Filling Case ID: 2510T0088
2026-06-23 20:02:51,515 | INFO | Submitting search...
2026-06-23 20:02:54,754 | INFO | Result URL: https://fjdefile.phila.gov/efsfjd/zk_fjd_public_qry_03.zp_dktrpt_search
2026-06-23 20:02:54,904 | INFO | Progress saved to: data\output\cases_results.xlsx
2026-06-23 20:02:54,905 | INFO | Progress index saved: 295
2026-06-23 20:02:54,905 | INFO | Waiting 2s before next case...
2026-06-23 20:02:56,906 | INFO | 
===== Batch item 9/10 =====
2026-06-23 20:02:56,906 | INFO | Real index: 296/1213
2026-06-23 20:02:56,906 | INFO | 
Scraping Case ID: 2510T0089
2026-06-23 20:02:56,907 | INFO | Attempt 1/2
2026-06-23 20:02:56,907 | INFO | Opening main page...
2026-06-23 20:02:59,558 | INFO | Main page URL: https://fjdefile.phila.gov/efsfjd/zk_fjd_public_qry_00.zp_main_idx
2026-06-23 20:03:00,962 | INFO | Search page URL: https://fjdefile.phila.gov/efsfjd/zk_fjd_public_qry_03.zp_dktrpt_setup_idx?uid=A5gTNulJAIolqsSYDxam&o=G7m7H4b9W!rzHdb
2026-06-23 20:03:00,962 | INFO | Filling Case ID: 2510T0089
2026-06-23 20:03:01,092 | INFO | Submitting search...
2026-06-23 20:03:04,373 | INFO | Result URL: https://fjdefile.phila.gov/efsfjd/zk_fjd_public_qry_03.zp_dktrpt_search
2026-06-23 20:03:04,514 | INFO | Progress saved to: data\output\cases_results.xlsx
2026-06-23 20:03:04,517 | INFO | Progress index saved: 296
2026-06-23 20:03:04,518 | INFO | Waiting 2s before next case...
2026-06-23 20:03:06,519 | INFO | 
===== Batch item 10/10 =====
2026-06-23 20:03:06,519 | INFO | Real index: 297/1213
2026-06-23 20:03:06,519 | INFO | 
Scraping Case ID: 2510T0090
2026-06-23 20:03:06,520 | INFO | Attempt 1/2
2026-06-23 20:03:06,520 | INFO | Opening main page...
2026-06-23 20:03:08,187 | INFO | Main page URL: https://fjdefile.phila.gov/efsfjd/zk_fjd_public_qry_00.zp_main_idx
2026-06-23 20:03:08,924 | INFO | Search page URL: https://fjdefile.phila.gov/efsfjd/zk_fjd_public_qry_03.zp_dktrpt_setup_idx?uid=A5gTNulJAIolqsSYDxam&o=G7m7H4b9W!rzHdb
2026-06-23 20:03:08,925 | INFO | Filling Case ID: 2510T0090
2026-06-23 20:03:09,078 | INFO | Submitting search...
2026-06-23 20:03:11,966 | INFO | Result URL: https://fjdefile.phila.gov/efsfjd/zk_fjd_public_qry_03.zp_dktrpt_search
2026-06-23 20:03:12,104 | INFO | Progress saved to: data\output\cases_results.xlsx
2026-06-23 20:03:12,105 | INFO | Progress index saved: 297
2026-06-23 20:03:12,106 | INFO | Waiting 2s before next case...
2026-06-23 20:03:14,107 | INFO | 
Batch done. Output saved to: data\output\cases_results.xlsx
2026-06-23 20:03:14,107 | INFO | Batch complete. Closing browser...
2026-06-23 20:03:26,329 | INFO | Columns found: ['Case ID']
2026-06-23 20:03:26,333 | INFO | Loaded 1213 Case IDs from data\input\case_ids.xlsx
2026-06-23 20:03:26,333 | INFO | Starting from index: 297
2026-06-23 20:03:26,334 | INFO | Processing this batch: 10 cases
2026-06-23 20:03:26,420 | INFO | Loaded existing output rows: 297
2026-06-23 20:03:27,548 | INFO | 
===== Batch item 1/10 =====
2026-06-23 20:03:27,549 | INFO | Real index: 298/1213
2026-06-23 20:03:27,550 | INFO | 
Scraping Case ID: 2510T0091
2026-06-23 20:03:27,550 | INFO | Attempt 1/2
2026-06-23 20:03:27,551 | INFO | Opening main page...
2026-06-23 20:03:32,122 | INFO | Main page URL: https://fjdefile.phila.gov/efsfjd/zk_fjd_public_qry_00.zp_main_idx?uid=w8pZKliPAIolqsSYDxam&o=DdvaBVbiWxozKg8
2026-06-23 20:03:32,624 | INFO | Search page URL: https://fjdefile.phila.gov/efsfjd/zk_fjd_public_qry_03.zp_dktrpt_setup_idx?uid=w8pZKliPAIolqsSYDxam&o=AavdEV8fW!rzHdb
2026-06-23 20:03:32,625 | INFO | Filling Case ID: 2510T0091
2026-06-23 20:03:32,782 | INFO | Submitting search...
2026-06-23 20:03:46,700 | INFO | Result URL: https://fjdefile.phila.gov/efsfjd/zk_fjd_public_qry_03.zp_dktrpt_search
2026-06-23 20:03:47,104 | INFO | Progress saved to: data\output\cases_results.xlsx
2026-06-23 20:03:47,105 | INFO | Progress index saved: 298
2026-06-23 20:03:47,105 | INFO | Waiting 2s before next case...
2026-06-23 20:03:49,106 | INFO | 
===== Batch item 2/10 =====
2026-06-23 20:03:49,107 | INFO | Real index: 299/1213
2026-06-23 20:03:49,107 | INFO | 
Scraping Case ID: 2510T0092
2026-06-23 20:03:49,108 | INFO | Attempt 1/2
2026-06-23 20:03:49,109 | INFO | Opening main page...
2026-06-23 20:03:50,535 | INFO | Main page URL: https://fjdefile.phila.gov/efsfjd/zk_fjd_public_qry_00.zp_main_idx
2026-06-23 20:03:51,224 | INFO | Search page URL: https://fjdefile.phila.gov/efsfjd/zk_fjd_public_qry_03.zp_dktrpt_setup_idx?uid=w8pZKliPAIolqsSYDxam&o=AavdEV8fW!rzHdb
2026-06-23 20:03:51,225 | INFO | Filling Case ID: 2510T0092
2026-06-23 20:03:51,352 | INFO | Submitting search...
2026-06-23 20:03:54,321 | INFO | Result URL: https://fjdefile.phila.gov/efsfjd/zk_fjd_public_qry_03.zp_dktrpt_search
2026-06-23 20:03:54,640 | INFO | Progress saved to: data\output\cases_results.xlsx
2026-06-23 20:03:54,641 | INFO | Progress index saved: 299
2026-06-23 20:03:54,642 | INFO | Waiting 2s before next case...
2026-06-23 20:03:56,643 | INFO | 
===== Batch item 3/10 =====
2026-06-23 20:03:56,643 | INFO | Real index: 300/1213
2026-06-23 20:03:56,644 | INFO | 
Scraping Case ID: 2510T0093
2026-06-23 20:03:56,644 | INFO | Attempt 1/2
2026-06-23 20:03:56,644 | INFO | Opening main page...
2026-06-23 20:03:57,981 | INFO | Main page URL: https://fjdefile.phila.gov/efsfjd/zk_fjd_public_qry_00.zp_main_idx
2026-06-23 20:03:58,577 | INFO | Search page URL: https://fjdefile.phila.gov/efsfjd/zk_fjd_public_qry_03.zp_dktrpt_setup_idx?uid=w8pZKliPAIolqsSYDxam&o=AavdEV8fW!rzHdb
2026-06-23 20:03:58,578 | INFO | Filling Case ID: 2510T0093
2026-06-23 20:03:58,749 | INFO | Submitting search...
2026-06-23 20:04:01,575 | INFO | Result URL: https://fjdefile.phila.gov/efsfjd/zk_fjd_public_qry_03.zp_dktrpt_search
2026-06-23 20:04:01,742 | INFO | Progress saved to: data\output\cases_results.xlsx
2026-06-23 20:04:01,744 | INFO | Progress index saved: 300
2026-06-23 20:04:01,744 | INFO | Waiting 2s before next case...
2026-06-23 20:04:03,745 | INFO | 
===== Batch item 4/10 =====
2026-06-23 20:04:03,746 | INFO | Real index: 301/1213
2026-06-23 20:04:03,746 | INFO | 
Scraping Case ID: 2510T0094
2026-06-23 20:04:03,746 | INFO | Attempt 1/2
2026-06-23 20:04:03,746 | INFO | Opening main page...
2026-06-23 20:04:05,076 | INFO | Main page URL: https://fjdefile.phila.gov/efsfjd/zk_fjd_public_qry_00.zp_main_idx
2026-06-23 20:04:05,653 | INFO | Search page URL: https://fjdefile.phila.gov/efsfjd/zk_fjd_public_qry_03.zp_dktrpt_setup_idx?uid=w8pZKliPAIolqsSYDxam&o=AavdEV8fW!rzHdb
2026-06-23 20:04:05,654 | INFO | Filling Case ID: 2510T0094
2026-06-23 20:04:05,810 | INFO | Submitting search...
2026-06-23 20:04:08,568 | INFO | Result URL: https://fjdefile.phila.gov/efsfjd/zk_fjd_public_qry_03.zp_dktrpt_search
2026-06-23 20:04:08,797 | INFO | Progress saved to: data\output\cases_results.xlsx
2026-06-23 20:04:08,801 | INFO | Progress index saved: 301
2026-06-23 20:04:08,802 | INFO | Waiting 2s before next case...
2026-06-23 20:04:10,803 | INFO | 
===== Batch item 5/10 =====
2026-06-23 20:04:10,803 | INFO | Real index: 302/1213
2026-06-23 20:04:10,803 | INFO | 
Scraping Case ID: 2510T0095
2026-06-23 20:04:10,803 | INFO | Attempt 1/2
2026-06-23 20:04:10,804 | INFO | Opening main page...
2026-06-23 20:04:12,210 | INFO | Main page URL: https://fjdefile.phila.gov/efsfjd/zk_fjd_public_qry_00.zp_main_idx
2026-06-23 20:04:12,828 | INFO | Search page URL: https://fjdefile.phila.gov/efsfjd/zk_fjd_public_qry_03.zp_dktrpt_setup_idx?uid=w8pZKliPAIolqsSYDxam&o=AavdEV8fW!rzHdb
2026-06-23 20:04:12,829 | INFO | Filling Case ID: 2510T0095
2026-06-23 20:04:12,963 | INFO | Submitting search...
2026-06-23 20:04:15,734 | INFO | Result URL: https://fjdefile.phila.gov/efsfjd/zk_fjd_public_qry_03.zp_dktrpt_search
2026-06-23 20:04:16,005 | INFO | Progress saved to: data\output\cases_results.xlsx
2026-06-23 20:04:16,007 | INFO | Progress index saved: 302
2026-06-23 20:04:16,007 | INFO | Waiting 2s before next case...
2026-06-23 20:04:18,008 | INFO | 
===== Batch item 6/10 =====
2026-06-23 20:04:18,009 | INFO | Real index: 303/1213
2026-06-23 20:04:18,009 | INFO | 
Scraping Case ID: 2510T0096
2026-06-23 20:04:18,009 | INFO | Attempt 1/2
2026-06-23 20:04:18,009 | INFO | Opening main page...
2026-06-23 20:04:19,373 | INFO | Main page URL: https://fjdefile.phila.gov/efsfjd/zk_fjd_public_qry_00.zp_main_idx
2026-06-23 20:04:19,976 | INFO | Search page URL: https://fjdefile.phila.gov/efsfjd/zk_fjd_public_qry_03.zp_dktrpt_setup_idx?uid=w8pZKliPAIolqsSYDxam&o=AavdEV8fW!rzHdb
2026-06-23 20:04:19,976 | INFO | Filling Case ID: 2510T0096
2026-06-23 20:04:20,101 | INFO | Submitting search...
2026-06-23 20:04:22,870 | INFO | Result URL: https://fjdefile.phila.gov/efsfjd/zk_fjd_public_qry_03.zp_dktrpt_search
2026-06-23 20:04:23,027 | INFO | Progress saved to: data\output\cases_results.xlsx
2026-06-23 20:04:23,028 | INFO | Progress index saved: 303
2026-06-23 20:04:23,028 | INFO | Waiting 2s before next case...
2026-06-23 20:04:25,029 | INFO | 
===== Batch item 7/10 =====
2026-06-23 20:04:25,029 | INFO | Real index: 304/1213
2026-06-23 20:04:25,029 | INFO | 
Scraping Case ID: 2510T0097
2026-06-23 20:04:25,029 | INFO | Attempt 1/2
2026-06-23 20:04:25,030 | INFO | Opening main page...
2026-06-23 20:04:26,371 | INFO | Main page URL: https://fjdefile.phila.gov/efsfjd/zk_fjd_public_qry_00.zp_main_idx
2026-06-23 20:04:26,769 | INFO | Search page URL: https://fjdefile.phila.gov/efsfjd/zk_fjd_public_qry_03.zp_dktrpt_setup_idx?uid=w8pZKliPAIolqsSYDxam&o=AavdEV8fW!rzHdb
2026-06-23 20:04:26,769 | INFO | Filling Case ID: 2510T0097
2026-06-23 20:04:26,890 | INFO | Submitting search...
2026-06-23 20:04:29,107 | INFO | Result URL: https://fjdefile.phila.gov/efsfjd/zk_fjd_public_qry_03.zp_dktrpt_search
2026-06-23 20:04:29,314 | INFO | Progress saved to: data\output\cases_results.xlsx
2026-06-23 20:04:29,316 | INFO | Progress index saved: 304
2026-06-23 20:04:29,317 | INFO | Waiting 2s before next case...
2026-06-23 20:04:31,318 | INFO | 
===== Batch item 8/10 =====
2026-06-23 20:04:31,319 | INFO | Real index: 305/1213
2026-06-23 20:04:31,319 | INFO | 
Scraping Case ID: 2510T0098
2026-06-23 20:04:31,319 | INFO | Attempt 1/2
2026-06-23 20:04:31,319 | INFO | Opening main page...
2026-06-23 20:04:32,698 | INFO | Main page URL: https://fjdefile.phila.gov/efsfjd/zk_fjd_public_qry_00.zp_main_idx
2026-06-23 20:04:33,357 | INFO | Search page URL: https://fjdefile.phila.gov/efsfjd/zk_fjd_public_qry_03.zp_dktrpt_setup_idx?uid=w8pZKliPAIolqsSYDxam&o=AavdEV8fW!rzHdb
2026-06-23 20:04:33,358 | INFO | Filling Case ID: 2510T0098
2026-06-23 20:04:33,501 | INFO | Submitting search...
2026-06-23 20:04:36,856 | INFO | Result URL: https://fjdefile.phila.gov/efsfjd/zk_fjd_public_qry_03.zp_dktrpt_search
2026-06-23 20:04:37,361 | INFO | Progress saved to: data\output\cases_results.xlsx
2026-06-23 20:04:37,362 | INFO | Progress index saved: 305
2026-06-23 20:04:37,362 | INFO | Waiting 2s before next case...
2026-06-23 20:04:39,364 | INFO | 
===== Batch item 9/10 =====
2026-06-23 20:04:39,365 | INFO | Real index: 306/1213
2026-06-23 20:04:39,365 | INFO | 
Scraping Case ID: 2510T0099
2026-06-23 20:04:39,366 | INFO | Attempt 1/2
2026-06-23 20:04:39,366 | INFO | Opening main page...
2026-06-23 20:04:40,887 | INFO | Main page URL: https://fjdefile.phila.gov/efsfjd/zk_fjd_public_qry_00.zp_main_idx
2026-06-23 20:04:41,471 | INFO | Search page URL: https://fjdefile.phila.gov/efsfjd/zk_fjd_public_qry_03.zp_dktrpt_setup_idx?uid=w8pZKliPAIolqsSYDxam&o=AavdEV8fW!rzHdb
2026-06-23 20:04:41,472 | INFO | Filling Case ID: 2510T0099
2026-06-23 20:04:41,623 | INFO | Submitting search...
2026-06-23 20:04:44,418 | INFO | Result URL: https://fjdefile.phila.gov/efsfjd/zk_fjd_public_qry_03.zp_dktrpt_search
2026-06-23 20:04:44,648 | INFO | Progress saved to: data\output\cases_results.xlsx
2026-06-23 20:04:44,652 | INFO | Progress index saved: 306
2026-06-23 20:04:44,652 | INFO | Waiting 2s before next case...
2026-06-23 20:04:46,653 | INFO | 
===== Batch item 10/10 =====
2026-06-23 20:04:46,654 | INFO | Real index: 307/1213
2026-06-23 20:04:46,654 | INFO | 
Scraping Case ID: 2510T0100
2026-06-23 20:04:46,654 | INFO | Attempt 1/2
2026-06-23 20:04:46,654 | INFO | Opening main page...
2026-06-23 20:04:47,998 | INFO | Main page URL: https://fjdefile.phila.gov/efsfjd/zk_fjd_public_qry_00.zp_main_idx
2026-06-23 20:04:48,508 | INFO | Search page URL: https://fjdefile.phila.gov/efsfjd/zk_fjd_public_qry_03.zp_dktrpt_setup_idx?uid=w8pZKliPAIolqsSYDxam&o=AavdEV8fW!rzHdb
2026-06-23 20:04:48,508 | INFO | Filling Case ID: 2510T0100
2026-06-23 20:04:48,651 | INFO | Submitting search...
2026-06-23 20:04:51,330 | INFO | Result URL: https://fjdefile.phila.gov/efsfjd/zk_fjd_public_qry_03.zp_dktrpt_search
2026-06-23 20:04:51,544 | INFO | Progress saved to: data\output\cases_results.xlsx
2026-06-23 20:04:51,546 | INFO | Progress index saved: 307
2026-06-23 20:04:51,549 | INFO | Waiting 2s before next case...
2026-06-23 20:04:53,551 | INFO | 
Batch done. Output saved to: data\output\cases_results.xlsx
2026-06-23 20:04:53,551 | INFO | Batch complete. Closing browser...
2026-06-23 20:05:06,599 | INFO | Columns found: ['Case ID']
2026-06-23 20:05:06,602 | INFO | Loaded 1213 Case IDs from data\input\case_ids.xlsx
2026-06-23 20:05:06,602 | INFO | Starting from index: 307
2026-06-23 20:05:06,602 | INFO | Processing this batch: 10 cases
2026-06-23 20:05:06,743 | INFO | Loaded existing output rows: 307
2026-06-23 20:05:08,545 | INFO | 
===== Batch item 1/10 =====
2026-06-23 20:05:08,547 | INFO | Real index: 308/1213
2026-06-23 20:05:08,547 | INFO | 
Scraping Case ID: 2510T0101
2026-06-23 20:05:08,548 | INFO | Attempt 1/2
2026-06-23 20:05:08,548 | INFO | Opening main page...
2026-06-23 20:05:12,687 | INFO | Main page URL: https://fjdefile.phila.gov/efsfjd/zk_fjd_public_qry_00.zp_main_idx?uid=IhkLBq!LxIolqsSYDxam&o=RmqWu0teRxozKg8
2026-06-23 20:05:13,821 | INFO | Search page URL: https://fjdefile.phila.gov/efsfjd/zk_fjd_public_qry_03.zp_dktrpt_setup_idx?uid=IhkLBq!LxIolqsSYDxam&o=OjqZx0qbR!rzHdb
2026-06-23 20:05:13,828 | INFO | Filling Case ID: 2510T0101
2026-06-23 20:05:14,069 | INFO | Submitting search...
2026-06-23 20:05:59,301 | INFO | Timeout waiting for result. Current URL: https://fjdefile.phila.gov/efsfjd/zk_fjd_public_qry_00.zp_main_idx?uid=IhkLBq!LxIolqsSYDxam&o=RmqWu0teRxozKg8
2026-06-23 20:05:59,552 | INFO | Debug saved: screenshots\redirected_main_page_2510T0101_20260623_200559.png
2026-06-23 20:05:59,553 | INFO | HTML saved: screenshots\redirected_main_page_2510T0101_20260623_200559.html
2026-06-23 20:05:59,553 | INFO | Attempt failed: Redirected to main page instead of result page
2026-06-23 20:05:59,553 | INFO | Waiting 2s before retry...
2026-06-23 20:06:01,554 | INFO | Attempt 2/2
2026-06-23 20:06:01,554 | INFO | Opening main page...
2026-06-23 20:06:03,429 | INFO | Main page URL: https://fjdefile.phila.gov/efsfjd/zk_fjd_public_qry_00.zp_main_idx
2026-06-23 20:06:03,985 | INFO | Search page URL: https://fjdefile.phila.gov/efsfjd/zk_fjd_public_qry_03.zp_dktrpt_setup_idx?uid=IhkLBq!LxIolqsSYDxam&o=OjqZx0qbR!rzHdb
2026-06-23 20:06:03,985 | INFO | Filling Case ID: 2510T0101
2026-06-23 20:06:04,103 | INFO | Submitting search...
2026-06-23 20:06:49,324 | INFO | Timeout waiting for result. Current URL: https://fjdefile.phila.gov/efsfjd/zk_fjd_public_qry_00.zp_main_idx?uid=IhkLBq!LxIolqsSYDxam&o=RmqWu0teRxozKg8
2026-06-23 20:06:49,508 | INFO | Debug saved: screenshots\redirected_main_page_2510T0101_20260623_200649.png
2026-06-23 20:06:49,509 | INFO | HTML saved: screenshots\redirected_main_page_2510T0101_20260623_200649.html
2026-06-23 20:06:49,509 | INFO | Attempt failed: Redirected to main page instead of result page
2026-06-23 20:06:49,509 | INFO | Failed after 2 attempts. Moving to next case.
2026-06-23 20:06:49,660 | INFO | Progress saved to: data\output\cases_results.xlsx
2026-06-23 20:06:49,661 | INFO | Progress index saved: 308
2026-06-23 20:06:49,662 | INFO | Waiting 2s before next case...
2026-06-23 20:06:51,663 | INFO | 
===== Batch item 2/10 =====
2026-06-23 20:06:51,663 | INFO | Real index: 309/1213
2026-06-23 20:06:51,663 | INFO | 
Scraping Case ID: 2510T0102
2026-06-23 20:06:51,664 | INFO | Attempt 1/2
2026-06-23 20:06:51,664 | INFO | Opening main page...
2026-06-23 20:06:53,488 | INFO | Main page URL: https://fjdefile.phila.gov/efsfjd/zk_fjd_public_qry_00.zp_main_idx
2026-06-23 20:06:53,989 | INFO | Search page URL: https://fjdefile.phila.gov/efsfjd/zk_fjd_public_qry_03.zp_dktrpt_setup_idx?uid=IhkLBq!LxIolqsSYDxam&o=OjqZx0qbR!rzHdb
2026-06-23 20:06:53,990 | INFO | Filling Case ID: 2510T0102
2026-06-23 20:06:54,114 | INFO | Submitting search...
2026-06-23 20:07:39,372 | INFO | Timeout waiting for result. Current URL: https://fjdefile.phila.gov/efsfjd/zk_fjd_public_qry_00.zp_main_idx?uid=IhkLBq!LxIolqsSYDxam&o=RmqWu0teRxozKg8
2026-06-23 20:07:39,507 | INFO | Debug saved: screenshots\redirected_main_page_2510T0102_20260623_200739.png
2026-06-23 20:07:39,508 | INFO | HTML saved: screenshots\redirected_main_page_2510T0102_20260623_200739.html
2026-06-23 20:07:39,508 | INFO | Attempt failed: Redirected to main page instead of result page
2026-06-23 20:07:39,508 | INFO | Waiting 2s before retry...
2026-06-23 20:07:41,509 | INFO | Attempt 2/2
2026-06-23 20:07:41,509 | INFO | Opening main page...
2026-06-23 20:07:43,462 | INFO | Main page URL: https://fjdefile.phila.gov/efsfjd/zk_fjd_public_qry_00.zp_main_idx
2026-06-23 20:07:44,189 | INFO | Search page URL: https://fjdefile.phila.gov/efsfjd/zk_fjd_public_qry_03.zp_dktrpt_setup_idx?uid=IhkLBq!LxIolqsSYDxam&o=OjqZx0qbR!rzHdb
2026-06-23 20:07:44,190 | INFO | Filling Case ID: 2510T0102
2026-06-23 20:07:44,316 | INFO | Submitting search...
2026-06-23 20:08:29,621 | INFO | Timeout waiting for result. Current URL: https://fjdefile.phila.gov/efsfjd/zk_fjd_public_qry_00.zp_main_idx?uid=IhkLBq!LxIolqsSYDxam&o=RmqWu0teRxozKg8
2026-06-23 20:08:29,796 | INFO | Debug saved: screenshots\redirected_main_page_2510T0102_20260623_200829.png
2026-06-23 20:08:29,797 | INFO | HTML saved: screenshots\redirected_main_page_2510T0102_20260623_200829.html
2026-06-23 20:08:29,797 | INFO | Attempt failed: Redirected to main page instead of result page
2026-06-23 20:08:29,797 | INFO | Failed after 2 attempts. Moving to next case.
2026-06-23 20:08:29,944 | INFO | Progress saved to: data\output\cases_results.xlsx
2026-06-23 20:08:29,945 | INFO | Progress index saved: 309
2026-06-23 20:08:29,945 | INFO | Waiting 2s before next case...
2026-06-23 20:08:31,946 | INFO | 
===== Batch item 3/10 =====
2026-06-23 20:08:31,946 | INFO | Real index: 310/1213
2026-06-23 20:08:31,946 | INFO | 
Scraping Case ID: 2510T0103
2026-06-23 20:08:31,946 | INFO | Attempt 1/2
2026-06-23 20:08:31,947 | INFO | Opening main page...
2026-06-23 20:08:33,638 | INFO | Main page URL: https://fjdefile.phila.gov/efsfjd/zk_fjd_public_qry_00.zp_main_idx
2026-06-23 20:08:34,741 | INFO | Search page URL: https://fjdefile.phila.gov/efsfjd/zk_fjd_public_qry_03.zp_dktrpt_setup_idx?uid=IhkLBq!LxIolqsSYDxam&o=OjqZx0qbR!rzHdb
2026-06-23 20:08:34,741 | INFO | Filling Case ID: 2510T0103
2026-06-23 20:08:34,892 | INFO | Submitting search...
2026-06-23 20:09:20,232 | INFO | Timeout waiting for result. Current URL: https://fjdefile.phila.gov/efsfjd/zk_fjd_public_qry_00.zp_main_idx?uid=IhkLBq!LxIolqsSYDxam&o=RmqWu0teRxozKg8
2026-06-23 20:09:20,404 | INFO | Debug saved: screenshots\redirected_main_page_2510T0103_20260623_200920.png
2026-06-23 20:09:20,404 | INFO | HTML saved: screenshots\redirected_main_page_2510T0103_20260623_200920.html
2026-06-23 20:09:20,404 | INFO | Attempt failed: Redirected to main page instead of result page
2026-06-23 20:09:20,404 | INFO | Waiting 2s before retry...
2026-06-23 20:09:22,405 | INFO | Attempt 2/2
2026-06-23 20:09:22,406 | INFO | Opening main page...
2026-06-23 20:09:24,271 | INFO | Main page URL: https://fjdefile.phila.gov/efsfjd/zk_fjd_public_qry_00.zp_main_idx
2026-06-23 20:09:24,977 | INFO | Search page URL: https://fjdefile.phila.gov/efsfjd/zk_fjd_public_qry_03.zp_dktrpt_setup_idx?uid=IhkLBq!LxIolqsSYDxam&o=OjqZx0qbR!rzHdb
2026-06-23 20:09:24,978 | INFO | Filling Case ID: 2510T0103
2026-06-23 20:09:25,127 | INFO | Submitting search...
2026-06-23 20:10:10,369 | INFO | Timeout waiting for result. Current URL: https://fjdefile.phila.gov/efsfjd/zk_fjd_public_qry_00.zp_main_idx?uid=IhkLBq!LxIolqsSYDxam&o=RmqWu0teRxozKg8
2026-06-23 20:10:10,539 | INFO | Debug saved: screenshots\redirected_main_page_2510T0103_20260623_201010.png
2026-06-23 20:10:10,540 | INFO | HTML saved: screenshots\redirected_main_page_2510T0103_20260623_201010.html
2026-06-23 20:10:10,540 | INFO | Attempt failed: Redirected to main page instead of result page
2026-06-23 20:10:10,540 | INFO | Failed after 2 attempts. Moving to next case.
2026-06-23 20:10:10,654 | INFO | Progress saved to: data\output\cases_results.xlsx
2026-06-23 20:10:10,655 | INFO | Progress index saved: 310
2026-06-23 20:10:10,655 | INFO | Waiting 2s before next case...
2026-06-23 20:10:12,656 | INFO | 
===== Batch item 4/10 =====
2026-06-23 20:10:12,656 | INFO | Real index: 311/1213
2026-06-23 20:10:12,656 | INFO | 
Scraping Case ID: 2510T0104
2026-06-23 20:10:12,656 | INFO | Attempt 1/2
2026-06-23 20:10:12,657 | INFO | Opening main page...
2026-06-23 20:10:14,785 | INFO | Main page URL: https://fjdefile.phila.gov/efsfjd/zk_fjd_public_qry_00.zp_main_idx
2026-06-23 20:10:15,401 | INFO | Search page URL: https://fjdefile.phila.gov/efsfjd/zk_fjd_public_qry_03.zp_dktrpt_setup_idx?uid=IhkLBq!LxIolqsSYDxam&o=OjqZx0qbR!rzHdb
2026-06-23 20:10:15,402 | INFO | Filling Case ID: 2510T0104
2026-06-23 20:10:15,524 | INFO | Submitting search...
2026-06-23 20:11:00,744 | INFO | Timeout waiting for result. Current URL: https://fjdefile.phila.gov/efsfjd/zk_fjd_public_qry_00.zp_main_idx?uid=IhkLBq!LxIolqsSYDxam&o=RmqWu0teRxozKg8
2026-06-23 20:11:00,942 | INFO | Debug saved: screenshots\redirected_main_page_2510T0104_20260623_201100.png
2026-06-23 20:11:00,942 | INFO | HTML saved: screenshots\redirected_main_page_2510T0104_20260623_201100.html
2026-06-23 20:11:00,943 | INFO | Attempt failed: Redirected to main page instead of result page
2026-06-23 20:11:00,943 | INFO | Waiting 2s before retry...
2026-06-23 20:11:02,944 | INFO | Attempt 2/2
2026-06-23 20:11:02,946 | INFO | Opening main page...
2026-06-23 20:11:04,749 | INFO | Main page URL: https://fjdefile.phila.gov/efsfjd/zk_fjd_public_qry_00.zp_main_idx
2026-06-23 20:11:05,558 | INFO | Search page URL: https://fjdefile.phila.gov/efsfjd/zk_fjd_public_qry_03.zp_dktrpt_setup_idx?uid=IhkLBq!LxIolqsSYDxam&o=OjqZx0qbR!rzHdb
2026-06-23 20:11:05,558 | INFO | Filling Case ID: 2510T0104
2026-06-23 20:11:05,682 | INFO | Submitting search...
2026-06-23 20:11:51,018 | INFO | Timeout waiting for result. Current URL: https://fjdefile.phila.gov/efsfjd/zk_fjd_public_qry_00.zp_main_idx?uid=IhkLBq!LxIolqsSYDxam&o=RmqWu0teRxozKg8
2026-06-23 20:11:51,198 | INFO | Debug saved: screenshots\redirected_main_page_2510T0104_20260623_201151.png
2026-06-23 20:11:51,198 | INFO | HTML saved: screenshots\redirected_main_page_2510T0104_20260623_201151.html
2026-06-23 20:11:51,198 | INFO | Attempt failed: Redirected to main page instead of result page
2026-06-23 20:11:51,198 | INFO | Failed after 2 attempts. Moving to next case.
2026-06-23 20:11:51,321 | INFO | Progress saved to: data\output\cases_results.xlsx
2026-06-23 20:11:51,322 | INFO | Progress index saved: 311
2026-06-23 20:11:51,322 | INFO | Waiting 2s before next case...
2026-06-23 20:11:53,323 | INFO | 
===== Batch item 5/10 =====
2026-06-23 20:11:53,323 | INFO | Real index: 312/1213
2026-06-23 20:11:53,323 | INFO | 
Scraping Case ID: 2510T0105
2026-06-23 20:11:53,324 | INFO | Attempt 1/2
2026-06-23 20:11:53,324 | INFO | Opening main page...
2026-06-23 20:11:56,411 | INFO | Main page URL: https://fjdefile.phila.gov/efsfjd/zk_fjd_public_qry_00.zp_main_idx
2026-06-23 20:11:56,944 | INFO | Search page URL: https://fjdefile.phila.gov/efsfjd/zk_fjd_public_qry_03.zp_dktrpt_setup_idx?uid=IhkLBq!LxIolqsSYDxam&o=OjqZx0qbR!rzHdb
2026-06-23 20:11:56,945 | INFO | Filling Case ID: 2510T0105
2026-06-23 20:11:57,085 | INFO | Submitting search...
2026-06-23 20:12:42,307 | INFO | Timeout waiting for result. Current URL: https://fjdefile.phila.gov/efsfjd/zk_fjd_public_qry_00.zp_main_idx?uid=IhkLBq!LxIolqsSYDxam&o=RmqWu0teRxozKg8
2026-06-23 20:12:42,480 | INFO | Debug saved: screenshots\redirected_main_page_2510T0105_20260623_201242.png
2026-06-23 20:12:42,480 | INFO | HTML saved: screenshots\redirected_main_page_2510T0105_20260623_201242.html
2026-06-23 20:12:42,480 | INFO | Attempt failed: Redirected to main page instead of result page
2026-06-23 20:12:42,480 | INFO | Waiting 2s before retry...
2026-06-23 20:12:44,482 | INFO | Attempt 2/2
2026-06-23 20:12:44,483 | INFO | Opening main page...
2026-06-23 20:12:46,494 | INFO | Main page URL: https://fjdefile.phila.gov/efsfjd/zk_fjd_public_qry_00.zp_main_idx
2026-06-23 20:12:47,285 | INFO | Search page URL: https://fjdefile.phila.gov/efsfjd/zk_fjd_public_qry_03.zp_dktrpt_setup_idx?uid=IhkLBq!LxIolqsSYDxam&o=OjqZx0qbR!rzHdb
2026-06-23 20:12:47,287 | INFO | Filling Case ID: 2510T0105
2026-06-23 20:12:47,499 | INFO | Submitting search...
2026-06-23 20:13:32,810 | INFO | Timeout waiting for result. Current URL: https://fjdefile.phila.gov/efsfjd/zk_fjd_public_qry_00.zp_main_idx?uid=IhkLBq!LxIolqsSYDxam&o=RmqWu0teRxozKg8
2026-06-23 20:13:33,017 | INFO | Debug saved: screenshots\redirected_main_page_2510T0105_20260623_201332.png
2026-06-23 20:13:33,018 | INFO | HTML saved: screenshots\redirected_main_page_2510T0105_20260623_201332.html
2026-06-23 20:13:33,018 | INFO | Attempt failed: Redirected to main page instead of result page
2026-06-23 20:13:33,018 | INFO | Failed after 2 attempts. Moving to next case.
2026-06-23 20:13:33,177 | INFO | Progress saved to: data\output\cases_results.xlsx
2026-06-23 20:13:33,178 | INFO | Progress index saved: 312
2026-06-23 20:13:33,179 | INFO | 
5 failures in a row. Cooling down for 20s...
2026-06-23 20:13:53,180 | INFO | Waiting 2s before next case...
2026-06-23 20:13:55,181 | INFO | 
===== Batch item 6/10 =====
2026-06-23 20:13:55,182 | INFO | Real index: 313/1213
2026-06-23 20:13:55,182 | INFO | 
Scraping Case ID: 2510T0106
2026-06-23 20:13:55,182 | INFO | Attempt 1/2
2026-06-23 20:13:55,182 | INFO | Opening main page...
2026-06-23 20:13:57,944 | INFO | Main page URL: https://fjdefile.phila.gov/efsfjd/zk_fjd_public_qry_00.zp_main_idx
2026-06-23 20:13:59,477 | INFO | Search page URL: https://fjdefile.phila.gov/efsfjd/zk_fjd_public_qry_03.zp_dktrpt_setup_idx?uid=IhkLBq!LxIolqsSYDxam&o=OjqZx0qbR!rzHdb
2026-06-23 20:13:59,477 | INFO | Filling Case ID: 2510T0106
2026-06-23 20:13:59,682 | INFO | Submitting search...
2026-06-23 20:14:44,957 | INFO | Timeout waiting for result. Current URL: https://fjdefile.phila.gov/efsfjd/zk_fjd_public_qry_00.zp_main_idx?uid=IhkLBq!LxIolqsSYDxam&o=RmqWu0teRxozKg8
2026-06-23 20:14:45,139 | INFO | Debug saved: screenshots\redirected_main_page_2510T0106_20260623_201444.png
2026-06-23 20:14:45,139 | INFO | HTML saved: screenshots\redirected_main_page_2510T0106_20260623_201444.html
2026-06-23 20:14:45,139 | INFO | Attempt failed: Redirected to main page instead of result page
2026-06-23 20:14:45,139 | INFO | Waiting 2s before retry...
2026-06-23 20:14:47,140 | INFO | Attempt 2/2
2026-06-23 20:14:47,140 | INFO | Opening main page...
2026-06-23 20:14:49,663 | INFO | Main page URL: https://fjdefile.phila.gov/efsfjd/zk_fjd_public_qry_00.zp_main_idx
2026-06-23 20:14:50,270 | INFO | Search page URL: https://fjdefile.phila.gov/efsfjd/zk_fjd_public_qry_03.zp_dktrpt_setup_idx?uid=IhkLBq!LxIolqsSYDxam&o=OjqZx0qbR!rzHdb
2026-06-23 20:14:50,271 | INFO | Filling Case ID: 2510T0106
2026-06-23 20:14:50,406 | INFO | Submitting search...
2026-06-23 20:14:55,550 | INFO | Result URL: https://fjdefile.phila.gov/efsfjd/zk_fjd_public_qry_03.zp_dktrpt_search
2026-06-23 20:14:55,854 | INFO | Progress saved to: data\output\cases_results.xlsx
2026-06-23 20:14:55,855 | INFO | Progress index saved: 313
2026-06-23 20:14:55,856 | INFO | Waiting 2s before next case...
2026-06-23 20:14:57,857 | INFO | 
===== Batch item 7/10 =====
2026-06-23 20:14:57,858 | INFO | Real index: 314/1213
2026-06-23 20:14:57,858 | INFO | 
Scraping Case ID: 2510T0107
2026-06-23 20:14:57,858 | INFO | Attempt 1/2
2026-06-23 20:14:57,858 | INFO | Opening main page...
2026-06-23 20:14:59,494 | INFO | Main page URL: https://fjdefile.phila.gov/efsfjd/zk_fjd_public_qry_00.zp_main_idx
2026-06-23 20:15:00,991 | INFO | Search page URL: https://fjdefile.phila.gov/efsfjd/zk_fjd_public_qry_03.zp_dktrpt_setup_idx?uid=IhkLBq!LxIolqsSYDxam&o=OjqZx0qbR!rzHdb
2026-06-23 20:15:00,992 | INFO | Filling Case ID: 2510T0107
2026-06-23 20:15:01,251 | INFO | Submitting search...
2026-06-23 20:15:04,851 | INFO | Result URL: https://fjdefile.phila.gov/efsfjd/zk_fjd_public_qry_03.zp_dktrpt_search
2026-06-23 20:15:05,514 | INFO | Progress saved to: data\output\cases_results.xlsx
2026-06-23 20:15:05,516 | INFO | Progress index saved: 314
2026-06-23 20:15:05,517 | INFO | Waiting 2s before next case...
2026-06-23 20:15:07,518 | INFO | 
===== Batch item 8/10 =====
2026-06-23 20:15:07,518 | INFO | Real index: 315/1213
2026-06-23 20:15:07,519 | INFO | 
Scraping Case ID: 2510T0108
2026-06-23 20:15:07,519 | INFO | Attempt 1/2
2026-06-23 20:15:07,519 | INFO | Opening main page...
2026-06-23 20:15:09,236 | INFO | Main page URL: https://fjdefile.phila.gov/efsfjd/zk_fjd_public_qry_00.zp_main_idx
2026-06-23 20:15:10,753 | INFO | Search page URL: https://fjdefile.phila.gov/efsfjd/zk_fjd_public_qry_03.zp_dktrpt_setup_idx?uid=IhkLBq!LxIolqsSYDxam&o=OjqZx0qbR!rzHdb
2026-06-23 20:15:10,754 | INFO | Filling Case ID: 2510T0108
2026-06-23 20:15:11,000 | INFO | Submitting search...
2026-06-23 20:15:14,825 | INFO | Result URL: https://fjdefile.phila.gov/efsfjd/zk_fjd_public_qry_03.zp_dktrpt_search
2026-06-23 20:15:15,094 | INFO | Progress saved to: data\output\cases_results.xlsx
2026-06-23 20:15:15,097 | INFO | Progress index saved: 315
2026-06-23 20:15:15,097 | INFO | Waiting 2s before next case...
2026-06-23 20:15:17,099 | INFO | 
===== Batch item 9/10 =====
2026-06-23 20:15:17,100 | INFO | Real index: 316/1213
2026-06-23 20:15:17,100 | INFO | 
Scraping Case ID: 2510T0109
2026-06-23 20:15:17,100 | INFO | Attempt 1/2
2026-06-23 20:15:17,100 | INFO | Opening main page...
2026-06-23 20:15:18,626 | INFO | Main page URL: https://fjdefile.phila.gov/efsfjd/zk_fjd_public_qry_00.zp_main_idx
2026-06-23 20:15:19,199 | INFO | Search page URL: https://fjdefile.phila.gov/efsfjd/zk_fjd_public_qry_03.zp_dktrpt_setup_idx?uid=IhkLBq!LxIolqsSYDxam&o=OjqZx0qbR!rzHdb
2026-06-23 20:15:19,199 | INFO | Filling Case ID: 2510T0109
2026-06-23 20:15:19,322 | INFO | Submitting search...
2026-06-23 20:15:24,430 | INFO | Result URL: https://fjdefile.phila.gov/efsfjd/zk_fjd_public_qry_03.zp_dktrpt_search
2026-06-23 20:15:24,820 | INFO | Progress saved to: data\output\cases_results.xlsx
2026-06-23 20:15:24,822 | INFO | Progress index saved: 316
2026-06-23 20:15:24,823 | INFO | Waiting 2s before next case...
2026-06-23 20:15:26,824 | INFO | 
===== Batch item 10/10 =====
2026-06-23 20:15:26,825 | INFO | Real index: 317/1213
2026-06-23 20:15:26,825 | INFO | 
Scraping Case ID: 2510T0110
2026-06-23 20:15:26,826 | INFO | Attempt 1/2
2026-06-23 20:15:26,826 | INFO | Opening main page...
2026-06-23 20:15:28,311 | INFO | Main page URL: https://fjdefile.phila.gov/efsfjd/zk_fjd_public_qry_00.zp_main_idx
2026-06-23 20:15:29,011 | INFO | Search page URL: https://fjdefile.phila.gov/efsfjd/zk_fjd_public_qry_03.zp_dktrpt_setup_idx?uid=IhkLBq!LxIolqsSYDxam&o=OjqZx0qbR!rzHdb
2026-06-23 20:15:29,011 | INFO | Filling Case ID: 2510T0110
2026-06-23 20:15:29,171 | INFO | Submitting search...
2026-06-23 20:16:14,423 | INFO | Timeout waiting for result. Current URL: https://fjdefile.phila.gov/efsfjd/zk_fjd_public_qry_00.zp_main_idx?uid=IhkLBq!LxIolqsSYDxam&o=RmqWu0teRxozKg8
2026-06-23 20:16:14,727 | INFO | Debug saved: screenshots\redirected_main_page_2510T0110_20260623_201614.png
2026-06-23 20:16:14,728 | INFO | HTML saved: screenshots\redirected_main_page_2510T0110_20260623_201614.html
2026-06-23 20:16:14,728 | INFO | Attempt failed: Redirected to main page instead of result page
2026-06-23 20:16:14,729 | INFO | Waiting 2s before retry...
2026-06-23 20:16:16,730 | INFO | Attempt 2/2
2026-06-23 20:16:16,731 | INFO | Opening main page...
2026-06-23 20:16:19,072 | INFO | Main page URL: https://fjdefile.phila.gov/efsfjd/zk_fjd_public_qry_00.zp_main_idx
2026-06-23 20:16:19,705 | INFO | Search page URL: https://fjdefile.phila.gov/efsfjd/zk_fjd_public_qry_03.zp_dktrpt_setup_idx?uid=IhkLBq!LxIolqsSYDxam&o=OjqZx0qbR!rzHdb
2026-06-23 20:16:19,706 | INFO | Filling Case ID: 2510T0110
2026-06-23 20:16:19,850 | INFO | Submitting search...
2026-06-23 20:17:05,063 | INFO | Timeout waiting for result. Current URL: https://fjdefile.phila.gov/efsfjd/zk_fjd_public_qry_00.zp_main_idx?uid=IhkLBq!LxIolqsSYDxam&o=RmqWu0teRxozKg8
2026-06-23 20:17:05,290 | INFO | Debug saved: screenshots\redirected_main_page_2510T0110_20260623_201705.png
2026-06-23 20:17:05,290 | INFO | HTML saved: screenshots\redirected_main_page_2510T0110_20260623_201705.html
2026-06-23 20:17:05,290 | INFO | Attempt failed: Redirected to main page instead of result page
2026-06-23 20:17:05,291 | INFO | Failed after 2 attempts. Moving to next case.
2026-06-23 20:17:05,450 | INFO | Progress saved to: data\output\cases_results.xlsx
2026-06-23 20:17:05,453 | INFO | Progress index saved: 317
2026-06-23 20:17:05,454 | INFO | Waiting 2s before next case...
2026-06-23 20:17:07,455 | INFO | 
Batch done. Output saved to: data\output\cases_results.xlsx
2026-06-23 20:17:07,455 | INFO | Batch complete. Closing browser...
2026-06-23 20:17:21,709 | INFO | Columns found: ['Case ID']
2026-06-23 20:17:21,711 | INFO | Loaded 1213 Case IDs from data\input\case_ids.xlsx
2026-06-23 20:17:21,711 | INFO | Starting from index: 317
2026-06-23 20:17:21,711 | INFO | Processing this batch: 10 cases
2026-06-23 20:17:21,863 | INFO | Loaded existing output rows: 317
2026-06-23 20:17:23,657 | INFO | 
===== Batch item 1/10 =====
2026-06-23 20:17:23,658 | INFO | Real index: 318/1213
2026-06-23 20:17:23,659 | INFO | 
Scraping Case ID: 2510T0111
2026-06-23 20:17:23,659 | INFO | Attempt 1/2
2026-06-23 20:17:23,660 | INFO | Opening main page...
2026-06-23 20:17:29,419 | INFO | Main page URL: https://fjdefile.phila.gov/efsfjd/zk_fjd_public_qry_00.zp_main_idx?uid=w1iZSklPzIolqsSYDxam&o=D6oaJUeiTxozKg8
2026-06-23 20:17:30,056 | INFO | Search page URL: https://fjdefile.phila.gov/efsfjd/zk_fjd_public_qry_03.zp_dktrpt_setup_idx?uid=w1iZSklPzIolqsSYDxam&o=A3odMUbfT!rzHdb
2026-06-23 20:17:30,056 | INFO | Filling Case ID: 2510T0111
2026-06-23 20:17:30,195 | INFO | Submitting search...
2026-06-23 20:18:15,392 | INFO | Timeout waiting for result. Current URL: https://fjdefile.phila.gov/efsfjd/zk_fjd_public_qry_00.zp_main_idx?uid=w1iZSklPzIolqsSYDxam&o=D6oaJUeiTxozKg8
2026-06-23 20:18:15,687 | INFO | Debug saved: screenshots\redirected_main_page_2510T0111_20260623_201815.png
2026-06-23 20:18:15,687 | INFO | HTML saved: screenshots\redirected_main_page_2510T0111_20260623_201815.html
2026-06-23 20:18:15,687 | INFO | Attempt failed: Redirected to main page instead of result page
2026-06-23 20:18:15,687 | INFO | Waiting 2s before retry...
2026-06-23 20:18:17,688 | INFO | Attempt 2/2
2026-06-23 20:18:17,688 | INFO | Opening main page...
2026-06-23 20:18:19,495 | INFO | Main page URL: https://fjdefile.phila.gov/efsfjd/zk_fjd_public_qry_00.zp_main_idx
2026-06-23 20:18:20,160 | INFO | Search page URL: https://fjdefile.phila.gov/efsfjd/zk_fjd_public_qry_03.zp_dktrpt_setup_idx?uid=w1iZSklPzIolqsSYDxam&o=A3odMUbfT!rzHdb
2026-06-23 20:18:20,161 | INFO | Filling Case ID: 2510T0111
2026-06-23 20:18:20,352 | INFO | Submitting search...
2026-06-23 20:18:24,345 | INFO | Result URL: https://fjdefile.phila.gov/efsfjd/zk_fjd_public_qry_03.zp_dktrpt_search
2026-06-23 20:18:24,612 | INFO | Progress saved to: data\output\cases_results.xlsx
2026-06-23 20:18:24,614 | INFO | Progress index saved: 318
2026-06-23 20:18:24,614 | INFO | Waiting 2s before next case...
2026-06-23 20:18:26,614 | INFO | 
===== Batch item 2/10 =====
2026-06-23 20:18:26,615 | INFO | Real index: 319/1213
2026-06-23 20:18:26,615 | INFO | 
Scraping Case ID: 2510T0112
2026-06-23 20:18:26,615 | INFO | Attempt 1/2
2026-06-23 20:18:26,615 | INFO | Opening main page...
2026-06-23 20:18:27,996 | INFO | Main page URL: https://fjdefile.phila.gov/efsfjd/zk_fjd_public_qry_00.zp_main_idx
2026-06-23 20:18:28,521 | INFO | Search page URL: https://fjdefile.phila.gov/efsfjd/zk_fjd_public_qry_03.zp_dktrpt_setup_idx?uid=w1iZSklPzIolqsSYDxam&o=A3odMUbfT!rzHdb
2026-06-23 20:18:28,522 | INFO | Filling Case ID: 2510T0112
2026-06-23 20:18:28,641 | INFO | Submitting search...
2026-06-23 20:19:13,915 | INFO | Timeout waiting for result. Current URL: https://fjdefile.phila.gov/efsfjd/zk_fjd_public_qry_00.zp_main_idx?uid=w1iZSklPzIolqsSYDxam&o=D6oaJUeiTxozKg8
2026-06-23 20:19:14,086 | INFO | Debug saved: screenshots\redirected_main_page_2510T0112_20260623_201913.png
2026-06-23 20:19:14,086 | INFO | HTML saved: screenshots\redirected_main_page_2510T0112_20260623_201913.html
2026-06-23 20:19:14,086 | INFO | Attempt failed: Redirected to main page instead of result page
2026-06-23 20:19:14,086 | INFO | Waiting 2s before retry...
2026-06-23 20:19:16,087 | INFO | Attempt 2/2
2026-06-23 20:19:16,088 | INFO | Opening main page...
2026-06-23 20:19:17,891 | INFO | Main page URL: https://fjdefile.phila.gov/efsfjd/zk_fjd_public_qry_00.zp_main_idx
2026-06-23 20:19:18,499 | INFO | Search page URL: https://fjdefile.phila.gov/efsfjd/zk_fjd_public_qry_03.zp_dktrpt_setup_idx?uid=w1iZSklPzIolqsSYDxam&o=A3odMUbfT!rzHdb
2026-06-23 20:19:18,500 | INFO | Filling Case ID: 2510T0112
2026-06-23 20:19:18,625 | INFO | Submitting search...
2026-06-23 20:20:03,887 | INFO | Timeout waiting for result. Current URL: https://fjdefile.phila.gov/efsfjd/zk_fjd_public_qry_00.zp_main_idx?uid=w1iZSklPzIolqsSYDxam&o=D6oaJUeiTxozKg8
2026-06-23 20:20:04,167 | INFO | Debug saved: screenshots\redirected_main_page_2510T0112_20260623_202003.png
2026-06-23 20:20:04,168 | INFO | HTML saved: screenshots\redirected_main_page_2510T0112_20260623_202003.html
2026-06-23 20:20:04,168 | INFO | Attempt failed: Redirected to main page instead of result page
2026-06-23 20:20:04,169 | INFO | Failed after 2 attempts. Moving to next case.
2026-06-23 20:20:04,378 | INFO | Progress saved to: data\output\cases_results.xlsx
2026-06-23 20:20:04,380 | INFO | Progress index saved: 319
2026-06-23 20:20:04,380 | INFO | Waiting 2s before next case...
2026-06-23 20:20:06,381 | INFO | 
===== Batch item 3/10 =====
2026-06-23 20:20:06,381 | INFO | Real index: 320/1213
2026-06-23 20:20:06,382 | INFO | 
Scraping Case ID: 2510T0113
2026-06-23 20:20:06,382 | INFO | Attempt 1/2
2026-06-23 20:20:06,382 | INFO | Opening main page...
2026-06-23 20:20:09,745 | INFO | Main page URL: https://fjdefile.phila.gov/efsfjd/zk_fjd_public_qry_00.zp_main_idx
2026-06-23 20:20:10,385 | INFO | Search page URL: https://fjdefile.phila.gov/efsfjd/zk_fjd_public_qry_03.zp_dktrpt_setup_idx?uid=w1iZSklPzIolqsSYDxam&o=A3odMUbfT!rzHdb
2026-06-23 20:20:10,386 | INFO | Filling Case ID: 2510T0113
2026-06-23 20:20:10,510 | INFO | Submitting search...
2026-06-23 20:20:13,744 | INFO | Result URL: https://fjdefile.phila.gov/efsfjd/zk_fjd_public_qry_03.zp_dktrpt_search
2026-06-23 20:20:14,032 | INFO | Progress saved to: data\output\cases_results.xlsx
2026-06-23 20:20:14,034 | INFO | Progress index saved: 320
2026-06-23 20:20:14,034 | INFO | Waiting 2s before next case...
2026-06-23 20:20:16,036 | INFO | 
===== Batch item 4/10 =====
2026-06-23 20:20:16,036 | INFO | Real index: 321/1213
2026-06-23 20:20:16,037 | INFO | 
Scraping Case ID: 2510T0114
2026-06-23 20:20:16,038 | INFO | Attempt 1/2
2026-06-23 20:20:16,039 | INFO | Opening main page...
2026-06-23 20:20:17,461 | INFO | Main page URL: https://fjdefile.phila.gov/efsfjd/zk_fjd_public_qry_00.zp_main_idx
2026-06-23 20:20:18,201 | INFO | Search page URL: https://fjdefile.phila.gov/efsfjd/zk_fjd_public_qry_03.zp_dktrpt_setup_idx?uid=w1iZSklPzIolqsSYDxam&o=A3odMUbfT!rzHdb
2026-06-23 20:20:18,201 | INFO | Filling Case ID: 2510T0114
2026-06-23 20:20:18,323 | INFO | Submitting search...
2026-06-23 20:21:03,554 | INFO | Timeout waiting for result. Current URL: https://fjdefile.phila.gov/efsfjd/zk_fjd_public_qry_00.zp_main_idx?uid=w1iZSklPzIolqsSYDxam&o=D6oaJUeiTxozKg8
2026-06-23 20:21:03,717 | INFO | Debug saved: screenshots\redirected_main_page_2510T0114_20260623_202103.png
2026-06-23 20:21:03,717 | INFO | HTML saved: screenshots\redirected_main_page_2510T0114_20260623_202103.html
2026-06-23 20:21:03,717 | INFO | Attempt failed: Redirected to main page instead of result page
2026-06-23 20:21:03,717 | INFO | Waiting 2s before retry...
2026-06-23 20:21:05,718 | INFO | Attempt 2/2
2026-06-23 20:21:05,718 | INFO | Opening main page...
2026-06-23 20:21:07,587 | INFO | Main page URL: https://fjdefile.phila.gov/efsfjd/zk_fjd_public_qry_00.zp_main_idx
2026-06-23 20:21:08,010 | INFO | Search page URL: https://fjdefile.phila.gov/efsfjd/zk_fjd_public_qry_03.zp_dktrpt_setup_idx?uid=w1iZSklPzIolqsSYDxam&o=A3odMUbfT!rzHdb
2026-06-23 20:21:08,011 | INFO | Filling Case ID: 2510T0114
2026-06-23 20:21:08,136 | INFO | Submitting search...
2026-06-23 20:21:10,063 | INFO | Result URL: https://fjdefile.phila.gov/efsfjd/zk_fjd_public_qry_03.zp_dktrpt_search
2026-06-23 20:21:10,224 | INFO | Progress saved to: data\output\cases_results.xlsx
2026-06-23 20:21:10,227 | INFO | Progress index saved: 321
2026-06-23 20:21:10,230 | INFO | Waiting 2s before next case...
2026-06-23 20:21:12,232 | INFO | 
===== Batch item 5/10 =====
2026-06-23 20:21:12,232 | INFO | Real index: 322/1213
2026-06-23 20:21:12,233 | INFO | 
Scraping Case ID: 2510T0115
2026-06-23 20:21:12,233 | INFO | Attempt 1/2
2026-06-23 20:21:12,233 | INFO | Opening main page...
2026-06-23 20:21:13,593 | INFO | Main page URL: https://fjdefile.phila.gov/efsfjd/zk_fjd_public_qry_00.zp_main_idx
2026-06-23 20:21:14,031 | INFO | Search page URL: https://fjdefile.phila.gov/efsfjd/zk_fjd_public_qry_03.zp_dktrpt_setup_idx?uid=w1iZSklPzIolqsSYDxam&o=A3odMUbfT!rzHdb
2026-06-23 20:21:14,031 | INFO | Filling Case ID: 2510T0115
2026-06-23 20:21:14,147 | INFO | Submitting search...
2026-06-23 20:21:59,403 | INFO | Timeout waiting for result. Current URL: https://fjdefile.phila.gov/efsfjd/zk_fjd_public_qry_00.zp_main_idx?uid=w1iZSklPzIolqsSYDxam&o=D6oaJUeiTxozKg8
2026-06-23 20:21:59,583 | INFO | Debug saved: screenshots\redirected_main_page_2510T0115_20260623_202159.png
2026-06-23 20:21:59,583 | INFO | HTML saved: screenshots\redirected_main_page_2510T0115_20260623_202159.html
2026-06-23 20:21:59,583 | INFO | Attempt failed: Redirected to main page instead of result page
2026-06-23 20:21:59,583 | INFO | Waiting 2s before retry...
2026-06-23 20:22:01,584 | INFO | Attempt 2/2
2026-06-23 20:22:01,585 | INFO | Opening main page...
2026-06-23 20:22:03,235 | INFO | Main page URL: https://fjdefile.phila.gov/efsfjd/zk_fjd_public_qry_00.zp_main_idx
2026-06-23 20:22:03,647 | INFO | Search page URL: https://fjdefile.phila.gov/efsfjd/zk_fjd_public_qry_03.zp_dktrpt_setup_idx?uid=w1iZSklPzIolqsSYDxam&o=A3odMUbfT!rzHdb
2026-06-23 20:22:03,647 | INFO | Filling Case ID: 2510T0115
2026-06-23 20:22:03,763 | INFO | Submitting search...
2026-06-23 20:22:48,998 | INFO | Timeout waiting for result. Current URL: https://fjdefile.phila.gov/efsfjd/zk_fjd_public_qry_00.zp_main_idx?uid=w1iZSklPzIolqsSYDxam&o=D6oaJUeiTxozKg8
2026-06-23 20:22:49,151 | INFO | Debug saved: screenshots\redirected_main_page_2510T0115_20260623_202248.png
2026-06-23 20:22:49,151 | INFO | HTML saved: screenshots\redirected_main_page_2510T0115_20260623_202248.html
2026-06-23 20:22:49,151 | INFO | Attempt failed: Redirected to main page instead of result page
2026-06-23 20:22:49,151 | INFO | Failed after 2 attempts. Moving to next case.
2026-06-23 20:22:49,274 | INFO | Progress saved to: data\output\cases_results.xlsx
2026-06-23 20:22:49,275 | INFO | Progress index saved: 322
2026-06-23 20:22:49,275 | INFO | Waiting 2s before next case...
2026-06-23 20:22:51,276 | INFO | 
===== Batch item 6/10 =====
2026-06-23 20:22:51,277 | INFO | Real index: 323/1213
2026-06-23 20:22:51,277 | INFO | 
Scraping Case ID: 2510T0116
2026-06-23 20:22:51,277 | INFO | Attempt 1/2
2026-06-23 20:22:51,277 | INFO | Opening main page...
2026-06-23 20:22:53,154 | INFO | Main page URL: https://fjdefile.phila.gov/efsfjd/zk_fjd_public_qry_00.zp_main_idx
2026-06-23 20:22:53,599 | INFO | Search page URL: https://fjdefile.phila.gov/efsfjd/zk_fjd_public_qry_03.zp_dktrpt_setup_idx?uid=w1iZSklPzIolqsSYDxam&o=A3odMUbfT!rzHdb
2026-06-23 20:22:53,599 | INFO | Filling Case ID: 2510T0116
2026-06-23 20:22:53,724 | INFO | Submitting search...
2026-06-23 20:23:38,999 | INFO | Timeout waiting for result. Current URL: https://fjdefile.phila.gov/efsfjd/zk_fjd_public_qry_00.zp_main_idx?uid=w1iZSklPzIolqsSYDxam&o=D6oaJUeiTxozKg8
2026-06-23 20:23:39,182 | INFO | Debug saved: screenshots\redirected_main_page_2510T0116_20260623_202338.png
2026-06-23 20:23:39,183 | INFO | HTML saved: screenshots\redirected_main_page_2510T0116_20260623_202338.html
2026-06-23 20:23:39,183 | INFO | Attempt failed: Redirected to main page instead of result page
2026-06-23 20:23:39,183 | INFO | Waiting 2s before retry...
2026-06-23 20:23:41,183 | INFO | Attempt 2/2
2026-06-23 20:23:41,184 | INFO | Opening main page...
2026-06-23 20:23:42,806 | INFO | Main page URL: https://fjdefile.phila.gov/efsfjd/zk_fjd_public_qry_00.zp_main_idx
2026-06-23 20:23:43,202 | INFO | Search page URL: https://fjdefile.phila.gov/efsfjd/zk_fjd_public_qry_03.zp_dktrpt_setup_idx?uid=w1iZSklPzIolqsSYDxam&o=A3odMUbfT!rzHdb
2026-06-23 20:23:43,203 | INFO | Filling Case ID: 2510T0116
2026-06-23 20:23:43,344 | INFO | Submitting search...
2026-06-23 20:24:28,569 | INFO | Timeout waiting for result. Current URL: https://fjdefile.phila.gov/efsfjd/zk_fjd_public_qry_00.zp_main_idx?uid=w1iZSklPzIolqsSYDxam&o=D6oaJUeiTxozKg8
2026-06-23 20:24:28,716 | INFO | Debug saved: screenshots\redirected_main_page_2510T0116_20260623_202428.png
2026-06-23 20:24:28,717 | INFO | HTML saved: screenshots\redirected_main_page_2510T0116_20260623_202428.html
2026-06-23 20:24:28,717 | INFO | Attempt failed: Redirected to main page instead of result page
2026-06-23 20:24:28,717 | INFO | Failed after 2 attempts. Moving to next case.
2026-06-23 20:24:28,827 | INFO | Progress saved to: data\output\cases_results.xlsx
2026-06-23 20:24:28,828 | INFO | Progress index saved: 323
2026-06-23 20:24:28,829 | INFO | Waiting 2s before next case...
2026-06-23 20:24:30,829 | INFO | 
===== Batch item 7/10 =====
2026-06-23 20:24:30,830 | INFO | Real index: 324/1213
2026-06-23 20:24:30,830 | INFO | 
Scraping Case ID: 2510T0117
2026-06-23 20:24:30,831 | INFO | Attempt 1/2
2026-06-23 20:24:30,831 | INFO | Opening main page...
2026-06-23 20:24:32,518 | INFO | Main page URL: https://fjdefile.phila.gov/efsfjd/zk_fjd_public_qry_00.zp_main_idx
2026-06-23 20:24:32,895 | INFO | Search page URL: https://fjdefile.phila.gov/efsfjd/zk_fjd_public_qry_03.zp_dktrpt_setup_idx?uid=w1iZSklPzIolqsSYDxam&o=A3odMUbfT!rzHdb
2026-06-23 20:24:32,895 | INFO | Filling Case ID: 2510T0117
2026-06-23 20:24:33,020 | INFO | Submitting search...
2026-06-23 20:25:18,230 | INFO | Timeout waiting for result. Current URL: https://fjdefile.phila.gov/efsfjd/zk_fjd_public_qry_00.zp_main_idx?uid=w1iZSklPzIolqsSYDxam&o=D6oaJUeiTxozKg8
2026-06-23 20:25:18,396 | INFO | Debug saved: screenshots\redirected_main_page_2510T0117_20260623_202518.png
2026-06-23 20:25:18,396 | INFO | HTML saved: screenshots\redirected_main_page_2510T0117_20260623_202518.html
2026-06-23 20:25:18,396 | INFO | Attempt failed: Redirected to main page instead of result page
2026-06-23 20:25:18,396 | INFO | Waiting 2s before retry...
2026-06-23 20:25:20,397 | INFO | Attempt 2/2
2026-06-23 20:25:20,398 | INFO | Opening main page...
2026-06-23 20:25:22,009 | INFO | Main page URL: https://fjdefile.phila.gov/efsfjd/zk_fjd_public_qry_00.zp_main_idx
2026-06-23 20:25:22,481 | INFO | Search page URL: https://fjdefile.phila.gov/efsfjd/zk_fjd_public_qry_03.zp_dktrpt_setup_idx?uid=w1iZSklPzIolqsSYDxam&o=A3odMUbfT!rzHdb
2026-06-23 20:25:22,481 | INFO | Filling Case ID: 2510T0117
2026-06-23 20:25:22,612 | INFO | Submitting search...
2026-06-23 20:26:07,848 | INFO | Timeout waiting for result. Current URL: https://fjdefile.phila.gov/efsfjd/zk_fjd_public_qry_00.zp_main_idx?uid=w1iZSklPzIolqsSYDxam&o=D6oaJUeiTxozKg8
2026-06-23 20:26:07,992 | INFO | Debug saved: screenshots\redirected_main_page_2510T0117_20260623_202607.png
2026-06-23 20:26:07,992 | INFO | HTML saved: screenshots\redirected_main_page_2510T0117_20260623_202607.html
2026-06-23 20:26:07,992 | INFO | Attempt failed: Redirected to main page instead of result page
2026-06-23 20:26:07,993 | INFO | Failed after 2 attempts. Moving to next case.
2026-06-23 20:26:08,215 | INFO | Progress saved to: data\output\cases_results.xlsx
2026-06-23 20:26:08,216 | INFO | Progress index saved: 324
2026-06-23 20:26:08,216 | INFO | Waiting 2s before next case...
2026-06-23 20:26:10,217 | INFO | 
===== Batch item 8/10 =====
2026-06-23 20:26:10,218 | INFO | Real index: 325/1213
2026-06-23 20:26:10,218 | INFO | 
Scraping Case ID: 2510T0118
2026-06-23 20:26:10,218 | INFO | Attempt 1/2
2026-06-23 20:26:10,218 | INFO | Opening main page...
2026-06-23 20:26:11,919 | INFO | Main page URL: https://fjdefile.phila.gov/efsfjd/zk_fjd_public_qry_00.zp_main_idx
2026-06-23 20:26:12,346 | INFO | Search page URL: https://fjdefile.phila.gov/efsfjd/zk_fjd_public_qry_03.zp_dktrpt_setup_idx?uid=w1iZSklPzIolqsSYDxam&o=A3odMUbfT!rzHdb
2026-06-23 20:26:12,347 | INFO | Filling Case ID: 2510T0118
2026-06-23 20:26:12,480 | INFO | Submitting search...
2026-06-23 20:26:57,705 | INFO | Timeout waiting for result. Current URL: https://fjdefile.phila.gov/efsfjd/zk_fjd_public_qry_00.zp_main_idx?uid=w1iZSklPzIolqsSYDxam&o=D6oaJUeiTxozKg8
2026-06-23 20:26:57,847 | INFO | Debug saved: screenshots\redirected_main_page_2510T0118_20260623_202657.png
2026-06-23 20:26:57,847 | INFO | HTML saved: screenshots\redirected_main_page_2510T0118_20260623_202657.html
2026-06-23 20:26:57,847 | INFO | Attempt failed: Redirected to main page instead of result page
2026-06-23 20:26:57,847 | INFO | Waiting 2s before retry...
2026-06-23 20:26:59,848 | INFO | Attempt 2/2
2026-06-23 20:26:59,849 | INFO | Opening main page...
2026-06-23 20:27:01,501 | INFO | Main page URL: https://fjdefile.phila.gov/efsfjd/zk_fjd_public_qry_00.zp_main_idx
2026-06-23 20:27:03,223 | INFO | Search page URL: https://fjdefile.phila.gov/efsfjd/zk_fjd_public_qry_03.zp_dktrpt_setup_idx?uid=w1iZSklPzIolqsSYDxam&o=A3odMUbfT!rzHdb
2026-06-23 20:27:03,224 | INFO | Filling Case ID: 2510T0118
2026-06-23 20:27:03,344 | INFO | Submitting search...
2026-06-23 20:27:48,578 | INFO | Timeout waiting for result. Current URL: https://fjdefile.phila.gov/efsfjd/zk_fjd_public_qry_00.zp_main_idx?uid=w1iZSklPzIolqsSYDxam&o=D6oaJUeiTxozKg8
2026-06-23 20:27:48,746 | INFO | Debug saved: screenshots\redirected_main_page_2510T0118_20260623_202748.png
2026-06-23 20:27:48,747 | INFO | HTML saved: screenshots\redirected_main_page_2510T0118_20260623_202748.html
2026-06-23 20:27:48,747 | INFO | Attempt failed: Redirected to main page instead of result page
2026-06-23 20:27:48,747 | INFO | Failed after 2 attempts. Moving to next case.
2026-06-23 20:27:48,861 | INFO | Progress saved to: data\output\cases_results.xlsx
2026-06-23 20:27:48,863 | INFO | Progress index saved: 325
2026-06-23 20:27:48,863 | INFO | Waiting 2s before next case...
2026-06-23 20:27:50,865 | INFO | 
===== Batch item 9/10 =====
2026-06-23 20:27:50,865 | INFO | Real index: 326/1213
2026-06-23 20:27:50,865 | INFO | 
Scraping Case ID: 2510T0119
2026-06-23 20:27:50,866 | INFO | Attempt 1/2
2026-06-23 20:27:50,866 | INFO | Opening main page...
2026-06-23 20:27:52,570 | INFO | Main page URL: https://fjdefile.phila.gov/efsfjd/zk_fjd_public_qry_00.zp_main_idx
2026-06-23 20:27:53,027 | INFO | Search page URL: https://fjdefile.phila.gov/efsfjd/zk_fjd_public_qry_03.zp_dktrpt_setup_idx?uid=w1iZSklPzIolqsSYDxam&o=A3odMUbfT!rzHdb
2026-06-23 20:27:53,027 | INFO | Filling Case ID: 2510T0119
2026-06-23 20:27:53,156 | INFO | Submitting search...
2026-06-23 20:28:38,363 | INFO | Timeout waiting for result. Current URL: https://fjdefile.phila.gov/efsfjd/zk_fjd_public_qry_00.zp_main_idx?uid=w1iZSklPzIolqsSYDxam&o=D6oaJUeiTxozKg8
2026-06-23 20:28:38,501 | INFO | Debug saved: screenshots\redirected_main_page_2510T0119_20260623_202838.png
2026-06-23 20:28:38,502 | INFO | HTML saved: screenshots\redirected_main_page_2510T0119_20260623_202838.html
2026-06-23 20:28:38,502 | INFO | Attempt failed: Redirected to main page instead of result page
2026-06-23 20:28:38,502 | INFO | Waiting 2s before retry...
2026-06-23 20:28:40,503 | INFO | Attempt 2/2
2026-06-23 20:28:40,504 | INFO | Opening main page...
2026-06-23 20:28:42,131 | INFO | Main page URL: https://fjdefile.phila.gov/efsfjd/zk_fjd_public_qry_00.zp_main_idx
2026-06-23 20:28:42,540 | INFO | Search page URL: https://fjdefile.phila.gov/efsfjd/zk_fjd_public_qry_03.zp_dktrpt_setup_idx?uid=w1iZSklPzIolqsSYDxam&o=A3odMUbfT!rzHdb
2026-06-23 20:28:42,540 | INFO | Filling Case ID: 2510T0119
2026-06-23 20:28:42,661 | INFO | Submitting search...
2026-06-23 20:29:27,841 | INFO | Timeout waiting for result. Current URL: https://fjdefile.phila.gov/efsfjd/zk_fjd_public_qry_00.zp_main_idx?uid=w1iZSklPzIolqsSYDxam&o=D6oaJUeiTxozKg8
2026-06-23 20:29:28,006 | INFO | Debug saved: screenshots\redirected_main_page_2510T0119_20260623_202927.png
2026-06-23 20:29:28,006 | INFO | HTML saved: screenshots\redirected_main_page_2510T0119_20260623_202927.html
2026-06-23 20:29:28,006 | INFO | Attempt failed: Redirected to main page instead of result page
2026-06-23 20:29:28,006 | INFO | Failed after 2 attempts. Moving to next case.
2026-06-23 20:29:28,114 | INFO | Progress saved to: data\output\cases_results.xlsx
2026-06-23 20:29:28,115 | INFO | Progress index saved: 326
2026-06-23 20:29:28,115 | INFO | 
5 failures in a row. Cooling down for 20s...
2026-06-23 20:29:48,116 | INFO | Waiting 2s before next case...
2026-06-23 20:29:50,117 | INFO | 
===== Batch item 10/10 =====
2026-06-23 20:29:50,118 | INFO | Real index: 327/1213
2026-06-23 20:29:50,119 | INFO | 
Scraping Case ID: 2510T0120
2026-06-23 20:29:50,121 | INFO | Attempt 1/2
2026-06-23 20:29:50,121 | INFO | Opening main page...
2026-06-23 20:29:51,847 | INFO | Main page URL: https://fjdefile.phila.gov/efsfjd/zk_fjd_public_qry_00.zp_main_idx
2026-06-23 20:29:52,223 | INFO | Search page URL: https://fjdefile.phila.gov/efsfjd/zk_fjd_public_qry_03.zp_dktrpt_setup_idx?uid=w1iZSklPzIolqsSYDxam&o=A3odMUbfT!rzHdb
2026-06-23 20:29:52,223 | INFO | Filling Case ID: 2510T0120
2026-06-23 20:29:52,333 | INFO | Submitting search...
2026-06-23 20:30:37,527 | INFO | Timeout waiting for result. Current URL: https://fjdefile.phila.gov/efsfjd/zk_fjd_public_qry_00.zp_main_idx?uid=w1iZSklPzIolqsSYDxam&o=D6oaJUeiTxozKg8
2026-06-23 20:30:37,688 | INFO | Debug saved: screenshots\redirected_main_page_2510T0120_20260623_203037.png
2026-06-23 20:30:37,689 | INFO | HTML saved: screenshots\redirected_main_page_2510T0120_20260623_203037.html
2026-06-23 20:30:37,689 | INFO | Attempt failed: Redirected to main page instead of result page
2026-06-23 20:30:37,689 | INFO | Waiting 2s before retry...
2026-06-23 20:30:39,690 | INFO | Attempt 2/2
2026-06-23 20:30:39,690 | INFO | Opening main page...
2026-06-23 20:30:41,390 | INFO | Main page URL: https://fjdefile.phila.gov/efsfjd/zk_fjd_public_qry_00.zp_main_idx
2026-06-23 20:30:41,772 | INFO | Search page URL: https://fjdefile.phila.gov/efsfjd/zk_fjd_public_qry_03.zp_dktrpt_setup_idx?uid=w1iZSklPzIolqsSYDxam&o=A3odMUbfT!rzHdb
2026-06-23 20:30:41,773 | INFO | Filling Case ID: 2510T0120
2026-06-23 20:30:41,888 | INFO | Submitting search...
2026-06-23 20:31:27,112 | INFO | Timeout waiting for result. Current URL: https://fjdefile.phila.gov/efsfjd/zk_fjd_public_qry_00.zp_main_idx?uid=w1iZSklPzIolqsSYDxam&o=D6oaJUeiTxozKg8
2026-06-23 20:31:27,257 | INFO | Debug saved: screenshots\redirected_main_page_2510T0120_20260623_203127.png
2026-06-23 20:31:27,258 | INFO | HTML saved: screenshots\redirected_main_page_2510T0120_20260623_203127.html
2026-06-23 20:31:27,258 | INFO | Attempt failed: Redirected to main page instead of result page
2026-06-23 20:31:27,258 | INFO | Failed after 2 attempts. Moving to next case.
2026-06-23 20:31:27,387 | INFO | Progress saved to: data\output\cases_results.xlsx
2026-06-23 20:31:27,390 | INFO | Progress index saved: 327
2026-06-23 20:31:27,390 | INFO | Waiting 2s before next case...
2026-06-23 20:31:29,391 | INFO | 
Batch done. Output saved to: data\output\cases_results.xlsx
2026-06-23 20:31:29,392 | INFO | Batch complete. Closing browser...
2026-06-23 20:31:41,638 | INFO | Columns found: ['Case ID']
2026-06-23 20:31:41,640 | INFO | Loaded 1213 Case IDs from data\input\case_ids.xlsx
2026-06-23 20:31:41,640 | INFO | Starting from index: 327
2026-06-23 20:31:41,640 | INFO | Processing this batch: 10 cases
2026-06-23 20:31:41,735 | INFO | Loaded existing output rows: 327
2026-06-23 20:31:42,918 | INFO | 
===== Batch item 1/10 =====
2026-06-23 20:31:42,918 | INFO | Real index: 328/1213
2026-06-23 20:31:42,918 | INFO | 
Scraping Case ID: 2510T0121
2026-06-23 20:31:42,919 | INFO | Attempt 1/2
2026-06-23 20:31:42,919 | INFO | Opening main page...
2026-06-23 20:31:46,811 | INFO | Main page URL: https://fjdefile.phila.gov/efsfjd/zk_fjd_public_qry_00.zp_main_idx?uid=C7gRMptKzIolqsSYDxam&o=Lcm2DZmdTxozKg8
2026-06-23 20:31:47,307 | INFO | Search page URL: https://fjdefile.phila.gov/efsfjd/zk_fjd_public_qry_03.zp_dktrpt_setup_idx?uid=C7gRMptKzIolqsSYDxam&o=I9m5GZjaT!rzHdb
2026-06-23 20:31:47,307 | INFO | Filling Case ID: 2510T0121
2026-06-23 20:31:47,450 | INFO | Submitting search...
2026-06-23 20:32:32,626 | INFO | Timeout waiting for result. Current URL: https://fjdefile.phila.gov/efsfjd/zk_fjd_public_qry_00.zp_main_idx?uid=C7gRMptKzIolqsSYDxam&o=Lcm2DZmdTxozKg8
2026-06-23 20:32:32,802 | INFO | Debug saved: screenshots\redirected_main_page_2510T0121_20260623_203232.png
2026-06-23 20:32:32,802 | INFO | HTML saved: screenshots\redirected_main_page_2510T0121_20260623_203232.html
2026-06-23 20:32:32,802 | INFO | Attempt failed: Redirected to main page instead of result page
2026-06-23 20:32:32,802 | INFO | Waiting 2s before retry...
2026-06-23 20:32:34,803 | INFO | Attempt 2/2
2026-06-23 20:32:34,804 | INFO | Opening main page...
2026-06-23 20:32:36,512 | INFO | Main page URL: https://fjdefile.phila.gov/efsfjd/zk_fjd_public_qry_00.zp_main_idx
2026-06-23 20:32:37,009 | INFO | Search page URL: https://fjdefile.phila.gov/efsfjd/zk_fjd_public_qry_03.zp_dktrpt_setup_idx?uid=C7gRMptKzIolqsSYDxam&o=I9m5GZjaT!rzHdb
2026-06-23 20:32:37,010 | INFO | Filling Case ID: 2510T0121
2026-06-23 20:32:37,124 | INFO | Submitting search...
2026-06-23 20:33:22,359 | INFO | Timeout waiting for result. Current URL: https://fjdefile.phila.gov/efsfjd/zk_fjd_public_qry_00.zp_main_idx?uid=C7gRMptKzIolqsSYDxam&o=Lcm2DZmdTxozKg8
2026-06-23 20:33:22,523 | INFO | Debug saved: screenshots\redirected_main_page_2510T0121_20260623_203322.png
2026-06-23 20:33:22,524 | INFO | HTML saved: screenshots\redirected_main_page_2510T0121_20260623_203322.html
2026-06-23 20:33:22,524 | INFO | Attempt failed: Redirected to main page instead of result page
2026-06-23 20:33:22,524 | INFO | Failed after 2 attempts. Moving to next case.
2026-06-23 20:33:22,714 | INFO | Progress saved to: data\output\cases_results.xlsx
2026-06-23 20:33:22,715 | INFO | Progress index saved: 328
2026-06-23 20:33:22,715 | INFO | Waiting 2s before next case...
2026-06-23 20:33:24,716 | INFO | 
===== Batch item 2/10 =====
2026-06-23 20:33:24,717 | INFO | Real index: 329/1213
2026-06-23 20:33:24,717 | INFO | 
Scraping Case ID: 2510T0122
2026-06-23 20:33:24,717 | INFO | Attempt 1/2
2026-06-23 20:33:24,717 | INFO | Opening main page...
2026-06-23 20:33:26,486 | INFO | Main page URL: https://fjdefile.phila.gov/efsfjd/zk_fjd_public_qry_00.zp_main_idx
2026-06-23 20:33:27,335 | INFO | Search page URL: https://fjdefile.phila.gov/efsfjd/zk_fjd_public_qry_03.zp_dktrpt_setup_idx?uid=C7gRMptKzIolqsSYDxam&o=I9m5GZjaT!rzHdb
2026-06-23 20:33:27,336 | INFO | Filling Case ID: 2510T0122
2026-06-23 20:33:27,508 | INFO | Submitting search...
2026-06-23 20:33:30,436 | INFO | Result URL: https://fjdefile.phila.gov/efsfjd/zk_fjd_public_qry_03.zp_dktrpt_search
2026-06-23 20:33:30,670 | INFO | Progress saved to: data\output\cases_results.xlsx
2026-06-23 20:33:30,672 | INFO | Progress index saved: 329
2026-06-23 20:33:30,673 | INFO | Waiting 2s before next case...
2026-06-23 20:33:32,674 | INFO | 
===== Batch item 3/10 =====
2026-06-23 20:33:32,675 | INFO | Real index: 330/1213
2026-06-23 20:33:32,675 | INFO | 
Scraping Case ID: 2510T0123
2026-06-23 20:33:32,675 | INFO | Attempt 1/2
2026-06-23 20:33:32,675 | INFO | Opening main page...
2026-06-23 20:33:34,252 | INFO | Main page URL: https://fjdefile.phila.gov/efsfjd/zk_fjd_public_qry_00.zp_main_idx
2026-06-23 20:33:34,708 | INFO | Search page URL: https://fjdefile.phila.gov/efsfjd/zk_fjd_public_qry_03.zp_dktrpt_setup_idx?uid=C7gRMptKzIolqsSYDxam&o=I9m5GZjaT!rzHdb
2026-06-23 20:33:34,708 | INFO | Filling Case ID: 2510T0123
2026-06-23 20:33:34,840 | INFO | Submitting search...
2026-06-23 20:33:36,449 | INFO | Result URL: https://fjdefile.phila.gov/efsfjd/zk_fjd_public_qry_03.zp_dktrpt_search
2026-06-23 20:33:36,585 | INFO | Progress saved to: data\output\cases_results.xlsx
2026-06-23 20:33:36,587 | INFO | Progress index saved: 330
2026-06-23 20:33:36,588 | INFO | Waiting 2s before next case...
2026-06-23 20:33:38,589 | INFO | 
===== Batch item 4/10 =====
2026-06-23 20:33:38,589 | INFO | Real index: 331/1213
2026-06-23 20:33:38,590 | INFO | 
Scraping Case ID: 2510T0124
2026-06-23 20:33:38,590 | INFO | Attempt 1/2
2026-06-23 20:33:38,590 | INFO | Opening main page...
2026-06-23 20:33:39,921 | INFO | Main page URL: https://fjdefile.phila.gov/efsfjd/zk_fjd_public_qry_00.zp_main_idx
2026-06-23 20:33:40,290 | INFO | Search page URL: https://fjdefile.phila.gov/efsfjd/zk_fjd_public_qry_03.zp_dktrpt_setup_idx?uid=C7gRMptKzIolqsSYDxam&o=I9m5GZjaT!rzHdb
2026-06-23 20:33:40,290 | INFO | Filling Case ID: 2510T0124
2026-06-23 20:33:40,423 | INFO | Submitting search...
2026-06-23 20:34:25,662 | INFO | Timeout waiting for result. Current URL: https://fjdefile.phila.gov/efsfjd/zk_fjd_public_qry_00.zp_main_idx?uid=C7gRMptKzIolqsSYDxam&o=Lcm2DZmdTxozKg8
2026-06-23 20:34:25,819 | INFO | Debug saved: screenshots\redirected_main_page_2510T0124_20260623_203425.png
2026-06-23 20:34:25,820 | INFO | HTML saved: screenshots\redirected_main_page_2510T0124_20260623_203425.html
2026-06-23 20:34:25,820 | INFO | Attempt failed: Redirected to main page instead of result page
2026-06-23 20:34:25,820 | INFO | Waiting 2s before retry...
2026-06-23 20:34:27,821 | INFO | Attempt 2/2
2026-06-23 20:34:27,821 | INFO | Opening main page...
2026-06-23 20:34:29,534 | INFO | Main page URL: https://fjdefile.phila.gov/efsfjd/zk_fjd_public_qry_00.zp_main_idx
2026-06-23 20:34:29,991 | INFO | Search page URL: https://fjdefile.phila.gov/efsfjd/zk_fjd_public_qry_03.zp_dktrpt_setup_idx?uid=C7gRMptKzIolqsSYDxam&o=I9m5GZjaT!rzHdb
2026-06-23 20:34:29,992 | INFO | Filling Case ID: 2510T0124
2026-06-23 20:34:30,115 | INFO | Submitting search...
2026-06-23 20:34:40,567 | INFO | Attempt failed: Page.wait_for_selector: Target page, context or browser has been closed
Call log:
  - waiting for locator("a[name=\"description\"]") to be visible
    - waiting for" https://fjdefile.phila.gov/efsfjd/zk_fjd_public_qry_03.zp_dktrpt_search" navigation to finish...
    - navigated to "https://fjdefile.phila.gov/efsfjd/zk_fjd_public_qry_00.zp_main_idx?uid=C7gRMptKzIolqsSYDxam&o=Lcm2DZmdTxozKg8"

2026-06-23 20:34:40,568 | INFO | Failed after 2 attempts. Moving to next case.
2026-06-23 20:34:40,743 | INFO | Progress saved to: data\output\cases_results.xlsx
2026-06-23 20:34:40,744 | INFO | Progress index saved: 331
2026-06-23 20:34:40,744 | INFO | Waiting 2s before next case...
2026-06-23 20:34:42,745 | INFO | 
===== Batch item 5/10 =====
2026-06-23 20:34:42,745 | INFO | Real index: 332/1213
2026-06-23 20:34:42,745 | INFO | 
Scraping Case ID: 2510T0125
2026-06-23 20:34:42,745 | INFO | Attempt 1/2
2026-06-23 20:34:42,746 | INFO | Opening main page...
2026-06-23 20:34:42,748 | INFO | Attempt failed: Page.goto: Target page, context or browser has been closed
2026-06-23 20:34:42,748 | INFO | Waiting 2s before retry...
2026-06-23 20:34:44,750 | INFO | Attempt 2/2
2026-06-23 20:34:44,750 | INFO | Opening main page...
2026-06-23 20:34:44,752 | INFO | Attempt failed: Page.goto: Target page, context or browser has been closed
2026-06-23 20:34:44,753 | INFO | Failed after 2 attempts. Moving to next case.
2026-06-23 20:34:44,871 | INFO | Progress saved to: data\output\cases_results.xlsx
2026-06-23 20:34:44,872 | INFO | Progress index saved: 332
2026-06-23 20:34:44,872 | INFO | Waiting 2s before next case...
2026-06-23 20:34:45,183 | INFO | Batch complete. Closing browser...
